scrape_id,store,product_name,brand,current_price,original_price,currency,product_type,category,subcategory,weight_value,weight_unit,discount,product_url,availability,scraped_at
1,Seoudi Supermarket,Americana Tuna Chunks in Oil,Americana,55.95,,EGP,Canned Food,Canned Food,Canned Fish,140,g,,https://seoudisupermarket.com/en/americana-tuna-chunks-in-oil-140-g,In Stock,9/14/2026 18:55
2,Seoudi Supermarket,Sunshine Spicy Tuna Slices,Sunshine,84.95,,EGP,Canned Food,Canned Food,Canned Fish,120,g,,https://seoudisupermarket.com/en/sunshine-spicy-tuna-slices-120-g,In Stock,9/14/2026 18:55
3,Seoudi Supermarket,Seoudi Yellowfin Tuna Solid in Oil & Brine - 3 Pieces,Seoudi,237.45,,EGP,Canned Food,Canned Food,Canned Fish,185,g,,https://seoudisupermarket.com/en/seoudi-yellowfin-tuna-solid-in-oil-and-brine-185g-3-pieces,In Stock,9/14/2026 18:55
4,Seoudi Supermarket,Seoudi Yellowfin Tuna Chunks in Oil & Brine - 3 Pieces,Seoudi,210.45,,EGP,Canned Food,Canned Food,Canned Fish,170,g,,https://seoudisupermarket.com/en/seoudi-yellowfin-tuna-chunks-in-oil-and-brine-170g-3-pieces,In Stock,9/14/2026 18:55
5,Seoudi Supermarket,Cava Smoked Tuna Chunks,Cava,87.95,,EGP,Canned Food,Canned Food,Canned Fish,170,g,,https://seoudisupermarket.com/en/cava-smoked-tuna-chunks-170-g,In Stock,9/14/2026 18:55
6,Seoudi Supermarket,Dolphin Tuna Chunks Diet Easy Open,Dolphin,76.45,,EGP,Canned Food,Canned Food,Canned Fish,170,g,,https://seoudisupermarket.com/en/dolphin-tuna-chunks-diet-easy-open-170-g,In Stock,9/14/2026 18:55
7,Seoudi Supermarket,Seoudi Yellowfin Tuna Solid in Oil & Brine,Seoudi,87.95,,EGP,Canned Food,Canned Food,Canned Fish,185,g,,https://seoudisupermarket.com/en/seoudi-yellowfin-tuna-solid-in-oil-brine-185-g,In Stock,9/14/2026 18:55
8,Seoudi Supermarket,"Seoudi Yellowfin Tuna Solid in Brine, Light",Seoudi,87.95,,EGP,Canned Food,Canned Food,Canned Fish,185,g,,https://seoudisupermarket.com/en/seoudi-yellowfin-tuna-solid-in-brine-light-185-g,In Stock,9/14/2026 18:55
9,Seoudi Supermarket,Seoudi Yellowfin Tuna Chunks in Oil & Brine,Seoudi,77.95,,EGP,Canned Food,Canned Food,Canned Fish,170,g,,https://seoudisupermarket.com/en/seoudi-yellowfin-tuna-chunks-in-oil-brine-170-g,In Stock,9/14/2026 18:55
10,Seoudi Supermarket,Cava Tuna Solid in Olive Oil,Cava,90.95,,EGP,Canned Food,Canned Food,Canned Fish,185,g,,https://seoudisupermarket.com/en/cava-tuna-solid-in-olive-oil-185-g,In Stock,9/14/2026 18:55
11,Seoudi Supermarket,Al Serag Tuna Chunks Easy Open,Al Serag,62.95,64.95,EGP,Canned Food,Canned Food,Canned Fish,185,g,3,https://seoudisupermarket.com/en/al-serag-tuna-chunks-easy-open-185-g,In Stock,9/14/2026 18:55
12,Seoudi Supermarket,Al Serag Solid Tuna,Al Serag,61.95,72.95,EGP,Canned Food,Canned Food,Canned Fish,200,g,15,https://seoudisupermarket.com/en/al-serag-solid-tuna-200-g,In Stock,9/14/2026 18:55
13,Seoudi Supermarket,"Rose Tuna Chunks with Pepper, Easy Open",Rose Garden,79.95,,EGP,Canned Food,Canned Food,Canned Fish,185,g,,https://seoudisupermarket.com/en/rose-tuna-chunks-with-pepper-easy-open-185-g,In Stock,9/14/2026 18:55
14,Seoudi Supermarket,Heinz Tuna Chunks in Sunflower Oil,Heinz,83.95,,EGP,Canned Food,Canned Food,Canned Fish,185,g,,https://seoudisupermarket.com/en/heinz-tuna-chunks-in-sunflower-oil-185-g,In Stock,9/14/2026 18:55
15,Seoudi Supermarket,Heinz Tuna Chunks in Brine,Heinz,80.95,,EGP,Canned Food,Canned Food,Canned Fish,185,g,,https://seoudisupermarket.com/en/heinz-tuna-chunks-in-brine-185-g,In Stock,9/14/2026 18:55
16,Seoudi Supermarket,Heinz Solid Tuna in Sunflower Oil,Heinz,87.95,,EGP,Canned Food,Canned Food,Canned Fish,185,g,,https://seoudisupermarket.com/en/heinz-solid-tuna-in-sunflower-oil-185-g,In Stock,9/14/2026 18:55
17,Seoudi Supermarket,Cava One Piece Diet Tuna,Cava,84.95,,EGP,Canned Food,Canned Food,Canned Fish,185,g,,https://seoudisupermarket.com/en/cava-one-piece-diet-tuna-185-g,In Stock,9/14/2026 18:55
18,Seoudi Supermarket,Mario Easy Open Tuna Chunks,Mario,45.95,,EGP,Canned Food,Canned Food,Canned Fish,140,g,,https://seoudisupermarket.com/en/mario-easy-open-tuna-chunks-140-g,In Stock,9/14/2026 18:55
19,Seoudi Supermarket,Sunshine Shredded Tuna,Sunshine,25.75,,EGP,Canned Food,Canned Food,Canned Fish,95,g,,https://seoudisupermarket.com/en/sunshine-shredded-tuna-95-g,In Stock,9/14/2026 18:55
20,Seoudi Supermarket,Rose Tuna Chunks,Rose Garden,74.45,,EGP,Canned Food,Canned Food,Canned Fish,185,g,,https://seoudisupermarket.com/en/rose-tuna-chunks-185-g,In Stock,9/14/2026 18:55
21,Seoudi Supermarket,Rose Tuna Diet One Piece,Rose Garden,87.95,,EGP,Canned Food,Canned Food,Canned Fish,200,g,,https://seoudisupermarket.com/en/rose-tuna-diet-one-piece-200-g,In Stock,9/14/2026 18:55
22,Seoudi Supermarket,Americana Chunks Tuna Meat In Soy Bean Oil And Brine,Americana,55.95,,EGP,Canned Food,Canned Food,Canned Fish,140,g,,https://seoudisupermarket.com/en/americana-chunks-tuna-meat-in-soy-bean-oil-and-brine-140-g,In Stock,9/14/2026 18:55
23,Seoudi Supermarket,Dolphin Tuna Chunks,Dolphin,69.95,76.45,EGP,Canned Food,Canned Food,Canned Fish,185,g,9,https://seoudisupermarket.com/en/dolphin-tuna-chunks-185-g,In Stock,9/14/2026 18:55
24,Seoudi Supermarket,Sunshine Express Tuna Chunks,Sunshine,50.95,,EGP,Canned Food,Canned Food,Canned Fish,150,g,,https://seoudisupermarket.com/en/sunshine-express-tuna-chunks-150-g,In Stock,9/14/2026 18:55
25,Seoudi Supermarket,Sunshine Hot Shredded Tuna,Sunshine,40.95,,EGP,Canned Food,Canned Food,Canned Fish,185,g,,https://seoudisupermarket.com/en/sunshine-hot-shredded-tuna-185-g,In Stock,9/14/2026 18:55
26,Seoudi Supermarket,Dolphin Tuna One Piece,Dolphin,74.95,83.45,EGP,Canned Food,Canned Food,Canned Fish,200,g,10,https://seoudisupermarket.com/en/dolphin-tuna-one-piece-200-g,In Stock,9/14/2026 18:55
27,Seoudi Supermarket,Fisherman Light Solid Tuna In Sunflower Oil With Brine,Fisherman,90.95,,EGP,Canned Food,Canned Food,Canned Fish,170,g,,https://seoudisupermarket.com/en/fisherman-light-solid-tuna-in-sunflower-oil-with-brine-170-g,In Stock,9/14/2026 18:55
28,Seoudi Supermarket,Sunshine Tuna Chunks with Lemon & Chili,Sunshine,74.95,,EGP,Canned Food,Canned Food,Canned Fish,170,g,,https://seoudisupermarket.com/en/sunshine-tuna-chunks-with-lemon-and-chili-170-g,In Stock,9/14/2026 18:55
29,Seoudi Supermarket,Rose Khoshala Light Tuna meat,Rose Garden,87.95,,EGP,Canned Food,Canned Food,Canned Fish,200,g,,https://seoudisupermarket.com/en/rose-khoshala-light-tuna-meat-200-g,In Stock,9/14/2026 18:55
30,Seoudi Supermarket,Sunshine Smoked Tuna Slices,Sunshine,84.95,,EGP,Canned Food,Canned Food,Canned Fish,120,g,,https://seoudisupermarket.com/en/sunshine-smoked-tuna-slices-120-g,In Stock,9/14/2026 18:55
31,Seoudi Supermarket,Sunshine Fancy Tuna Chunks in Pure Olive Oil,Sunshine,79.95,,EGP,Canned Food,Canned Food,Canned Fish,170,g,,https://seoudisupermarket.com/en/sunshine-fancy-tuna-chunks-in-pure-olive-oil-170-g,In Stock,9/14/2026 18:55
32,Seoudi Supermarket,Sunshine Spicy Tuna with Chili Pepper,Sunshine,74.95,,EGP,Canned Food,Canned Food,Canned Fish,170,g,,https://seoudisupermarket.com/en/sunshine-spicy-tuna-with-chili-pepper-170-g,In Stock,9/14/2026 18:55
33,Seoudi Supermarket,Cava Tuna Chunks,Cava,74.95,,EGP,Canned Food,Canned Food,Canned Fish,170,g,,https://seoudisupermarket.com/en/cava-tuna-chunks-170-g,In Stock,9/14/2026 18:55
34,Seoudi Supermarket,T.C Boy Tuna Chunks,T.C Boy,76.95,81.95,EGP,Canned Food,Canned Food,Canned Fish,185,g,6,https://seoudisupermarket.com/en/t-c-boy-tuna-chunks-185-g,In Stock,9/14/2026 18:55
35,Seoudi Supermarket,Rio Mare Light Tuna Meat in Olive Oil,Rio Mare,274.95,,EGP,Canned Food,Canned Food,Canned Fish,160,g,,https://seoudisupermarket.com/en/rio-mare-light-tuna-meat-in-olive-oil-160-g,In Stock,9/14/2026 18:55
36,Seoudi Supermarket,Rio Mare Light Tuna,Rio Mare,274.95,,EGP,Canned Food,Canned Food,Canned Fish,160,g,,https://seoudisupermarket.com/en/rio-mare-light-tuna-160-g,In Stock,9/14/2026 18:55
37,Seoudi Supermarket,Rio Mare Light Tuna Meat in Olive Oil - 3 Pieces,Rio Mare,409.95,,EGP,Canned Food,Canned Food,Canned Fish,80,g,,https://seoudisupermarket.com/en/rio-mare-light-tuna-meat-in-olive-oil-80-g-3-pieces,In Stock,9/14/2026 18:55
38,Seoudi Supermarket,Sunshine Regular Tuna Lobes,Sunshine,74.95,,EGP,Canned Food,Canned Food,Canned Fish,170,g,,https://seoudisupermarket.com/en/sunshine-regular-tuna-lobes-170-g,In Stock,9/14/2026 18:55
39,Seoudi Supermarket,Bostany Tuna Chunks,Bostany,85.95,,EGP,Canned Food,Canned Food,Canned Fish,185,g,,https://seoudisupermarket.com/en/bostany-tuna-chunks-185-g,In Stock,9/14/2026 18:55
40,Seoudi Supermarket,Sunshine Shredded Tuna,Sunshine,40.95,,EGP,Canned Food,Canned Food,Canned Fish,185,g,,https://seoudisupermarket.com/en/sunshine-shredded-tuna-185-g,In Stock,9/14/2026 18:55
41,Seoudi Supermarket,Cava One Piece Tuna,Cava,84.95,,EGP,Canned Food,Canned Food,Canned Fish,185,g,,https://seoudisupermarket.com/en/cava-one-piece-tuna-185-g,In Stock,9/14/2026 18:55
42,Seoudi Supermarket,Cava Classic Sardines,Cava,51.45,,EGP,Canned Food,Canned Food,Canned Fish,125,g,,https://seoudisupermarket.com/en/cava-classic-sardines-125-g,In Stock,9/14/2026 18:55
43,Seoudi Supermarket,Americana Shredded Tuna,Americana,31.95,,EGP,Canned Food,Canned Food,Canned Fish,140,g,,https://seoudisupermarket.com/en/americana-shredded-tuna-140-g,In Stock,9/14/2026 18:55
44,Seoudi Supermarket,La Baliza Anchovies in Sunflower Oil,La Baliza,87.95,,EGP,Canned Food,Canned Food,Canned Fish,50,g,,https://seoudisupermarket.com/en/la-baliza-anchovies-in-sunflower-oil-50-g,In Stock,9/14/2026 18:55
45,Seoudi Supermarket,Sunshine Express Tuna One Piece,Sunshine,56.25,,EGP,Canned Food,Canned Food,Canned Fish,160,g,,https://seoudisupermarket.com/en/sunshine-express-tuna-one-piece-160-g,In Stock,9/14/2026 18:55
46,Seoudi Supermarket,Sunshine Fancy One Piece Tuna,Sunshine,79.95,,EGP,Canned Food,Canned Food,Canned Fish,185,g,,https://seoudisupermarket.com/en/sunshine-fancy-one-piece-tuna-185-g,In Stock,9/14/2026 18:55
47,Seoudi Supermarket,Sunshine Diet Tuna Chunks,Sunshine,69.95,,EGP,Canned Food,Canned Food,Canned Fish,185,g,,https://seoudisupermarket.com/en/sunshine-diet-tuna-chunks-185-g,In Stock,9/14/2026 18:55
48,Seoudi Supermarket,Sunshine Tuna Chunks,Sunshine,69.95,,EGP,Canned Food,Canned Food,Canned Fish,185,g,,https://seoudisupermarket.com/en/sunshine-tuna-chunks-185-g,In Stock,9/14/2026 18:55
49,Seoudi Supermarket,Sunshine Solid Tuna,Sunshine,74.95,,EGP,Canned Food,Canned Food,Canned Fish,200,g,,https://seoudisupermarket.com/en/sunshine-solid-tuna-200-g,In Stock,9/14/2026 18:55
50,Seoudi Supermarket,Sunshine Tuna Chunks with Chili,Sunshine,69.95,,EGP,Canned Food,Canned Food,Canned Fish,185,g,,https://seoudisupermarket.com/en/sunshine-tuna-chunks-with-chili-185-g,In Stock,9/14/2026 18:55
51,Seoudi Supermarket,Sunshine Mackerel,Sunshine,35.75,,EGP,Canned Food,Canned Food,Canned Fish,145,g,,https://seoudisupermarket.com/en/sunshine-mackerel-145-g,In Stock,9/14/2026 18:55
52,Seoudi Supermarket,Sunshine Mackerel in Natural Oil and Brine,Sunshine,84.75,,EGP,Canned Food,Canned Food,Canned Fish,350,g,,https://seoudisupermarket.com/en/sunshine-mackerel-in-natural-oil-and-brine-350-g,In Stock,9/14/2026 18:55
53,Seoudi Supermarket,T.C Boy Tuna Chunks,T.C Boy,62.95,71.95,EGP,Canned Food,Canned Food,Canned Fish,185,g,13,https://seoudisupermarket.com/en/t-c-boy-tuna-chunk-185-g,In Stock,9/14/2026 18:55
54,Seoudi Supermarket,T.C Boy One Piece Tuna,T.C Boy,73.95,79.95,EGP,Canned Food,Canned Food,Canned Fish,200,g,8,https://seoudisupermarket.com/en/tc-boy-one-piece-tuna-200-g,In Stock,9/14/2026 18:55
55,Seoudi Supermarket,Americana Moroccan Sardines,Americana,37.75,,EGP,Canned Food,Canned Food,Canned Fish,125,g,,https://seoudisupermarket.com/en/americana-moroccan-sardines-125-g,In Stock,9/14/2026 18:55
56,Seoudi Supermarket,Founty Sardines in Vegetables Oil,Founty,51.95,,EGP,Canned Food,Canned Food,Canned Fish,125,g,,https://seoudisupermarket.com/en/founty-sardines-in-vegetables-oil-125-g,In Stock,9/14/2026 18:55
57,Seoudi Supermarket,Sunshine Sardines,Sunshine,60.95,,EGP,Canned Food,Canned Food,Canned Fish,125,g,,https://seoudisupermarket.com/en/sunshine-sardines-125-g,In Stock,9/14/2026 18:55
58,Seoudi Supermarket,A.M.R Morocon Sardines,A.M.R,58.45,,EGP,Canned Food,Canned Food,Canned Fish,125,g,,https://seoudisupermarket.com/en/amr-morocon-sardines-125-g,In Stock,9/14/2026 18:55
59,Seoudi Supermarket,Sunshine Hot Sardines,Sunshine,60.95,,EGP,Canned Food,Canned Food,Canned Fish,125,g,,https://seoudisupermarket.com/en/sunshine-hot-sardines-125-g,In Stock,9/14/2026 18:55
60,Seoudi Supermarket,John West Infusions Tuna With Chili & Garlic,John West,134.95,149.95,EGP,Canned Food,Canned Food,Canned Fish,80,g,10,https://seoudisupermarket.com/en/john-west-infusions-tuna-with-chili-garlic-80-g,Out of Stock,9/14/2026 18:55
61,Seoudi Supermarket,John West Infusions Tuna With Basil,John West,134.95,149.95,EGP,Canned Food,Canned Food,Canned Fish,80,g,10,https://seoudisupermarket.com/en/john-west-infusions-tuna-with-basil-80-g,Out of Stock,9/14/2026 18:55
62,Seoudi Supermarket,John West Tuna With Tomato,John West,134.95,149.95,EGP,Canned Food,Canned Food,Canned Fish,80,g,10,https://seoudisupermarket.com/en/john-west-tuna-with-tomato-80-g,Out of Stock,9/14/2026 18:55
63,Seoudi Supermarket,John West Tuna With Sweet Chili,John West,134.95,149.95,EGP,Canned Food,Canned Food,Canned Fish,80,g,10,https://seoudisupermarket.com/en/john-west-tuna-with-sweet-chili-80-g,Out of Stock,9/14/2026 18:55
64,Seoudi Supermarket,John West Sweet Chili Tuna,John West,49.95,,EGP,Canned Food,Canned Food,Canned Fish,80,g,,https://seoudisupermarket.com/en/john-west-sweet-chili-tuna-80-g,Out of Stock,9/14/2026 18:55
65,Seoudi Supermarket,TC Boy Diet Tuna Chunks,T.C Boy,62.95,71.95,EGP,Canned Food,Canned Food,Canned Fish,185,g,13,https://seoudisupermarket.com/en/tc-boy-diet-tuna-chunks-185-g,Out of Stock,9/14/2026 18:55
66,Seoudi Supermarket,John West Skinless and Boneless Mackerel in Tomato Sauce,John West,119.95,,EGP,Canned Food,Canned Food,Canned Fish,115,g,,https://seoudisupermarket.com/en/john-west-skinless-and-boneless-mackerel-in-tomato-sauce-115-g,Out of Stock,9/14/2026 18:55
67,Seoudi Supermarket,John West Tuna Chunks in Sunflower Oil,John West,112.95,,EGP,Canned Food,Canned Food,Canned Fish,170,g,,https://seoudisupermarket.com/en/john-west-tuna-chunks-in-sunflower-170-g,Out of Stock,9/14/2026 18:55
68,Seoudi Supermarket,Cava Tuna Pasta Salad,Cava,129.95,,EGP,Canned Food,Canned Food,Canned Fish,160,g,,https://seoudisupermarket.com/en/cava-tuna-pasta-salad-160-g,Out of Stock,9/14/2026 18:55
69,Seoudi Supermarket,Cava Mexican Tuna Salad,Cava,129.95,,EGP,Canned Food,Canned Food,Canned Fish,160,g,,https://seoudisupermarket.com/en/cava-mexican-tuna-salad-160-g,Out of Stock,9/14/2026 18:55
70,Seoudi Supermarket,John West Tuna Steak,John West,134.95,,EGP,Canned Food,Canned Food,Canned Fish,160,g,,https://seoudisupermarket.com/en/john-west-tuna-steak-160-g,Out of Stock,9/14/2026 18:55
71,Seoudi Supermarket,John West White Meat Tuna Chunks in Sunflower Oil - 3 Pieces,John West,290.45,,EGP,Canned Food,Canned Food,Canned Fish,170,g,,https://seoudisupermarket.com/en/john-west-white-meat-tuna-chunks-in-sunflower-oil-170g-3-pieces,Out of Stock,9/14/2026 18:55
72,Seoudi Supermarket,John West White Meat Tuna Solid in Sunflower Oil - 3 Pieces,John West,302.45,,EGP,Canned Food,Canned Food,Canned Fish,170,g,,https://seoudisupermarket.com/en/john-west-white-meat-tuna-solid-in-sunflower-oil-170g-3-pieces,Out of Stock,9/14/2026 18:55
73,Seoudi Supermarket,John West White Meat Tuna Solid in Sunflower Oil,John West,117.45,,EGP,Canned Food,Canned Food,Canned Fish,170,g,,https://seoudisupermarket.com/en/john-west-white-meat-tuna-solid-in-sunflower-oil-170g,Out of Stock,9/14/2026 18:55
74,Seoudi Supermarket,John West White Meat Tuna Solid in Water,John West,113.95,,EGP,Canned Food,Canned Food,Canned Fish,170,g,,https://seoudisupermarket.com/en/john-west-white-meat-tuna-solid-in-water-170-g,Out of Stock,9/14/2026 18:55
75,Seoudi Supermarket,John West Tuna Chunks - Pack of 3,John West,217.45,,EGP,Canned Food,Canned Food,Canned Fish,80,g,,https://seoudisupermarket.com/en/john-west-tuna-chunks-80-g-pack-of-3,Out of Stock,9/14/2026 18:55
76,Seoudi Supermarket,John West Tuna Chunks in Sunflower Oil,John West,114.95,,EGP,Canned Food,Canned Food,Canned Fish,145,g,,https://seoudisupermarket.com/en/%D8%AC%D9%88%D9%86-%D9%88%D9%8A%D8%B3%D8%AA-%D8%AA%D9%88%D9%86%D8%A9-%D9%82%D8%B7%D8%B9-145%D8%AC%D9%85,Out of Stock,9/14/2026 18:55
77,Seoudi Supermarket,John West On The Go Light Mexican Tuna Bean Salad,John West,173.95,,EGP,Canned Food,Canned Food,Canned Fish,220,g,,https://seoudisupermarket.com/en/%D8%AC%D9%88%D9%86-%D9%88%D9%8A%D8%B3%D8%AA-%D8%B3%D9%84%D8%A7%D8%AA%D9%88%D9%86%D8%A9-%D9%85%D9%83%D8%B3%D9%8A%D9%83%D9%89-220%D8%AC%D9%85,Out of Stock,9/14/2026 18:55
78,Seoudi Supermarket,Rose Garden Tuna Chunks,Rose Garden,43.75,,EGP,Canned Food,Canned Food,Canned Fish,140,g,,https://seoudisupermarket.com/en/rose-garden-tuna-chunks-140-g,Out of Stock,9/14/2026 18:55
79,Seoudi Supermarket,John West Tuna with Mayonnaise & Corn,John West,49.95,,EGP,Canned Food,Canned Food,Canned Fish,80,g,,https://seoudisupermarket.com/en/john-west-tuna-with-mayonnaise-and-corn-80-g,Out of Stock,9/14/2026 18:55
80,Seoudi Supermarket,John West Mexican Mix Tuna,John West,49.95,,EGP,Canned Food,Canned Food,Canned Fish,80,g,,https://seoudisupermarket.com/en/john-west-mexican-mix-tuna-80-g,Out of Stock,9/14/2026 18:55
81,Seoudi Supermarket,John West Mediterranean Tuna,John West,49.95,,EGP,Canned Food,Canned Food,Canned Fish,80,g,,https://seoudisupermarket.com/en/john-west-mediterranean-tuna-80-g,Out of Stock,9/14/2026 18:55
82,Seoudi Supermarket,John West Salmon & Chickpea Salad,John West,179.95,,EGP,Canned Food,Canned Food,Canned Fish,220,g,,https://seoudisupermarket.com/en/john-west-salmon-and-chickpea-salad-220-g,Out of Stock,9/14/2026 18:55
83,Seoudi Supermarket,John West Tuna Salad with Rice & Vegetables,John West,179.95,,EGP,Canned Food,Canned Food,Canned Fish,220,g,,https://seoudisupermarket.com/en/john-west-tuna-salad-with-rice-and-vegetables-220-g,Out of Stock,9/14/2026 18:55
84,Seoudi Supermarket,John West Italian Tuna Salad,John West,173.95,,EGP,Canned Food,Canned Food,Canned Fish,220,g,,https://seoudisupermarket.com/en/john-west-italian-tuna-salad-220-g,Out of Stock,9/14/2026 18:55
85,Seoudi Supermarket,John West Jalapeno Tuna,John West,134.95,149.95,EGP,Canned Food,Canned Food,Canned Fish,80,g,10,https://seoudisupermarket.com/en/john-west-jalapeno-tuna-80-g,Out of Stock,9/14/2026 18:55
86,Seoudi Supermarket,John West Tuna Chunks in Sunflower Oil - Pack of 3,John West,217.45,,EGP,Canned Food,Canned Food,Canned Fish,,,,https://seoudisupermarket.com/en/john-west-tuna-chunks-in-sunflower-oil-pack-of-3,Out of Stock,9/14/2026 18:55
87,Seoudi Supermarket,John West Diet Tuna Chunks,John West,114.95,,EGP,Canned Food,Canned Food,Canned Fish,145,g,,https://seoudisupermarket.com/en/john-west-diet-tuna-chunks-145-g,Out of Stock,9/14/2026 18:55
88,Seoudi Supermarket,California Garden Tuna Slices with Black Pepper & Lemon,California Garden,103.45,,EGP,Canned Food,Canned Food,Canned Fish,120,g,,https://seoudisupermarket.com/en/california-garden-tuna-slices-with-black-pepper-and-lemon-120-g,Out of Stock,9/14/2026 18:55
89,Seoudi Supermarket,California Garden Smoked Tuna Slices in Sunflower Oil,California Garden,117.75,,EGP,Canned Food,Canned Food,Canned Fish,120,g,,https://seoudisupermarket.com/en/california-garden-smoked-tuna-slices-in-sunflower-oil-120-g,Out of Stock,9/14/2026 18:55
90,Seoudi Supermarket,California Garden Tuna Slices in Sunflower Oil,California Garden,103.45,,EGP,Canned Food,Canned Food,Canned Fish,120,g,,https://seoudisupermarket.com/en/california-garden-tuna-slices-in-sunflower-oil-120-g,Out of Stock,9/14/2026 18:55
91,Seoudi Supermarket,California Garden Solid Tuna,California Garden,68.75,,EGP,Canned Food,Canned Food,Canned Fish,185,g,,https://seoudisupermarket.com/en/california-garden-solid-tuna-185-g,Out of Stock,9/14/2026 18:55
92,Seoudi Supermarket,John West Greek Tuna Pasta Salad,John West,179.95,,EGP,Canned Food,Canned Food,Canned Fish,220,g,,https://seoudisupermarket.com/en/john-west-greek-tuna-pasta-salad-220-g,Out of Stock,9/14/2026 18:55
93,Seoudi Supermarket,John West Tuna Noodle Pot with Green Curry,John West,199.95,,EGP,Canned Food,Canned Food,Canned Fish,118,g,,https://seoudisupermarket.com/en/john-west-tuna-noodle-pot-with-green-curry-118-g,Out of Stock,9/14/2026 18:55
94,Seoudi Supermarket,John West Tuna with Chili & Garlic Couscous,John West,199.95,,EGP,Canned Food,Canned Food,Canned Fish,120,g,,https://seoudisupermarket.com/en/john-west-tuna-with-chili-and-garlic-couscous-120-g,Out of Stock,9/14/2026 18:55
95,Seoudi Supermarket,John West Honey & Ginger Tuna Salad with Couscous and Chickpeas,John West,173.95,,EGP,Canned Food,Canned Food,Canned Fish,220,g,,https://seoudisupermarket.com/en/john-west-honey-and-ginger-tuna-salad-with-couscous-and-chickpeas-220-g,Out of Stock,9/14/2026 18:55
96,Seoudi Supermarket,John West Indian Tuna Salad with Couscous and Lentils,John West,173.95,,EGP,Canned Food,Canned Food,Canned Fish,220,g,,https://seoudisupermarket.com/en/john-west-indian-tuna-salad-with-couscous-and-lentils-220-g,Out of Stock,9/14/2026 18:55
97,Seoudi Supermarket,John West Harrisa Spiced Tuna Salad with Couscous and Lentils,John West,173.95,,EGP,Canned Food,Canned Food,Canned Fish,220,g,,https://seoudisupermarket.com/en/john-west-harrisa-spiced-tuna-salad-with-couscous-and-lentils-220-g,Out of Stock,9/14/2026 18:55
98,Seoudi Supermarket,Aqua Premium Solid Tuna,Aqua,71.95,,EGP,Canned Food,Canned Food,Canned Fish,160,g,,https://seoudisupermarket.com/en/aqua-premium-solid-tuna-160-g,Out of Stock,9/14/2026 18:55
99,Seoudi Supermarket,Aqua Premium Flaked Tuna,Aqua,39.95,,EGP,Canned Food,Canned Food,Canned Fish,140,g,,https://seoudisupermarket.com/en/aqua-premium-flaked-tuna-140-g,Out of Stock,9/14/2026 18:55
100,Seoudi Supermarket,Aqua Premium Tuna Chunks,Aqua,56.95,63.95,EGP,Canned Food,Canned Food,Canned Fish,140,g,11,https://seoudisupermarket.com/en/aqua-premium-tuna-chunks-140-g,Out of Stock,9/14/2026 18:55
101,Seoudi Supermarket,Aqua Yellow Fin Solid Tuna,Aqua,75.95,84.95,EGP,Canned Food,Canned Food,Canned Fish,185,g,11,https://seoudisupermarket.com/en/aqua-yellow-fin-solid-tuna-185-g,Out of Stock,9/14/2026 18:55
102,Seoudi Supermarket,California Garden Tuna Slices in Sunflower Oil with Chili,California Garden,103.45,,EGP,Canned Food,Canned Food,Canned Fish,120,g,,https://seoudisupermarket.com/en/california-garden-tuna-slices-in-sunflower-oil-with-chili-120-g,Out of Stock,9/14/2026 18:55
103,Seoudi Supermarket,Dolphine Gold Tuna Slices with Lemon,Dolphin,82.75,,EGP,Canned Food,Canned Food,Canned Fish,170,g,,https://seoudisupermarket.com/en/dolphine-gold-tuna-slices-with-lemon-170-g,Out of Stock,9/14/2026 18:55
104,Seoudi Supermarket,Rio Mare Salatuna Quinoa,Rio Mare,229.95,,EGP,Canned Food,Canned Food,Canned Fish,160,g,,https://seoudisupermarket.com/en/rio-mare-salatuna-quinoa-160-g,Out of Stock,9/14/2026 18:55
105,Seoudi Supermarket,Rose Garden Shredded Tuna,Rose Garden,32.95,,EGP,Canned Food,Canned Food,Canned Fish,140,g,,https://seoudisupermarket.com/en/rose-garden-shredded-tuna-140-g,Out of Stock,9/14/2026 18:55
106,Seoudi Supermarket,Fisherman Mexican Tuna Salad,Fisherman,147.95,,EGP,Canned Food,Canned Food,Canned Fish,230,g,,https://seoudisupermarket.com/en/fisherman-mexican-tuna-salad-230-g,Out of Stock,9/14/2026 18:55
107,Seoudi Supermarket,Fisherman Italian Tuna Salad,Fisherman,147.95,,EGP,Canned Food,Canned Food,Canned Fish,160,g,,https://seoudisupermarket.com/en/fisherman-italian-tuna-salad-160-g,Out of Stock,9/14/2026 18:55
108,Seoudi Supermarket,Dolphin Solid Tuna Easy Open - Pack of 3,Dolphin,248.45,,EGP,Canned Food,Canned Food,Canned Fish,200,g,,https://seoudisupermarket.com/en/dolphin-solid-tuna-easy-open-200-g-pack-of-3,Out of Stock,9/14/2026 18:55
109,Seoudi Supermarket,Sunshine Tuna Slices with Lemon,Sunshine,84.95,,EGP,Canned Food,Canned Food,Canned Fish,120,g,,https://seoudisupermarket.com/en/sunshine-tuna-slices-with-lemon-120-g,Out of Stock,9/14/2026 18:55
110,Seoudi Supermarket,Mario Shredded Tuna,Mario,30.75,,EGP,Canned Food,Canned Food,Canned Fish,140,g,,https://seoudisupermarket.com/en/mario-shredded-tuna-140-g,Out of Stock,9/14/2026 18:55
111,Seoudi Supermarket,"Dolphin Tuna Slices, Easy Open",Dolphin,82.45,,EGP,Canned Food,Canned Food,Canned Fish,170,g,,https://seoudisupermarket.com/en/dolphin-tuna-slices-easy-open-170-g,Out of Stock,9/14/2026 18:55
112,Seoudi Supermarket,Dolphin Tuna Chunks,Dolphin,61.95,65.45,EGP,Canned Food,Canned Food,Canned Fish,140,g,5,https://seoudisupermarket.com/en/dolphin-tuna-chunks-140-g,Out of Stock,9/14/2026 18:55
113,Seoudi Supermarket,John West Chunks Tuna Meat in Water,John West,101.95,,EGP,Canned Food,Canned Food,Canned Fish,170,g,,https://seoudisupermarket.com/en/john-west-chunks-tuna-meat-in-water-170-g,Out of Stock,9/14/2026 18:55
114,Seoudi Supermarket,John West Solid Tuna Meat in Water,John West,106.95,,EGP,Canned Food,Canned Food,Canned Fish,170,g,,https://seoudisupermarket.com/en/john-west-solid-tuna-meat-in-water-170-g,Out of Stock,9/14/2026 18:55
115,Seoudi Supermarket,Rio mare Texana Salatuna - Pack of 2,Rio Mare,459.95,,EGP,Canned Food,Canned Food,Canned Fish,160,g,,https://seoudisupermarket.com/en/rio-mare-texana-salatuna-160-g-pack-of-2,Out of Stock,9/14/2026 18:55
116,Seoudi Supermarket,T.C Boy Spicy Tuna Chunks,T.C Boy,81.95,,EGP,Canned Food,Canned Food,Canned Fish,185,g,,https://seoudisupermarket.com/en/t-c-boy-spicy-tuna-chunks-185-g,Out of Stock,9/14/2026 18:55
117,Seoudi Supermarket,Rio Mare Salatuna with Mexico Recipe,Rio Mare,229.95,,EGP,Canned Food,Canned Food,Canned Fish,160,g,,https://seoudisupermarket.com/en/rio-mare-salatuna-with-mexico-recipe-160-g,Out of Stock,9/14/2026 18:55
118,Seoudi Supermarket,Rio Mare Salatuna with Maize Recipe,Rio Mare,229.95,,EGP,Canned Food,Canned Food,Canned Fish,160,g,,https://seoudisupermarket.com/en/rio-mare-salatuna-with-maize-recipe-160-g,Out of Stock,9/14/2026 18:55
119,Seoudi Supermarket,Rio Mare Light Tuna Meat in Olive Oil - 2 Pieces,Rio Mare,549.95,,EGP,Canned Food,Canned Food,Canned Fish,160,g,,https://seoudisupermarket.com/en/rio-mare-light-tuna-meat-in-olive-oil-160-g-2-pieces,Out of Stock,9/14/2026 18:55
120,Seoudi Supermarket,Bostany Tuna One Piece with Chili,Bostany,86.95,,EGP,Canned Food,Canned Food,Canned Fish,185,g,,https://seoudisupermarket.com/en/bostany-tuna-one-piece-with-chili-185-g,Out of Stock,9/14/2026 18:55
121,Seoudi Supermarket,Rose Tuna One Piece,Rose Garden,79.95,,EGP,Canned Food,Canned Food,Canned Fish,200,g,,https://seoudisupermarket.com/en/rose-tuna-one-piece-200-g,Out of Stock,9/14/2026 18:55
122,Seoudi Supermarket,Sunshine Fancy Tuna Chunks,Sunshine,74.95,,EGP,Canned Food,Canned Food,Canned Fish,185,g,,https://seoudisupermarket.com/en/sunshine-fancy-tuna-chunks-185-g,Out of Stock,9/14/2026 18:55
123,Seoudi Supermarket,California Garden Light Tuna Chunks with Chili,California Garden,67.75,,EGP,Canned Food,Canned Food,Canned Fish,185,g,,https://seoudisupermarket.com/en/california-garden-light-tuna-chunks-with-chili-185-g,Out of Stock,9/14/2026 18:55
124,Seoudi Supermarket,Consorcio Tuna in Olive Oil,Consorcio,229.95,286.95,EGP,Canned Food,Canned Food,Canned Fish,110,g,20,https://seoudisupermarket.com/en/consorcio-tuna-in-olive-oil-110-g,Out of Stock,9/14/2026 18:55
125,Seoudi Supermarket,Afia Tuna Chunks with Sunflower Oil,Afia,68.95,,EGP,Canned Food,Canned Food,Canned Fish,185,g,,https://seoudisupermarket.com/en/afia-tuna-chunks-with-sunflower-oil-185-g,Out of Stock,9/14/2026 18:55
126,Seoudi Supermarket,Afia Tuna One Piece,Afia,71.95,,EGP,Canned Food,Canned Food,Canned Fish,185,g,,https://seoudisupermarket.com/en/afia-tuna-one-piece-185-g,Out of Stock,9/14/2026 18:55
127,Seoudi Supermarket,California Garden One Piece Tuna in Sunflower Oil,California Garden,82.45,,EGP,Canned Food,Canned Food,Canned Fish,185,g,,https://seoudisupermarket.com/en/california-garden-one-piece-tuna-in-sunflower-oil-185-g,Out of Stock,9/14/2026 18:55
128,Seoudi Supermarket,Dobella Sardines in Vegetable Oil,Dobella,48.95,,EGP,Canned Food,Canned Food,Canned Fish,125,g,,https://seoudisupermarket.com/en/dobella-sardines-in-vegetable-oil-125-g,Out of Stock,9/14/2026 18:55
129,Seoudi Supermarket,John West Sardines Fillets,John West,113.95,,EGP,Canned Food,Canned Food,Canned Fish,95,g,,https://seoudisupermarket.com/en/john-west-sardines-fillets-95-g,Out of Stock,9/14/2026 18:55
130,Seoudi Supermarket,John West Sardines in Olive Oil,John West,148.45,,EGP,Canned Food,Canned Food,Canned Fish,120,g,,https://seoudisupermarket.com/en/john-west-sardines-in-olive-oil-120-g,Out of Stock,9/14/2026 18:55
131,Seoudi Supermarket,Sea Star Smoked Herring Fillet Salad,Sea Star,169.95,,EGP,Canned Food,Canned Food,Canned Fish,390,g,,https://seoudisupermarket.com/en/sea-star-smoked-herring-fillet-salad-390-g,Out of Stock,9/14/2026 18:55
132,Seoudi Supermarket,John West Pink Salmon,John West,284.95,,EGP,Canned Food,Canned Food,Canned Fish,213,g,,https://seoudisupermarket.com/en/john-west-pink-salmon-213-g,Out of Stock,9/14/2026 18:55
133,Seoudi Supermarket,Dobella Sardines in Vegetable Oil & Brine with Chili,Dobella,48.95,,EGP,Canned Food,Canned Food,Canned Fish,125,g,,https://seoudisupermarket.com/en/dobella-sardines-in-vegetable-oil-and-brine-with-chili-125-g,Out of Stock,9/14/2026 18:55
134,Seoudi Supermarket,Caprimar Anchovies in Sunflower Oil,Caprimar,89.95,,EGP,Canned Food,Canned Food,Canned Fish,43,g,,https://seoudisupermarket.com/en/caprimar-anchovies-in-sunflower-oil-43-g,Out of Stock,9/14/2026 18:55
135,Seoudi Supermarket,Cava Spicy Sardines,Cava,51.45,,EGP,Canned Food,Canned Food,Canned Fish,125,g,,https://seoudisupermarket.com/en/cava-spicy-sardines-125-g,Out of Stock,9/14/2026 18:55
136,Seoudi Supermarket,Rose Garden Sardines,Rose Garden,38.95,,EGP,Canned Food,Canned Food,Canned Fish,125,g,,https://seoudisupermarket.com/en/rose-garden-sardines-125-g,Out of Stock,9/14/2026 18:55
137,Seoudi Supermarket,Dolphin Smoked Tuna Slices,Dolphin,82.75,,EGP,Canned Food,Canned Food,Canned Fish,170,g,,https://seoudisupermarket.com/en/dolphin-smoked-tuna-slices-170-g,Out of Stock,9/14/2026 18:55
138,Seoudi Supermarket,Founty Spiced Sardines in Vegetables Oil,Founty,51.95,,EGP,Canned Food,Canned Food,Canned Fish,125,g,,https://seoudisupermarket.com/en/founty-spiced-sardines-in-vegetables-oil-125-g,Out of Stock,9/14/2026 18:55
139,Seoudi Supermarket,Realmar Anchovy Fillet,Realmar,102.45,,EGP,Canned Food,Canned Food,Canned Fish,50,g,,https://seoudisupermarket.com/en/realmar-anchovy-fillet-50-g,Out of Stock,9/14/2026 18:55
140,Seoudi Supermarket,Santona Sliced Anchovy,Santona,96.95,,EGP,Canned Food,Canned Food,Canned Fish,45,g,,https://seoudisupermarket.com/en/santona-sliced-anchovy-45-g,Out of Stock,9/14/2026 18:55
141,Seoudi Supermarket,Realmar Red Anchovies,Realmar,94.95,,EGP,Canned Food,Canned Food,Canned Fish,50,g,,https://seoudisupermarket.com/en/realmar-red-anchovies-50-g,Out of Stock,9/14/2026 18:55
142,Seoudi Supermarket,A.M.R Sardines with Chili,A.M.R,58.45,,EGP,Canned Food,Canned Food,Canned Fish,125,g,,https://seoudisupermarket.com/en/a-m-r-sardines-with-chili-125-g,Out of Stock,9/14/2026 18:55
143,Seoudi Supermarket,Consorcio Anchovy in Olive Oil,Consorcio,286.95,,EGP,Canned Food,Canned Food,Canned Fish,45,g,,https://seoudisupermarket.com/en/consorcio-anchovy-in-olive-oil-45-g,Out of Stock,9/14/2026 18:55
144,Seoudi Supermarket,Dutch Light Gouda Cheese,,106.88,,EGP,Cheese,Cheese & Labneh,Gouda,0.125,kg,,https://seoudisupermarket.com/en/dutch-light-gouda-cheese,In Stock,9/14/2026 18:45
145,Seoudi Supermarket,Goat Gouda Cheese Roquefort,,218.63,,EGP,Cheese,Cheese & Labneh,Gouda,0.125,kg,,https://seoudisupermarket.com/en/goat-gouda-cheese-roquefort,In Stock,9/14/2026 18:45
146,Seoudi Supermarket,Dodoni Halloumi Cheese with Basil,Dodoni,250,,EGP,Cheese,Cheese & Labneh,Halloumi,225,g,,https://seoudisupermarket.com/en/dodoni-halloumi-cheese-with-basil-225-g,In Stock,9/14/2026 18:45
147,Seoudi Supermarket,Dodoni Halloumi Cheese with Chili Pepper,Dodoni,250,,EGP,Cheese,Cheese & Labneh,Halloumi,225,g,,https://seoudisupermarket.com/en/dodoni-halloumi-cheese-with-chili-pepper-225-g,In Stock,9/14/2026 18:45
148,Seoudi Supermarket,Almarai Feta Cheese,Almarai,92.95,,EGP,Cheese,Cheese & Labneh,Feta,1,kg,,https://seoudisupermarket.com/en/%D8%A7%D9%84%D9%85%D8%B1%D8%A7%D8%B9%D9%89-%D8%AC%D8%A8%D9%86%D8%A9-%D9%81%D9%8A%D8%AA%D8%A7-1-%D9%83%D8%AC%D9%85,In Stock,9/14/2026 18:45
149,Seoudi Supermarket,Yopolis Istanbuli Cheese Free from Vegetable Oils,Yopolis,114.75,135,EGP,Cheese,Cheese & Labneh,Istanbuli,450,g,15,https://seoudisupermarket.com/en/yopolis-istanbuli-cheese-free-from-vegetable-oils-450-g,In Stock,9/14/2026 18:45
150,Seoudi Supermarket,Yopolis Baramili Cheese Free from Vegetable Oils,Yopolis,114.75,135,EGP,Cheese,Cheese & Labneh,Baramili,450,g,15,https://seoudisupermarket.com/en/yopolis-baramili-cheese-free-from-vegetable-oils-450-g,In Stock,9/14/2026 18:45
151,Seoudi Supermarket,Yopolis Double Cream Cheese Free from Vegetable Oils,Yopolis,125,150,EGP,Cheese,Cheese & Labneh,Cream Cheese,450,g,17,https://seoudisupermarket.com/en/yopolis-double-cream-cheese-free-from-vegetable-oils-450-g,In Stock,9/14/2026 18:45
152,Seoudi Supermarket,Yopolis Feta Cheese Free from Vegetable Oils,Yopolis,114.75,135,EGP,Cheese,Cheese & Labneh,Feta,450,g,15,https://seoudisupermarket.com/en/yopolis-feta-cheese-free-from-vegetable-oils-450-g,In Stock,9/14/2026 18:45
153,Seoudi Supermarket,Domty Burger Flavored Cheddar Cheese Sauce,Domty,72.95,83.95,EGP,Cheese,Cheese & Labneh,,250,g,13,https://seoudisupermarket.com/en/domty-burger-flavored-cheddar-cheese-sauce-250-g,In Stock,9/14/2026 18:45
154,Seoudi Supermarket,Domty Smoked Cheddar Cheese Sauce,Domty,72.95,83.95,EGP,Cheese,Cheese & Labneh,,250,g,13,https://seoudisupermarket.com/en/domty-smoked-cheddar-cheese-sauce-250-g,In Stock,9/14/2026 18:45
155,Seoudi Supermarket,Valley Cheddar Cheese Slices,Valley,135,,EGP,Cheese,Cheese & Labneh,,10,pieces,,https://seoudisupermarket.com/en/%D9%81%D8%A7%D9%84%D9%89-%D8%AC%D8%A8%D9%86%D8%A9-%D8%B4%D9%8A%D8%AF%D8%B1%D8%B4%D8%B1%D8%A7%D8%A6%D8%AD10%D9%82,In Stock,9/14/2026 18:45
156,Seoudi Supermarket,Blue River Cheddar Cheese with Pepper Slices,Blue River,153,,EGP,Cheese,Cheese & Labneh,,10,pieces,,https://seoudisupermarket.com/en/%D8%A8%D9%84%D9%88-%D8%B1%D9%8A%D9%81%D8%B1%D8%AC%D8%A8%D9%86%D8%A9-%D8%B4%D9%8A%D8%AF%D8%B1%D9%81%D9%84%D9%81%D9%84-%D8%B4%D8%B1%D8%A7%D8%A6%D8%AD10%D9%82,In Stock,9/14/2026 18:45
157,Seoudi Supermarket,Blue River Smoked Cheddar Cheese Slices,Blue River,153,,EGP,Cheese,Cheese & Labneh,,10,pieces,,https://seoudisupermarket.com/en/%D8%A8%D9%84%D9%88-%D8%B1%D9%8A%D9%81%D8%B1%D8%AC%D8%A8%D9%86%D8%A9-%D8%B4%D9%8A%D8%AF%D8%B1%D9%85%D8%AF%D8%AE%D9%86-%D8%B4%D8%B1%D8%A7%D8%A6%D8%AD10%D9%82,In Stock,9/14/2026 18:45
158,Seoudi Supermarket,Almarai Creamy Cheese,Almarai,205,,EGP,Cheese,Cheese & Labneh,Creamy Cheese,500,g,,https://seoudisupermarket.com/en/almarai-creamy-cheese-500-g,In Stock,9/14/2026 18:45
159,Seoudi Supermarket,Almarai Triangle Cheese,Almarai,104.95,120,EGP,Cheese,Cheese & Labneh,Triangle Cheese,24,pieces,13,https://seoudisupermarket.com/en/almarai-triangle-cheese-24-pieces,In Stock,9/14/2026 18:45
160,Seoudi Supermarket,Almarai Triangle Cheese,Almarai,72.95,80,EGP,Cheese,Cheese & Labneh,Triangle Cheese,16,pieces,9,https://seoudisupermarket.com/en/almarai-triangle-cheese-16-pieces,In Stock,9/14/2026 18:45
161,Seoudi Supermarket,Almarai Triangle Cheese,Almarai,38.95,50,EGP,Cheese,Cheese & Labneh,Triangle Cheese,8,pieces,22,https://seoudisupermarket.com/en/almarai-triangle-cheese-8-pieces,In Stock,9/14/2026 18:45
162,Seoudi Supermarket,Obour Land Gold Feta Cheese,Obour Land,43.25,51.25,EGP,Cheese,Cheese & Labneh,Feta,250,g,16,https://seoudisupermarket.com/en/obour-land-gold-feta-cheese-250-g,In Stock,9/14/2026 18:45
163,Seoudi Supermarket,Panda Gourmet Feta Cheese,Panda,42.95,,EGP,Cheese,Cheese & Labneh,Feta,250,g,,https://seoudisupermarket.com/en/panda-gourmet-feta-cheese-250-g,In Stock,9/14/2026 18:45
164,Seoudi Supermarket,Juhayna Labneh with Tomato and Basil,Juhayna,199.95,,EGP,Labneh,Cheese & Labneh,Labneh,500,g,,https://seoudisupermarket.com/en/juhayna-labneh-with-tomato-and-basil-500-g,In Stock,9/14/2026 18:45
165,Seoudi Supermarket,Juhayna Labneh with Tomato and Basil,Juhayna,120,,EGP,Labneh,Cheese & Labneh,Labneh,250,g,,https://seoudisupermarket.com/en/juhayna-labneh-with-tomato-and-basil-250-g,In Stock,9/14/2026 18:45
166,Seoudi Supermarket,Juhayna Labneh with Olive Oil and Thyme,Juhayna,199.95,,EGP,Labneh,Cheese & Labneh,Labneh,500,g,,https://seoudisupermarket.com/en/juhayna-labneh-with-olive-oil-and-thyme-500-g,In Stock,9/14/2026 18:45
167,Seoudi Supermarket,Juhayna Labneh with Olive Oil and Thyme,Juhayna,120,,EGP,Labneh,Cheese & Labneh,Labneh,250,g,,https://seoudisupermarket.com/en/juhayna-labneh-with-olive-oil-and-thyme-250-g,In Stock,9/14/2026 18:45
168,Seoudi Supermarket,Almarai Feta Cheese with Edam Flavor,Almarai,25.95,,EGP,Cheese,Cheese & Labneh,Edam,250,g,,https://seoudisupermarket.com/en/almarai-feta-cheese-with-edam-flavor-250-g,In Stock,9/14/2026 18:45
169,Seoudi Supermarket,Yopolis Creamy Cheese with Onion,Yopolis,88,98,EGP,Cheese,Cheese & Labneh,Creamy Cheese,225,g,10,https://seoudisupermarket.com/en/yopolis-creamy-cheese-with-onion-225-g,In Stock,9/14/2026 18:45
170,Seoudi Supermarket,Yopolis Creamy Cheese with Tomato,Yopolis,88,98,EGP,Cheese,Cheese & Labneh,Creamy Cheese,225,g,10,https://seoudisupermarket.com/en/yopolis-creamy-cheese-with-tomato-225-g,In Stock,9/14/2026 18:45
171,Seoudi Supermarket,Gurbet Roquefort Cheese,Gurbet,120,,EGP,Cheese,Cheese & Labneh,Roquefort,100,g,,https://seoudisupermarket.com/en/gurbet-roquefort-cheese-100-g,In Stock,9/14/2026 18:45
172,Seoudi Supermarket,Old Roumy Cheese,,39.38,,EGP,Cheese,Cheese & Labneh,Roumy,0.125,kg,,https://seoudisupermarket.com/en/old-roumy-cheese,In Stock,9/14/2026 18:45
173,Seoudi Supermarket,Natural Yellow Cheddar Cheese,,49.38,,EGP,Cheese,Cheese & Labneh,,0.125,kg,,https://seoudisupermarket.com/en/yellow-cheddar-cheese,In Stock,9/14/2026 18:45
174,Seoudi Supermarket,Dutch Gouda Cheese,,63.13,,EGP,Cheese,Cheese & Labneh,Gouda,0.125,kg,,https://seoudisupermarket.com/en/dutch-gouda-cheese,In Stock,9/14/2026 18:45
175,Seoudi Supermarket,Dutch Edam Cheese,,71.13,,EGP,Cheese,Cheese & Labneh,Edam,0.125,kg,,https://seoudisupermarket.com/en/%D8%AC%D8%A8%D9%86%D8%A9-%D9%81%D9%84%D9%85%D9%86%D9%83-%D9%87%D9%88%D9%84%D9%86%D8%AF%D9%89-%D9%88%D8%B2%D9%86-2005459000000,In Stock,9/14/2026 18:45
176,Seoudi Supermarket,King Cheese Natural Mozzarella,King Cheese,215,280,EGP,Cheese,Cheese & Labneh,Mozzarella,1,kg,23,https://seoudisupermarket.com/en/king-cheese-natural-mozzarella-1-kg,In Stock,9/14/2026 18:45
177,Seoudi Supermarket,Kiri Turkish Labneh with Thyme,Kiri,139.95,180,EGP,Labneh,Cheese & Labneh,Labneh,300,g,22,https://seoudisupermarket.com/en/kiri-turkish-labneh-with-thyme-300-g,In Stock,9/14/2026 18:45
178,Seoudi Supermarket,Kiri Turkish Labneh,Kiri,139.95,180,EGP,Labneh,Cheese & Labneh,Labneh,300,g,22,https://seoudisupermarket.com/en/kiri-turkish-labneh-300-g,In Stock,9/14/2026 18:45
179,Seoudi Supermarket,Kiri Turkish Labneh,Kiri,71.95,92,EGP,Labneh,Cheese & Labneh,Labneh,150,g,22,https://seoudisupermarket.com/en/kiri-turkish-labneh-150-g,In Stock,9/14/2026 18:45
180,Seoudi Supermarket,Seoudi Cottage Cheese,Seoudi,65,,EGP,Cheese,Cheese & Labneh,Cottage Cheese,0.5,kg,,https://seoudisupermarket.com/en/seoudi-cottage-cheese,In Stock,9/14/2026 18:45
181,Seoudi Supermarket,Obour Land Natural Feta Cheese,Obour Land,94,,EGP,Cheese,Cheese & Labneh,Feta,500,g,,https://seoudisupermarket.com/en/obour-land-natural-feta-cheese-500-g,In Stock,9/14/2026 18:45
182,Seoudi Supermarket,Dina Farms Triangle Cheese,Dina Farms,89.95,,EGP,Cheese,Cheese & Labneh,Triangle Cheese,16,pieces,,https://seoudisupermarket.com/en/dina-farms-triangle-cheese-16-pieces,In Stock,9/14/2026 18:45
183,Seoudi Supermarket,Virgilio Parmigiano Reggiano,Virgilio,400,,EGP,Cheese,Cheese & Labneh,Parmesan,200,g,,https://seoudisupermarket.com/en/virgilio-parmigiano-reggiano-200g,In Stock,9/14/2026 18:45
184,Seoudi Supermarket,Almarai Baramily Cheese,Almarai,115.5,126.5,EGP,Cheese,Cheese & Labneh,Baramili,450,g,9,https://seoudisupermarket.com/en/almarai-baramily-cheese-450-g,In Stock,9/14/2026 18:45
185,Seoudi Supermarket,Almarai Feta Cheese with Roumy Flavor,Almarai,12.25,,EGP,Cheese,Cheese & Labneh,Feta,125,g,,https://seoudisupermarket.com/en/%D8%A7%D9%84%D9%85%D8%B1%D8%A7%D8%B9%D9%89-%D8%AC%D8%A8%D9%86%D8%A9-%D9%81%D9%8A%D8%AA%D8%A7-%D8%B1%D9%88%D9%85%D9%89-125%D8%AC%D9%85,In Stock,9/14/2026 18:45
186,Seoudi Supermarket,Almarai Feta Cheese,Almarai,12.25,,EGP,Cheese,Cheese & Labneh,Feta,125,g,,https://seoudisupermarket.com/en/%D8%A7%D9%84%D9%85%D8%B1%D8%A7%D8%B9%D9%89-%D8%AC%D8%A8%D9%86%D8%A9-%D9%81%D9%8A%D8%AA%D8%A7-125%D8%AC%D9%85,In Stock,9/14/2026 18:45
187,Seoudi Supermarket,Red Cheddar Cheese,,52.5,,EGP,Cheese,Cheese & Labneh,,0.125,kg,,https://seoudisupermarket.com/en/red-cheddar-cheese,In Stock,9/14/2026 18:45
188,Seoudi Supermarket,Deer White Cheddar Light Cheese,Deer,83.74,,EGP,Cheese,Cheese & Labneh,,0.125,kg,,https://seoudisupermarket.com/en/deer-white-cheddar-light-cheese,Out of Stock,9/14/2026 18:45
189,Seoudi Supermarket,Istanbouli Cheese,,89,,EGP,Cheese,Cheese & Labneh,Istanbuli,0.5,kg,,https://seoudisupermarket.com/en/istanbouli-cheese,In Stock,9/14/2026 18:45
190,Seoudi Supermarket,Avanti Red Cheddar Cheese,Avanti,42.73,47.49,EGP,Cheese,Cheese & Labneh,,0.125,kg,10,https://seoudisupermarket.com/en/avanti-red-cheddar-cheese,In Stock,9/14/2026 18:45
191,Seoudi Supermarket,Cremo Creamy Cheese Spread,Cremo,61.88,,EGP,Cheese,Cheese & Labneh,Creamy Cheese,0.125,kg,,https://seoudisupermarket.com/en/creamy-cheese-spread,In Stock,9/14/2026 18:45
192,Seoudi Supermarket,Almarai Cream Cheese,Almarai,229.95,250,EGP,Cheese,Cheese & Labneh,Cream Cheese,24,pieces,8,https://seoudisupermarket.com/en/almarai-cream-cheese-24-pieces,In Stock,9/14/2026 18:45
193,Seoudi Supermarket,Yopolis Labneh with Thyme,Yopolis,93.5,,EGP,Labneh,Cheese & Labneh,Labneh,225,g,,https://seoudisupermarket.com/en/yopolis-labneh-with-thyme-225-g,In Stock,9/14/2026 18:45
194,Seoudi Supermarket,Cottage Cheese,,60,,EGP,Cheese,Cheese & Labneh,Cottage Cheese,0.5,kg,,https://seoudisupermarket.com/en/cottage-cheese,In Stock,9/14/2026 18:45
195,Seoudi Supermarket,Blue River Cheddar Cheese Slices,Blue River,153,,EGP,Cheese,Cheese & Labneh,,12,pieces,,https://seoudisupermarket.com/en/blue-river-cheddar-cheese-slices-12-pieces,In Stock,9/14/2026 18:45
196,Seoudi Supermarket,Almarai Feta Cheese with Olives,Almarai,51.5,,EGP,Cheese,Cheese & Labneh,Feta,500,g,,https://seoudisupermarket.com/en/almarai-feta-cheese-with-olives-500-g,In Stock,9/14/2026 18:45
197,Seoudi Supermarket,Almarai Feta Cheese with Olives,Almarai,25.95,,EGP,Cheese,Cheese & Labneh,Feta,250,g,,https://seoudisupermarket.com/en/almarai-feta-cheese-with-olives-250-g,In Stock,9/14/2026 18:45
198,Seoudi Supermarket,Dodoni Greek Feta Cheese,Dodoni,635,,EGP,Cheese,Cheese & Labneh,Feta,400,g,,https://seoudisupermarket.com/en/dodoni-greek-feta-cheese-400-g,In Stock,9/14/2026 18:45
199,Seoudi Supermarket,Abu El-Walad Triangle Cheese,Abu El-Walad,139.95,160,EGP,Cheese,Cheese & Labneh,Triangle Cheese,40,pieces,13,https://seoudisupermarket.com/en/abu-elwalad-triangle-cheese-40-pieces,In Stock,9/14/2026 18:45
200,Seoudi Supermarket,Dina Farms Cottage Cheese,Dina Farms,74.95,,EGP,Cheese,Cheese & Labneh,Cottage Cheese,450,g,,https://seoudisupermarket.com/en/dina-farms-cottage-cheese-450-g,In Stock,9/14/2026 18:45
201,Seoudi Supermarket,Avanti Natural Feta Cheese,Avanti,93.5,106.5,EGP,Cheese,Cheese & Labneh,Feta,500,g,12,https://seoudisupermarket.com/en/avanti-natural-feta-cheese-500-g,In Stock,9/14/2026 18:45
202,Seoudi Supermarket,Juhayna Labneh,Juhayna,174.95,,EGP,Labneh,Cheese & Labneh,Labneh,500,g,,https://seoudisupermarket.com/en/juhayna-labneh-500-g,In Stock,9/14/2026 18:45
203,Seoudi Supermarket,Juhayna Labneh,Juhayna,99.95,,EGP,Labneh,Cheese & Labneh,Labneh,250,g,,https://seoudisupermarket.com/en/juhayna-labneh-250-g,In Stock,9/14/2026 18:45
204,Seoudi Supermarket,Mobi Creamy Blue Cheese,Mobi,75.5,,EGP,Cheese,Cheese & Labneh,Blue Cheese,100,g,,https://seoudisupermarket.com/en/mobi-creamy-blue-cheese-100-g,In Stock,9/14/2026 18:45
205,Seoudi Supermarket,Mobi Blue Cheese,Mobi,62.5,,EGP,Cheese,Cheese & Labneh,Blue Cheese,100,g,,https://seoudisupermarket.com/en/mobi-blue-cheese-100-g,In Stock,9/14/2026 18:45
206,Seoudi Supermarket,Obour Land Low Salt Cheese,Obour Land,27.25,,EGP,Cheese,Cheese & Labneh,,250,g,,https://seoudisupermarket.com/en/obour-land-low-salt-cheese-250-g,In Stock,9/14/2026 18:45
207,Seoudi Supermarket,Obour Land Feta Cheese with Cheddar,Obour Land,51.75,,EGP,Cheese,Cheese & Labneh,Feta,500,g,,https://seoudisupermarket.com/en/obour-land-feta-cheese-with-cheddar-500-g,In Stock,9/14/2026 18:45
208,Seoudi Supermarket,Obour Land Feta Cheese with Roumy,Obour Land,51.75,,EGP,Cheese,Cheese & Labneh,Feta,500,g,,https://seoudisupermarket.com/en/obour-land-feta-cheese-with-roumy-500-g,In Stock,9/14/2026 18:45
209,Seoudi Supermarket,Avanti Istanbuli Cheese,Avanti,115.5,132.25,EGP,Cheese,Cheese & Labneh,Istanbuli,450,g,13,https://seoudisupermarket.com/en/avanti-istanbuli-cheese-450-g,In Stock,9/14/2026 18:45
210,Seoudi Supermarket,Avanti Feta Cheese with Olives,Avanti,115.5,132.25,EGP,Cheese,Cheese & Labneh,Feta,450,g,13,https://seoudisupermarket.com/en/avanti-feta-cheese-with-olives-450-g,In Stock,9/14/2026 18:45
211,Seoudi Supermarket,Domty Feta Cheese,Domty,109.95,144.75,EGP,Cheese,Cheese & Labneh,Feta,450,g,24,https://seoudisupermarket.com/en/domty-feta-cheese-450-g,In Stock,9/14/2026 18:45
212,Seoudi Supermarket,Domty Gold Light Feta Cheese,Domty,109.95,144.75,EGP,Cheese,Cheese & Labneh,Feta,450,g,24,https://seoudisupermarket.com/en/domty-light-feta-cheese-450-g,In Stock,9/14/2026 18:45
213,Seoudi Supermarket,Domty Baramily Cheese,Domty,109.95,144.75,EGP,Cheese,Cheese & Labneh,Baramili,450,g,24,https://seoudisupermarket.com/en/domty-baramily-cheese-450-g,In Stock,9/14/2026 18:45
214,Seoudi Supermarket,Domty Olive Feta Cheese,Domty,109.95,144.75,EGP,Cheese,Cheese & Labneh,Feta,450,g,24,https://seoudisupermarket.com/en/domty-olive-feta-cheese-450-g,In Stock,9/14/2026 18:45
215,Seoudi Supermarket,Dina Farms Triangle Full Fat Creamy Cheese,Dina Farms,47.5,,EGP,Cheese,Cheese & Labneh,Creamy Cheese,8,pieces,,https://seoudisupermarket.com/en/dina-farms-triangle-full-fat-creamy-cheese-8-pieces,In Stock,9/14/2026 18:45
216,Seoudi Supermarket,Seoudi Cheese with Mayonnaise Salad,Seoudi,24.38,,EGP,Cheese,Cheese & Labneh,,0.125,kg,,https://seoudisupermarket.com/en/seoudi-cheese-with-mayonnaise-salad,In Stock,9/14/2026 18:45
217,Seoudi Supermarket,Avanti Baramili Cheese with Pepper,Avanti,187,207,EGP,Cheese,Cheese & Labneh,Baramili,800,g,10,https://seoudisupermarket.com/en/avanti-baramili-cheese-with-pepper-800-g,In Stock,9/14/2026 18:45
218,Seoudi Supermarket,Royal Dutch Emmental Cheese,Royal,76.88,,EGP,Cheese,Cheese & Labneh,Emmental,0.125,kg,,https://seoudisupermarket.com/en/royal-dutch-emmental-cheese,In Stock,9/14/2026 18:45
219,Seoudi Supermarket,Domty Creamy Cheese with Olives,Domty,79.95,99.95,EGP,Cheese,Cheese & Labneh,Creamy Cheese,220,g,20,https://seoudisupermarket.com/en/domty-creamy-cheese-with-olives-220-g,In Stock,9/14/2026 18:45
220,Seoudi Supermarket,Domty Plus Olive Feta Cheese,Domty,26.5,31.25,EGP,Cheese,Cheese & Labneh,Feta,250,g,15,https://seoudisupermarket.com/en/domty-plus-olive-feta-cheese-250-g,In Stock,9/14/2026 18:45
221,Seoudi Supermarket,Domty Creamy Cheese with Cheddar,Domty,79.95,99.95,EGP,Cheese,Cheese & Labneh,Creamy Cheese,220,g,20,https://seoudisupermarket.com/en/domty-creamy-cheese-with-cheddar-220-g,In Stock,9/14/2026 18:45
222,Seoudi Supermarket,Domty Plus Feta Cheese,Domty,99.95,108,EGP,Cheese,Cheese & Labneh,Feta,1,kg,7,https://seoudisupermarket.com/en/domty-plus-feta-cheese-1-kg,In Stock,9/14/2026 18:45
223,Seoudi Supermarket,Domty Feta Light Cheese,Domty,26.5,31.25,EGP,Cheese,Cheese & Labneh,Feta,250,g,15,https://seoudisupermarket.com/en/domty-feta-light-cheese-250-g,In Stock,9/14/2026 18:45
224,Seoudi Supermarket,Domty Gold Feta Cheese with Olives,Domty,45.75,57.5,EGP,Cheese,Cheese & Labneh,Feta,250,g,20,https://seoudisupermarket.com/en/domty-gold-feta-cheese-with-olives-250-g,In Stock,9/14/2026 18:45
225,Seoudi Supermarket,Domty Plus Istanbouli Cheese,Domty,26.5,31.25,EGP,Cheese,Cheese & Labneh,Istanbuli,250,g,15,https://seoudisupermarket.com/en/domty-plus-istanbouli-cheese-250-g,In Stock,9/14/2026 18:45
226,Seoudi Supermarket,Domty Gold Feta Cheese,Domty,45.75,57.5,EGP,Cheese,Cheese & Labneh,Feta,250,g,20,https://seoudisupermarket.com/en/domty-gold-feta-cheese-250-g,In Stock,9/14/2026 18:45
227,Seoudi Supermarket,Domty Plus Olive Feta Cheese,Domty,52.95,62.5,EGP,Cheese,Cheese & Labneh,Feta,500,g,15,https://seoudisupermarket.com/en/domty-plus-olive-feta-cheese-500-g,In Stock,9/14/2026 18:45
228,Seoudi Supermarket,Domty Plus Feta Cheese with Roumy Cheese Flavor,Domty,52.95,62.5,EGP,Cheese,Cheese & Labneh,Feta,500,g,15,https://seoudisupermarket.com/en/domty-plus-feta-cheese-with-roumy-cheese-flavor-500-g,In Stock,9/14/2026 18:45
229,Seoudi Supermarket,Domty Plus Feta Cheese with Edam Cheese Flavor,Domty,52.95,62.5,EGP,Cheese,Cheese & Labneh,Edam,500,g,15,https://seoudisupermarket.com/en/domty-plus-feta-cheese-with-edam-cheese-flavor-500-g,In Stock,9/14/2026 18:45
230,Seoudi Supermarket,Domty Low Salt White Cheese,Domty,202.95,219.5,EGP,Cheese,Cheese & Labneh,White Cheese,700,g,8,https://seoudisupermarket.com/en/domty-low-salt-white-cheese-700-g,In Stock,9/14/2026 18:45
231,Seoudi Supermarket,Domty Plus Feta Cheese,Domty,52.95,62.5,EGP,Cheese,Cheese & Labneh,Feta,500,g,15,https://seoudisupermarket.com/en/domty-plus-feta-cheese-500-g,In Stock,9/14/2026 18:45
232,Seoudi Supermarket,Domty Creamy Roumy Cheese,Domty,136.5,149.5,EGP,Cheese,Cheese & Labneh,Roumy,380,g,9,https://seoudisupermarket.com/en/domty-creamy-roumy-cheese-380-g,In Stock,9/14/2026 18:45
233,Seoudi Supermarket,Domty Plus Light Feta Cheese,Domty,52.95,62.5,EGP,Cheese,Cheese & Labneh,Feta,500,g,15,https://seoudisupermarket.com/en/domty-plus-light-feta-cheese-500-g,In Stock,9/14/2026 18:45
234,Seoudi Supermarket,Domty Plus Feta Cheese with Cheddar Cheese Flavor,Domty,52.95,62.5,EGP,Cheese,Cheese & Labneh,Feta,500,g,15,https://seoudisupermarket.com/en/domty-plus-feta-cheese-with-cheddar-cheese-flavor-500-g,In Stock,9/14/2026 18:45
235,Seoudi Supermarket,Domty Plus Feta Cheese,Domty,12.95,15.75,EGP,Cheese,Cheese & Labneh,Feta,125,g,18,https://seoudisupermarket.com/en/domty-plus-feta-cheese-125-g,In Stock,9/14/2026 18:45
236,Seoudi Supermarket,Domty Creamy Cheddar Cheese,Domty,136.5,149.5,EGP,Cheese,Cheese & Labneh,,380,g,9,https://seoudisupermarket.com/en/domty-creamy-cheddar-cheese-380-g,In Stock,9/14/2026 18:45
237,Seoudi Supermarket,Avanti Cottage Cheese,Avanti,115.5,132.25,EGP,Cheese,Cheese & Labneh,Cottage Cheese,450,g,13,https://seoudisupermarket.com/en/avanti-cottage-cheese-450-g,In Stock,9/14/2026 18:45
238,Seoudi Supermarket,Avanti Low Salt Natural Cheese,Avanti,115.5,132.25,EGP,Cheese,Cheese & Labneh,,450,g,13,https://seoudisupermarket.com/en/avanti-low-salt-natural-cheese-450-g,In Stock,9/14/2026 18:45
239,Seoudi Supermarket,Almarai Feta Cheese with Cheddar Flavor and Vegetable Fat,Almarai,51.5,,EGP,Cheese,Cheese & Labneh,Feta,500,g,,https://seoudisupermarket.com/en/almarai-feta-cheese-with-cheddar-flavor-and-vegetable-fat-500-g,In Stock,9/14/2026 18:45
240,Seoudi Supermarket,Almarai Feta Cheese with Roumy Flavor and Vegetable Fat,Almarai,51.5,,EGP,Cheese,Cheese & Labneh,Feta,500,g,,https://seoudisupermarket.com/en/almarai-feta-cheese-with-roumy-flavor-and-vegetable-fat-500-g,In Stock,9/14/2026 18:45
241,Seoudi Supermarket,Almarai Feta Cheese with Vegetable Fat,Almarai,51.5,,EGP,Cheese,Cheese & Labneh,Feta,500,g,,https://seoudisupermarket.com/en/almarai-feta-cheese-with-vegetable-fat-500-g,In Stock,9/14/2026 18:45
242,Seoudi Supermarket,Dina Farms Cheese with Cream,Dina Farms,117.95,,EGP,Cheese,Cheese & Labneh,,275,g,,https://seoudisupermarket.com/en/dina-farms-cheese-with-cream-275-g,In Stock,9/14/2026 18:45
243,Seoudi Supermarket,Almarai Feta Cheese with Cheddar Flavor,Almarai,25.95,,EGP,Cheese,Cheese & Labneh,Feta,250,g,,https://seoudisupermarket.com/en/almarai-feta-cheese-with-cheddar-flavor-250-g,In Stock,9/14/2026 18:45
244,Seoudi Supermarket,Almarai Feta Cheese with Roumy Flavor,Almarai,25.95,,EGP,Cheese,Cheese & Labneh,Feta,250,g,,https://seoudisupermarket.com/en/almarai-feta-cheese-with-roumy-flavor-250-g,In Stock,9/14/2026 18:46
245,Seoudi Supermarket,g's Natural Mozzarella Cheese,g's,331.5,,EGP,Cheese,Cheese & Labneh,Mozzarella,900,g,,https://seoudisupermarket.com/en/gs-natural-mozzarella-cheese-900-g,In Stock,9/14/2026 18:46
246,Seoudi Supermarket,Yopolis Cream Cheese with Paprika,Yopolis,88,98,EGP,Cheese,Cheese & Labneh,Cream Cheese,225,g,10,https://seoudisupermarket.com/en/yopolis-cream-cheese-with-paprika-225-g,In Stock,9/14/2026 18:46
247,Seoudi Supermarket,Yopolis Cream Cheese,Yopolis,83,93,EGP,Cheese,Cheese & Labneh,Cream Cheese,225,g,11,https://seoudisupermarket.com/en/yopolis-cream-cheese-225-g,In Stock,9/14/2026 18:46
248,Seoudi Supermarket,Dodoni Halloumi Cheese,Dodoni,225,250,EGP,Cheese,Cheese & Labneh,Halloumi,225,g,10,https://seoudisupermarket.com/en/dodoni-halloumi-cheese-225-g,In Stock,9/14/2026 18:46
249,Seoudi Supermarket,Dodoni Greek Feta Cheese,Dodoni,230,,EGP,Cheese,Cheese & Labneh,Feta,150,g,,https://seoudisupermarket.com/en/dodoni-greek-feta-cheese-150-g,In Stock,9/14/2026 18:46
250,Seoudi Supermarket,Dina Farms Olives Flavored White Cheese,Dina Farms,114.95,,EGP,Cheese,Cheese & Labneh,White Cheese,450,g,,https://seoudisupermarket.com/en/dina-farms-olives-flavored-white-cheese-450-g,In Stock,9/14/2026 18:46
251,Seoudi Supermarket,Paysan Breton Emmental Cheese,Paysan Breton,225,,EGP,Cheese,Cheese & Labneh,Emmental,220,g,,https://seoudisupermarket.com/en/paysan-breton-emmental-cheese-220-g,In Stock,9/14/2026 18:46
252,Seoudi Supermarket,Panda Creamy Cheese,Panda,108.95,114.75,EGP,Cheese,Cheese & Labneh,Creamy Cheese,12,pieces,5,https://seoudisupermarket.com/en/panda-creamy-cheese-12-pieces,In Stock,9/14/2026 18:46
253,Seoudi Supermarket,Panda Creamy Cheese,Panda,78.95,,EGP,Cheese,Cheese & Labneh,Creamy Cheese,8,pieces,,https://seoudisupermarket.com/en/panda-creamy-cheese-8-pieces,In Stock,9/14/2026 18:46
254,Seoudi Supermarket,Puck Spread Creamy Cheese Glass Jar,Puck,250,,EGP,Cheese,Cheese & Labneh,Creamy Cheese,240,g,,https://seoudisupermarket.com/en/puck-spread-creamy-cheese-230-g,In Stock,9/14/2026 18:46
255,Seoudi Supermarket,Dina Farms Cottage Cheese,Dina Farms,142.95,,EGP,Cheese,Cheese & Labneh,Cottage Cheese,900,g,,https://seoudisupermarket.com/en/dina-farms-cottage-cheese-900-g,In Stock,9/14/2026 18:46
256,Seoudi Supermarket,Avanti Cheddar Cheese with Pastrami,Avanti,47.23,48.74,EGP,Cheese,Cheese & Labneh,,0.125,kg,3,https://seoudisupermarket.com/en/avanti-cheddar-cheese-with-pastrami,In Stock,9/14/2026 18:46
257,Seoudi Supermarket,French Emmental Cheese,,98.13,,EGP,Cheese,Cheese & Labneh,Emmental,0.125,kg,,https://seoudisupermarket.com/en/%D8%AC%D8%A8%D9%86%D8%A9-%D8%A7%D9%85%D9%86%D8%AA%D8%A7%D9%84-%D9%81%D8%B1%D9%86%D8%B3%D9%89-%D9%88%D8%B2%D9%86-2005452000000,In Stock,9/14/2026 18:46
258,Seoudi Supermarket,Hajdu Kashkaval Cheese,Hajdu,87.38,,EGP,Cheese,Cheese & Labneh,Kashkaval,0.125,kg,,https://seoudisupermarket.com/en/hajdu-kashkaval-cheese,In Stock,9/14/2026 18:46
259,Seoudi Supermarket,Grated Roumy Cheese,,39.38,,EGP,Cheese,Cheese & Labneh,Roumy,0.125,kg,,https://seoudisupermarket.com/en/grated-roumy-cheese,In Stock,9/14/2026 18:46
260,Seoudi Supermarket,Domty Natural Low Salt Cheese,Domty,138.97,157.5,EGP,Cheese,Cheese & Labneh,,0.5,kg,12,https://seoudisupermarket.com/en/domty-natural-low-salt-cheese,In Stock,9/14/2026 18:46
261,Seoudi Supermarket,Domty Low Salt Cheese,Domty,69.97,87.5,EGP,Cheese,Cheese & Labneh,,0.5,kg,20,https://seoudisupermarket.com/en/domty-low-salt-cheese,In Stock,9/14/2026 18:46
262,Seoudi Supermarket,Baramili Cheese with Chili,,106.8,,EGP,Cheese,Cheese & Labneh,Baramili,0.6,kg,,https://seoudisupermarket.com/en/baramili-cheese-with-chili,In Stock,9/14/2026 18:46
263,Seoudi Supermarket,Baramili Cheese,,106.8,,EGP,Cheese,Cheese & Labneh,Baramili,0.6,kg,,https://seoudisupermarket.com/en/baramili-cheese,In Stock,9/14/2026 18:46
264,Seoudi Supermarket,Seoudi Natural Mozzarella Cheese Sticks,Seoudi,49.38,,EGP,Cheese,Cheese & Labneh,Mozzarella,0.125,kg,,https://seoudisupermarket.com/en/seoudi-natural-mozzarella-cheese-sticks,Out of Stock,9/14/2026 18:46
265,Seoudi Supermarket,Creamy Cheese,,75.2,,EGP,Cheese,Cheese & Labneh,Creamy Cheese,0.4,kg,,https://seoudisupermarket.com/en/creamy-cheese,In Stock,9/14/2026 18:46
266,Seoudi Supermarket,The Milkman Labneh,The Milkman,78.5,,EGP,Labneh,Cheese & Labneh,Labneh,200,g,,https://seoudisupermarket.com/en/the-milkman-labneh-200-g,In Stock,9/14/2026 18:46
267,Seoudi Supermarket,Noura Natural Low Salt Cheese,Noura,87.5,,EGP,Cheese,Cheese & Labneh,,0.5,kg,,https://seoudisupermarket.com/en/noura-natural-low-salt-cheese,In Stock,9/14/2026 18:46
268,Seoudi Supermarket,Avanti Cheese Slices with Cumin,Avanti,66,78,EGP,Cheese,Cheese & Labneh,,150,g,15,https://seoudisupermarket.com/en/avanti-cheese-slices-with-cumin-150-g,In Stock,9/14/2026 18:46
269,Seoudi Supermarket,Avanti Cheese Slices with Chili Pepper,Avanti,66,78,EGP,Cheese,Cheese & Labneh,,150,g,15,https://seoudisupermarket.com/en/avanti-cheese-slices-with-chili-pepper-150-g,In Stock,9/14/2026 18:46
270,Seoudi Supermarket,Avanti Smoked Cheese Slices,Avanti,66,78,EGP,Cheese,Cheese & Labneh,,150,g,15,https://seoudisupermarket.com/en/avanti-smoked-cheese-slices-150-g,In Stock,9/14/2026 18:46
271,Seoudi Supermarket,Dina Farms Labneh,Dina Farms,59.95,,EGP,Labneh,Cheese & Labneh,Labneh,250,g,,https://seoudisupermarket.com/en/dina-farms-labneh-250-g,In Stock,9/14/2026 18:46
272,Seoudi Supermarket,Panda Creamy Cheese,Panda,57.5,60.5,EGP,Cheese,Cheese & Labneh,Creamy Cheese,6,pieces,5,https://seoudisupermarket.com/en/panda-creamy-cheese-6-pieces,In Stock,9/14/2026 18:46
273,Seoudi Supermarket,Panda Gourmet Triangle Cheese,Panda,79.95,84.95,EGP,Cheese,Cheese & Labneh,Triangle Cheese,16,pieces,6,https://seoudisupermarket.com/en/panda-gourmet-triangle-cheese-16-pieces,In Stock,9/14/2026 18:46
274,Seoudi Supermarket,Panda Gourmet Triangle Cheese,Panda,39.95,42.95,EGP,Cheese,Cheese & Labneh,Triangle Cheese,8,pieces,7,https://seoudisupermarket.com/en/panda-gourmet-triangle-cheese-8-pieces,In Stock,9/14/2026 18:46
275,Seoudi Supermarket,Seoudi Cottage Cheese Salad,Seoudi,56,,EGP,Cheese,Cheese & Labneh,Cottage Cheese,0.4,kg,,https://seoudisupermarket.com/en/seoudi-cottage-cheese-salad,In Stock,9/14/2026 18:46
276,Seoudi Supermarket,Seoudi White Cheese Salad with Thyme,Seoudi,26.13,,EGP,Cheese,Cheese & Labneh,White Cheese,0.125,kg,,https://seoudisupermarket.com/en/seoudi-white-cheese-salad-with-thyme,In Stock,9/14/2026 18:46
277,Seoudi Supermarket,Seoudi White Cheese Salad with Black Seeds,Seoudi,26.13,,EGP,Cheese,Cheese & Labneh,White Cheese,0.125,kg,,https://seoudisupermarket.com/en/seoudi-white-cheese-salad-with-black-seeds,In Stock,9/14/2026 18:46
278,Seoudi Supermarket,Panda Cheese with Cream Cup,Panda,360.95,379.95,EGP,Cheese,Cheese & Labneh,,900,g,5,https://seoudisupermarket.com/en/panda-cheese-with-cream-cup-900-g,In Stock,9/14/2026 18:46
279,Seoudi Supermarket,Double Cream Cheese,,71.2,,EGP,Cheese,Cheese & Labneh,Cream Cheese,0.4,kg,,https://seoudisupermarket.com/en/double-cream-cheese,In Stock,9/14/2026 18:46
280,Seoudi Supermarket,Panda Shredded Mozzarella Cheese,Panda,143.95,151.95,EGP,Cheese,Cheese & Labneh,Mozzarella,550,g,5,https://seoudisupermarket.com/en/panda-shredded-mozzarella-cheese-550-g,In Stock,9/14/2026 18:46
281,Seoudi Supermarket,Prima Fresh Cream,Prima,55.75,,EGP,Fresh Cream,Cheese & Labneh,,240,g,,https://seoudisupermarket.com/en/prima-fresh-cream-240-gm,In Stock,9/14/2026 18:46
282,Seoudi Supermarket,Prima Processed Pastrami Cheese,Prima,99.95,,EGP,Cheese,Cheese & Labneh,,240,g,,https://seoudisupermarket.com/en/prima-processed-pastrami-cheese-240-g,In Stock,9/14/2026 18:46
283,Seoudi Supermarket,"La Vache Qui rit Triangle Cheese, Original",La Vache Qui Rit,129.95,,EGP,Cheese,Cheese & Labneh,Triangle Cheese,16,pieces,,https://seoudisupermarket.com/en/la-vache-qui-rit-triangle-cheese-original-16-pieces,In Stock,9/14/2026 18:46
284,Seoudi Supermarket,Kiri Cream Cheese,Kiri,239.95,300,EGP,Cheese,Cheese & Labneh,Cream Cheese,24,pieces,20,https://seoudisupermarket.com/en/%D9%83%D9%8A%D8%B1%D9%8A-%D8%AC%D8%A8%D9%86%D8%A9-%D8%A8%D8%A7%D9%84%D9%82%D8%B4%D8%B7%D8%A9-24-%D9%82%D8%B7%D8%B9%D8%A9,In Stock,9/14/2026 18:46
285,Seoudi Supermarket,Kiri Cream Cheese,Kiri,129.95,170,EGP,Cheese,Cheese & Labneh,Cream Cheese,12,pieces,24,https://seoudisupermarket.com/en/kiri-cream-cheese-12-pieces,In Stock,9/14/2026 18:46
286,Seoudi Supermarket,Kiri Cream Cheese,Kiri,84.95,120,EGP,Cheese,Cheese & Labneh,Cream Cheese,8,pieces,29,https://seoudisupermarket.com/en/kiri-cream-cheese-8-pieces,In Stock,9/14/2026 18:46
287,Seoudi Supermarket,Seoudi Creamy Cheese with Pastrami,Seoudi,32.5,,EGP,Cheese,Cheese & Labneh,Creamy Cheese,0.125,kg,,https://seoudisupermarket.com/en/%D8%B3%D8%B9%D9%88%D8%AF%D9%8A-%D8%B3%D9%84%D8%B7%D8%A9-%D8%AC%D8%A8%D9%86%D8%A9-%D9%83%D8%B1%D9%8A%D9%85%D9%8A-%D8%A8%D8%A7%D9%84%D8%A8%D8%B3%D8%B7%D8%B1%D9%85%D8%A9,In Stock,9/14/2026 18:46
288,Seoudi Supermarket,Dina Farms Spread Cheese with Cheddar Flavor,Dina Farms,112.95,,EGP,Cheese,Cheese & Labneh,Spread Cheese,275,g,,https://seoudisupermarket.com/en/dina-farms-spread-cheese-with-cheddar-flavor-275-g,In Stock,9/14/2026 18:46
289,Seoudi Supermarket,Dina Farms Baramili Cheese,Dina Farms,114.95,,EGP,Cheese,Cheese & Labneh,Baramili,450,g,,https://seoudisupermarket.com/en/dina-farms-baramili-cheese-450-g,In Stock,9/14/2026 18:46
290,Seoudi Supermarket,Baramili Cheese Round Shape,,94.5,,EGP,Cheese,Cheese & Labneh,Baramili,0.5,kg,,https://seoudisupermarket.com/en/baramili-cheese-round-shape,In Stock,9/14/2026 18:46
291,Seoudi Supermarket,Avanti Natural Feta Cheese with Pepper,Avanti,115.5,132.25,EGP,Cheese,Cheese & Labneh,Feta,450,g,13,https://seoudisupermarket.com/en/avanti-natural-feta-cheese-with-pepper-450-g,In Stock,9/14/2026 18:46
292,Seoudi Supermarket,Dina Farms Istanbuli Cheese,Dina Farms,114.95,,EGP,Cheese,Cheese & Labneh,Istanbuli,450,g,,https://seoudisupermarket.com/en/dina-farms-istanbuli-cheese-450-g,In Stock,9/14/2026 18:46
293,Seoudi Supermarket,Bahcivan White Cheese,Bahcivan,225,325,EGP,Cheese,Cheese & Labneh,White Cheese,420,g,31,https://seoudisupermarket.com/en/bahcivan-white-cheese-420-g,In Stock,9/14/2026 18:46
294,Seoudi Supermarket,Prima Fresh Cottage Cheese,Prima,79.45,,EGP,Cheese,Cheese & Labneh,Cottage Cheese,300,g,,https://seoudisupermarket.com/en/prima-fresh-cottage-cheese-300-g,In Stock,9/14/2026 18:46
295,Seoudi Supermarket,Prima Cream Cheese,Prima,94.95,,EGP,Cheese,Cheese & Labneh,Cream Cheese,250,g,,https://seoudisupermarket.com/en/prima-cream-cheese-250-g,In Stock,9/14/2026 18:46
296,Seoudi Supermarket,Panda Spread Cream Cheese,Panda,201.95,212.95,EGP,Cheese,Cheese & Labneh,Cream Cheese,500,g,5,https://seoudisupermarket.com/en/panda-spread-cream-cheese-500-g,In Stock,9/14/2026 18:46
297,Seoudi Supermarket,Panda Cheese with Cream,Panda,110.5,116.95,EGP,Cheese,Cheese & Labneh,,240,g,6,https://seoudisupermarket.com/en/panda-cheese-with-cream-240-g,In Stock,9/14/2026 18:46
298,Seoudi Supermarket,Panda Creamy Cheese,Panda,80.95,,EGP,Cheese,Cheese & Labneh,Creamy Cheese,140,g,,https://seoudisupermarket.com/en/panda-creamy-cheese-140-g,In Stock,9/14/2026 18:46
299,Seoudi Supermarket,Kiri Greek Style Cheese Spread,Kiri,247.95,270,EGP,Cheese,Cheese & Labneh,Spread Cheese,350,g,8,https://seoudisupermarket.com/en/kiri-greek-style-cheese-spread-350-g,In Stock,9/14/2026 18:46
300,Seoudi Supermarket,Kiri Greek Style Cheese Spread,Kiri,149.95,170,EGP,Cheese,Cheese & Labneh,Spread Cheese,200,g,12,https://seoudisupermarket.com/en/kiri-greek-style-cheese-spread-200-g,In Stock,9/14/2026 18:46
301,Seoudi Supermarket,Kiri Spread Creamy Cheese,Kiri,243.95,260,EGP,Cheese,Cheese & Labneh,Creamy Cheese,350,g,6,https://seoudisupermarket.com/en/kiri-spread-creamy-cheese-350-g,In Stock,9/14/2026 18:46
302,Seoudi Supermarket,Kiri Creamy Spread Cheese,Kiri,104.95,130,EGP,Cheese,Cheese & Labneh,Spread Cheese,150,g,19,https://seoudisupermarket.com/en/kiri-creamy-spread-cheese-150-g,In Stock,9/14/2026 18:46
303,Seoudi Supermarket,Mix Grated Cheese,,53.75,,EGP,Cheese,Cheese & Labneh,,0.125,kg,,https://seoudisupermarket.com/en/mix-grated-cheese,In Stock,9/14/2026 18:46
304,Seoudi Supermarket,Grated Yellow Cheddar Cheese,,52.5,,EGP,Cheese,Cheese & Labneh,,0.125,kg,,https://seoudisupermarket.com/en/grated-yellow-cheddar-cheese,In Stock,9/14/2026 18:46
305,Seoudi Supermarket,Cheesa grated Cheddar Cheese,Cheesa,204.95,,EGP,Cheese,Cheese & Labneh,,325,g,,https://seoudisupermarket.com/en/cheesa-grated-cheddar-cheese-325-g,In Stock,9/14/2026 18:46
306,Seoudi Supermarket,Panda Triangle Cheese,Panda,52.95,55.95,EGP,Cheese,Cheese & Labneh,Triangle Cheese,16,pieces,5,https://seoudisupermarket.com/en/panda-triangle-cheese-16-pieces,In Stock,9/14/2026 18:46
307,Seoudi Supermarket,Swiss Emmental Cheese,,162.38,,EGP,Cheese,Cheese & Labneh,Emmental,0.125,kg,,https://seoudisupermarket.com/en/swiss-emmental-cheese,In Stock,9/14/2026 18:46
308,Seoudi Supermarket,Food House Brie Cheese,Food House,117.75,,EGP,Cheese,Cheese & Labneh,Brie,200,g,,https://seoudisupermarket.com/en/food-house-brie-cheese-200-g,In Stock,9/14/2026 18:46
309,Seoudi Supermarket,Old Amestrdam Cheese,Old Amsterdam,187,,EGP,Cheese,Cheese & Labneh,,0.1,kg,,https://seoudisupermarket.com/en/old-amestrdam-cheese,In Stock,9/14/2026 18:46
310,Seoudi Supermarket,Roquefort Cheese,,74.38,,EGP,Cheese,Cheese & Labneh,Roquefort,0.125,kg,,https://seoudisupermarket.com/en/roquefort-cheese,In Stock,9/14/2026 18:46
311,Seoudi Supermarket,Mafaza Natural Mozzarella Cheese,Mafaza,151.5,178.95,EGP,Cheese,Cheese & Labneh,Mozzarella,280,g,15,https://seoudisupermarket.com/en/mafaza-grated-mozzarella-280-g,In Stock,9/14/2026 18:46
312,Seoudi Supermarket,Avanti Natural Feta Cheese,Avanti,115.5,132.25,EGP,Cheese,Cheese & Labneh,Feta,450,g,13,https://seoudisupermarket.com/en/avanti-natural-feta-cheese-450-g,In Stock,9/14/2026 18:46
313,Seoudi Supermarket,Hajdu Hungarian Labneh,Hajdu,39.98,53.74,EGP,Labneh,Cheese & Labneh,Labneh,0.125,kg,26,https://seoudisupermarket.com/en/hajdu-hungarian-labneh,In Stock,9/14/2026 18:46
314,Seoudi Supermarket,Food House Halloumi Cheese,Food House,165.75,,EGP,Cheese,Cheese & Labneh,Halloumi,500,g,,https://seoudisupermarket.com/en/food-house-halloumi-cheese-500-g,In Stock,9/14/2026 18:46
315,Seoudi Supermarket,Bahcivan Labneh,Bahcivan,196.95,280.95,EGP,Labneh,Cheese & Labneh,Labneh,500,g,30,https://seoudisupermarket.com/en/bahcivan-labneh-500-gm,In Stock,9/14/2026 18:46
316,Seoudi Supermarket,Food House Camembert Cheese,Food House,117.75,,EGP,Cheese,Cheese & Labneh,Camembert,200,g,,https://seoudisupermarket.com/en/food-house-camembert-cheese-200-g,In Stock,9/14/2026 18:46
317,Seoudi Supermarket,Roumy Cheese Extra,,36.88,39.38,EGP,Cheese,Cheese & Labneh,Roumy,0.125,kg,6,https://seoudisupermarket.com/en/%D8%AC%D8%A8%D9%86%D8%A9-%D8%B1%D9%88%D9%85%D9%89-%D8%A7%D9%83%D8%B3%D8%AA%D8%B1%D8%A7-%D8%A8%D8%AF%D9%88%D9%86-%D8%AD%D8%B1%D9%81-%D9%88%D8%B2%D9%86-2000011000000,In Stock,9/14/2026 18:46
318,Seoudi Supermarket,Pinar Labneh,Pinar,179.95,220,EGP,Labneh,Cheese & Labneh,Labneh,370,g,18,https://seoudisupermarket.com/en/pinar-labneh-370-gm,In Stock,9/14/2026 18:46
319,Seoudi Supermarket,Grana Padano Cheese,,137.5,,EGP,Cheese,Cheese & Labneh,Parmesan,0.125,kg,,https://seoudisupermarket.com/en/%D8%AC%D8%A8%D9%86%D8%A9-%D8%AC%D8%B1%D8%A7%D9%86%D8%A7-%D8%A8%D8%A7%D8%AF%D8%A7%D9%86%D9%88-%D9%88%D8%B2%D9%86-2005453000000,In Stock,9/14/2026 18:46
320,Seoudi Supermarket,Kiri Creamy Labneh,Kiri,177.95,200,EGP,Labneh,Cheese & Labneh,Labneh,350,g,11,https://seoudisupermarket.com/en/kiri-creamy-labneh-350-gm,In Stock,9/14/2026 18:46
321,Seoudi Supermarket,Abu El-Walad Triangle Cheese,Abu El-Walad,119.95,,EGP,Cheese,Cheese & Labneh,Triangle Cheese,32,pieces,,https://seoudisupermarket.com/en/abu-elwalad-triangle-cheese-32-pieces,In Stock,9/14/2026 18:46
322,Seoudi Supermarket,Seoudi Natural Shredded Mozzarella Cheese,Seoudi,49.38,,EGP,Cheese,Cheese & Labneh,Mozzarella,0.125,kg,,https://seoudisupermarket.com/en/seoudi-natural-shredded-mozzarella-cheese,Out of Stock,9/14/2026 18:46
323,Seoudi Supermarket,Kiri Creamy Labneh,Kiri,77.95,90,EGP,Labneh,Cheese & Labneh,Labneh,150,g,13,https://seoudisupermarket.com/en/kiri-creamy-labneh-150-gm,In Stock,9/14/2026 18:46
324,Seoudi Supermarket,Abu El-Walad Triangle Cheese,Abu El-Walad,35,,EGP,Cheese,Cheese & Labneh,Triangle Cheese,8,pieces,,https://seoudisupermarket.com/en/abu-elwalad-triangle-cheese-8-pieces,In Stock,9/14/2026 18:46
325,Seoudi Supermarket,Kiri Cream Cheese,Kiri,69.95,90,EGP,Cheese,Cheese & Labneh,Cream Cheese,6,pieces,22,https://seoudisupermarket.com/en/kiri-cream-cheese-6-pieces,In Stock,9/14/2026 18:46
326,Seoudi Supermarket,Virgilio Grana Padano,Virgilio,325,,EGP,Cheese,Cheese & Labneh,Parmesan,200,g,,https://seoudisupermarket.com/en/virgilio-grana-padano-200-g,In Stock,9/14/2026 18:46
327,Seoudi Supermarket,La Vache Qui Rit Vegeterian Truangle Cheese,La Vache Qui Rit,151,,EGP,Cheese,Cheese & Labneh,Triangle Cheese,32,pieces,,https://seoudisupermarket.com/en/la-vache-qui-rit-vegeterian-truangle-cheese-32-pieces,In Stock,9/14/2026 18:46
328,Seoudi Supermarket,Pinar Labneh,Pinar,89.95,120,EGP,Labneh,Cheese & Labneh,Labneh,180,g,25,https://seoudisupermarket.com/en/pinar-labneh-180-gm,In Stock,9/14/2026 18:46
329,Seoudi Supermarket,La Vache Qui rit Vegetarian Triangle Cheese,La Vache Qui Rit,103.95,120,EGP,Cheese,Cheese & Labneh,Triangle Cheese,24,pieces,13,https://seoudisupermarket.com/en/la-vache-qui-rit-vegetarian-triangle-cheese-24-pieces,In Stock,9/14/2026 18:46
330,Seoudi Supermarket,Panda grated Mozzarella,Panda,75.95,79.95,EGP,Cheese,Cheese & Labneh,Mozzarella,280,g,5,https://seoudisupermarket.com/en/panda-grated-mozzarella-280-g,In Stock,9/14/2026 18:46
331,Seoudi Supermarket,Abu El-Walad Triangle Cheese,Abu El-Walad,94.95,,EGP,Cheese,Cheese & Labneh,Triangle Cheese,24,pieces,,https://seoudisupermarket.com/en/abu-elwalad-triangle-cheese-24-pieces,In Stock,9/14/2026 18:46
332,Seoudi Supermarket,Bahcevan Kashkaval Cheese,Bahcivan,325,,EGP,Cheese,Cheese & Labneh,Kashkaval,350,g,,https://seoudisupermarket.com/en/bahcevan-kashkaval-cheese-350-g,In Stock,9/14/2026 18:46
333,Seoudi Supermarket,Payson Breton Brie Cheese,Paysan Breton,258.75,,EGP,Cheese,Cheese & Labneh,Brie,0.25,kg,,https://seoudisupermarket.com/en/payson-breton-brie-cheese,In Stock,9/14/2026 18:46
334,Seoudi Supermarket,Abu El-Walad Triangle Cheese,Abu El-Walad,66.5,,EGP,Cheese,Cheese & Labneh,Triangle Cheese,16,pieces,,https://seoudisupermarket.com/en/abu-elwalad-triangle-cheese-16-pieces,In Stock,9/14/2026 18:46
335,Seoudi Supermarket,Parmigiano Reggiano Cheese,,210.63,,EGP,Cheese,Cheese & Labneh,Parmesan,0.125,kg,,https://seoudisupermarket.com/en/parmigiano-reggiano-cheese,In Stock,9/14/2026 18:46
336,Seoudi Supermarket,Goat Labneh,,62.49,,EGP,Labneh,Cheese & Labneh,Goat Cheese,0.125,kg,,https://seoudisupermarket.com/en/goat-labneh,In Stock,9/14/2026 18:46
337,Seoudi Supermarket,Food House Goat Cheese,Food House,102,,EGP,Cheese,Cheese & Labneh,Goat Cheese,150,g,,https://seoudisupermarket.com/en/food-house-goat-cheese-150-g,In Stock,9/14/2026 18:46
338,Seoudi Supermarket,Panda Triangle Cheese,Panda,27.95,,EGP,Cheese,Cheese & Labneh,Triangle Cheese,8,pieces,,https://seoudisupermarket.com/en/panda-triangle-cheese-8-piece,In Stock,9/14/2026 18:46
339,Seoudi Supermarket,Halloumi Cheese,,139.98,,EGP,Cheese,Cheese & Labneh,Halloumi,0.4,kg,,https://seoudisupermarket.com/en/halloumi-cheese,In Stock,9/14/2026 18:46
340,Seoudi Supermarket,Kiri Creamy Labneh,Kiri,233.95,,EGP,Labneh,Cheese & Labneh,Labneh,500,g,,https://seoudisupermarket.com/en/kiri-creamy-labneh-500-gm,In Stock,9/14/2026 18:46
341,Seoudi Supermarket,Hajdu Goat Kashkaval Cheese,Hajdu,130.63,,EGP,Cheese,Cheese & Labneh,Kashkaval,0.125,kg,,https://seoudisupermarket.com/en/hajdu-goat-kashkaval-cheese,In Stock,9/14/2026 18:46
342,Seoudi Supermarket,Royal Gouda Goat Cheese with Truffle,Royal,217.5,,EGP,Cheese,Cheese & Labneh,Gouda,0.15,kg,,https://seoudisupermarket.com/en/royal-gouda-goat-cheese-with-truffle,In Stock,9/14/2026 18:46
343,Seoudi Supermarket,Domty Plus Feta Cheese Roumy Flavor,Domty,26.5,31.25,EGP,Cheese,Cheese & Labneh,Feta,250,g,15,https://seoudisupermarket.com/en/domty-plus-feta-cheese-roumy-flavor-250-g,In Stock,9/14/2026 18:46
344,Seoudi Supermarket,Domty Plus Feta Cheese Cheddar Flavor,Domty,26.5,31.25,EGP,Cheese,Cheese & Labneh,Feta,250,g,15,https://seoudisupermarket.com/en/domty-plus-feta-cheese-cheddar-flavor-250-g,In Stock,9/14/2026 18:46
345,Seoudi Supermarket,Domty Gold Feta Emmental Cheese,Domty,90.95,114.75,EGP,Cheese,Cheese & Labneh,Emmental,500,g,21,https://seoudisupermarket.com/en/domty-gold-feta-emmental-cheese-500-g,In Stock,9/14/2026 18:46
346,Seoudi Supermarket,Panda Feta Roumy Cheese,Panda,53.5,,EGP,Cheese,Cheese & Labneh,Feta,500,g,,https://seoudisupermarket.com/en/panda-feta-roumy-cheese-500-g,In Stock,9/14/2026 18:46
347,Seoudi Supermarket,Panda Feta Cheddar Cheese,Panda,53.5,,EGP,Cheese,Cheese & Labneh,Feta,500,g,,https://seoudisupermarket.com/en/panda-feta-cheddar-cheese-500-g,In Stock,9/14/2026 18:46
348,Seoudi Supermarket,Yopolis Labneh,Yopolis,88,,EGP,Labneh,Cheese & Labneh,Labneh,225,g,,https://seoudisupermarket.com/en/yopolis-labneh-225-g,In Stock,9/14/2026 18:46
349,Seoudi Supermarket,Obour Land Low Salt Cheese,Obour Land,51.75,,EGP,Cheese,Cheese & Labneh,,500,g,,https://seoudisupermarket.com/en/obour-land-low-salt-cheese-500-g,In Stock,9/14/2026 18:46
350,Seoudi Supermarket,Obour Land Feta Cheese with Cheddar,Obour Land,27.25,,EGP,Cheese,Cheese & Labneh,Feta,250,g,,https://seoudisupermarket.com/en/obour-land-feta-cheese-with-cheddar-250-g,In Stock,9/14/2026 18:46
351,Seoudi Supermarket,Obour Land Feta Cheese with Roumy,Obour Land,27.25,,EGP,Cheese,Cheese & Labneh,Feta,250,g,,https://seoudisupermarket.com/en/obour-land-feta-cheese-with-roumy-250-g,In Stock,9/14/2026 18:46
352,Seoudi Supermarket,Dodoni Feta Cheese with Thyme,Dodoni,405,,EGP,Cheese,Cheese & Labneh,Feta,350,g,,https://seoudisupermarket.com/en/dodoni-feta-cheese-with-thyme-350-g,In Stock,9/14/2026 18:46
353,Seoudi Supermarket,Domty Istanbuli Cheese,Domty,45.33,54,EGP,Cheese,Cheese & Labneh,Istanbuli,500,g,16,https://seoudisupermarket.com/en/domty-istanbuli-cheese-500-g,In Stock,9/14/2026 18:46
354,Seoudi Supermarket,Domty Feta Cheese with Olives,Domty,45.33,54,EGP,Cheese,Cheese & Labneh,Feta,500,g,16,https://seoudisupermarket.com/en/domty-feta-cheese-with-olives-500-g,In Stock,9/14/2026 18:46
355,Seoudi Supermarket,Panda Creamy Cheese,Panda,41.75,,EGP,Cheese,Cheese & Labneh,Creamy Cheese,4,pieces,,https://seoudisupermarket.com/en/panda-creamy-cheese-4-pieces,In Stock,9/14/2026 18:46
356,Seoudi Supermarket,Pinar Plain Labneh,Pinar,49.98,62.48,EGP,Labneh,Cheese & Labneh,Labneh,0.125,kg,20,https://seoudisupermarket.com/en/pinar-plain-labneh,In Stock,9/14/2026 18:46
357,Seoudi Supermarket,Avanti Cheese Slices with Pastrami,Avanti,84,,EGP,Cheese,Cheese & Labneh,,150,g,,https://seoudisupermarket.com/en/avanti-cheese-slices-with-pastrami-150-g,In Stock,9/14/2026 18:46
358,Seoudi Supermarket,Panda Shredded Mozzarella Cheese,Panda,53.95,,EGP,Cheese,Cheese & Labneh,Mozzarella,180,g,,https://seoudisupermarket.com/en/panda-shredded-mozzarella-cheese-180-g,In Stock,9/14/2026 18:46
359,Seoudi Supermarket,Panda Cheddar Cheese Cup,Panda,360.95,379.95,EGP,Cheese,Cheese & Labneh,,900,g,5,https://seoudisupermarket.com/en/panda-cheddar-cheese-cup-900-g,In Stock,9/14/2026 18:46
360,Seoudi Supermarket,President Triangle Cheese,President,76.5,,EGP,Cheese,Cheese & Labneh,Triangle Cheese,8,pieces,,https://seoudisupermarket.com/en/president-triangle-cheese-8-pieces,In Stock,9/14/2026 18:46
361,Seoudi Supermarket,President Triangle Cheese,President,150.5,,EGP,Cheese,Cheese & Labneh,Triangle Cheese,16,pieces,,https://seoudisupermarket.com/en/president-triangle-cheese-16-pieces,In Stock,9/14/2026 18:46
362,Seoudi Supermarket,Panda Istanbuli Cheese,Panda,53.5,,EGP,Cheese,Cheese & Labneh,Istanbuli,500,g,,https://seoudisupermarket.com/en/panda-istanbuli-cheese-500-g,In Stock,9/14/2026 18:46
363,Seoudi Supermarket,Malika Nabulsi Cheese,Malika,119.95,,EGP,Cheese,Cheese & Labneh,Nabulsi,300,g,,https://seoudisupermarket.com/en/malika-nabulsi-cheese-300-g,In Stock,9/14/2026 18:46
364,Seoudi Supermarket,Cheese Mellow Roquefort Cheese,Cheese Mellow,134.38,,EGP,Cheese,Cheese & Labneh,Roquefort,0.125,kg,,https://seoudisupermarket.com/en/cheese-mellow-roquefort-cheese,In Stock,9/14/2026 18:46
365,Seoudi Supermarket,President Triangle Cheese,President,219.95,,EGP,Cheese,Cheese & Labneh,Triangle Cheese,24,pieces,,https://seoudisupermarket.com/en/president-triangle-cheese-24-pieces,In Stock,9/14/2026 18:46
366,Seoudi Supermarket,Bahcivan Chechil Cheese,Bahcivan,258,,EGP,Cheese,Cheese & Labneh,,200,g,,https://seoudisupermarket.com/en/bahcivan-chechil-cheese-200-g,In Stock,9/14/2026 18:46
367,Seoudi Supermarket,Buffalo Mozzarella,,108.25,,EGP,Cheese,Cheese & Labneh,Mozzarella,0.25,kg,,https://seoudisupermarket.com/en/buffalo-mozzarella,Out of Stock,9/14/2026 18:46
368,Seoudi Supermarket,Philadelphia Original Cheese,Philadelphia,259.95,,EGP,Cheese,Cheese & Labneh,,180,g,,https://seoudisupermarket.com/en/philadelphia-original-cheese-180-g,In Stock,9/14/2026 18:46
369,Seoudi Supermarket,Mag Dairy Labneh,Mag Dairy,54,,EGP,Labneh,Cheese & Labneh,Labneh,120,g,,https://seoudisupermarket.com/en/mag-dairy-labneh-120-g,Out of Stock,9/14/2026 18:46
370,Seoudi Supermarket,Mag Dairy Istanbouli Cheese,Mag Dairy,99.95,125,EGP,Cheese,Cheese & Labneh,Istanbuli,400,g,20,https://seoudisupermarket.com/en/mag-dairy-istanbouli-cheese-400-g,Out of Stock,9/14/2026 18:46
371,Seoudi Supermarket,Mag Dairy Feta Cheese,Mag Dairy,99.95,125,EGP,Cheese,Cheese & Labneh,Feta,400,g,20,https://seoudisupermarket.com/en/mag-dairy-feta-cheese-400-g,Out of Stock,9/14/2026 18:46
372,Seoudi Supermarket,Mama's Vegan Shredded Mozzarella Cheese,Mama's Vegan,255,,EGP,Cheese,Cheese & Labneh,Mozzarella,200,g,,https://seoudisupermarket.com/en/mamas-vegan-shredded-mozzarella-cheese-200-g,Out of Stock,9/14/2026 18:46
373,Seoudi Supermarket,Mama's Vegan Mozzarella Cheese,Mama's Vegan,209,,EGP,Cheese,Cheese & Labneh,Mozzarella,200,g,,https://seoudisupermarket.com/en/mamas-vegan-mozzarella-cheese-200-g,Out of Stock,9/14/2026 18:46
374,Seoudi Supermarket,Mama's Vegan Burger Cheese,Mama's Vegan,209,,EGP,Cheese,Cheese & Labneh,,200,g,,https://seoudisupermarket.com/en/mamas-vegan-burger-cheese-200-g,Out of Stock,9/14/2026 18:46
375,Seoudi Supermarket,Mama's Vegan Mozzarella Cheese Slices,Mama's Vegan,209,,EGP,Cheese,Cheese & Labneh,Mozzarella,200,g,,https://seoudisupermarket.com/en/mamas-vegan-mozzarella-cheese-slices-200-g,Out of Stock,9/14/2026 18:46
376,Seoudi Supermarket,Mama's Vegan White Cheese,Mama's Vegan,209,,EGP,Cheese,Cheese & Labneh,White Cheese,200,g,,https://seoudisupermarket.com/en/mamas-vegan-white-cheese-200-g,Out of Stock,9/14/2026 18:46
377,Seoudi Supermarket,Forsana Burger Cheese Slices,Forsana,149.95,200,EGP,Cheese,Cheese & Labneh,,10,pieces,25,https://seoudisupermarket.com/en/forsana-burger-cheese-slices-10-pieces,Out of Stock,9/14/2026 18:46
378,Seoudi Supermarket,Pride Cheddar Cheese Slices,Pride,149.95,200,EGP,Cheese,Cheese & Labneh,,10,pieces,25,https://seoudisupermarket.com/en/pride-cheddar-cheese-slices-10-pieces,Out of Stock,9/14/2026 18:46
379,Seoudi Supermarket,Puck Triangle Cheese,Puck,429.95,550,EGP,Cheese,Cheese & Labneh,Triangle Cheese,40,pieces,22,https://seoudisupermarket.com/en/puck-triangle-cheese-40-pieces,Out of Stock,9/14/2026 18:46
380,Seoudi Supermarket,Puck Triangle Cheese,Puck,89.95,119.95,EGP,Cheese,Cheese & Labneh,Triangle Cheese,8,pieces,25,https://seoudisupermarket.com/en/puck-triangle-cheese-8-pieces,Out of Stock,9/14/2026 18:46
381,Seoudi Supermarket,Puck Creamy Cheese,Puck,639.95,,EGP,Cheese,Cheese & Labneh,Creamy Cheese,900,g,,https://seoudisupermarket.com/en/puck-creamy-cheese-900-g,Out of Stock,9/14/2026 18:46
382,Seoudi Supermarket,Panda Gourmet Roumy Cheese,Panda,110.5,116.95,EGP,Cheese,Cheese & Labneh,Roumy,240,g,6,https://seoudisupermarket.com/en/panda-gourmet-roumy-cheese-240-g,Out of Stock,9/14/2026 18:46
383,Seoudi Supermarket,Ulker Fresh Cream Cheese,Ulker,134.95,170,EGP,Cheese,Cheese & Labneh,Cream Cheese,180,g,21,https://seoudisupermarket.com/en/ulker-fresh-cream-cheese-180-g,Out of Stock,9/14/2026 18:46
384,Seoudi Supermarket,Ulker Natural Mozzarella Cheese,Ulker,339.95,440,EGP,Cheese,Cheese & Labneh,Mozzarella,450,g,23,https://seoudisupermarket.com/en/ulker-natural-mozzarella-cheese-450-g,Out of Stock,9/14/2026 18:46
385,Seoudi Supermarket,Ulker Natural Mozzarella Cheese,Ulker,149.95,200,EGP,Cheese,Cheese & Labneh,Mozzarella,200,g,25,https://seoudisupermarket.com/en/ulker-natural-mozzarella-cheese-200-g,Out of Stock,9/14/2026 18:46
386,Seoudi Supermarket,Ulker Turkish Cheese Balls,Ulker,234.95,285,EGP,Cheese,Cheese & Labneh,,250,g,18,https://seoudisupermarket.com/en/ulker-turkish-cheese-balls-250-g,Out of Stock,9/14/2026 18:46
387,Seoudi Supermarket,Ulker Turkish Labneh,Ulker,152.95,190,EGP,Labneh,Cheese & Labneh,Labneh,275,g,20,https://seoudisupermarket.com/en/ulker-turkish-labneh-275-g,Out of Stock,9/14/2026 18:46
388,Seoudi Supermarket,Ulker Turkish Labneh,Ulker,274.95,330,EGP,Labneh,Cheese & Labneh,Labneh,550,g,17,https://seoudisupermarket.com/en/ulker-turkish-labneh-550-g,Out of Stock,9/14/2026 18:46
389,Seoudi Supermarket,Ulker Turkish Labneh,Ulker,104.95,130,EGP,Labneh,Cheese & Labneh,Labneh,180,g,19,https://seoudisupermarket.com/en/ulker-turkish-labneh-180-g,Out of Stock,9/14/2026 18:46
390,Seoudi Supermarket,Yopolis Low Salt Cheese Free from Vegetable Oils,Yopolis,114.75,135,EGP,Cheese,Cheese & Labneh,,450,g,15,https://seoudisupermarket.com/en/yopolis-low-salt-cheese-free-from-vegetable-oils-450-g,Out of Stock,9/14/2026 18:46
391,Seoudi Supermarket,Almarai Full Fat Cheddar Cheese,Almarai,104.95,,EGP,Cheese,Cheese & Labneh,,113,g,,https://seoudisupermarket.com/en/almarai-full-fat-cheddar-cheese-113-g,Out of Stock,9/14/2026 18:46
392,Seoudi Supermarket,Almarai Full Fat Cheddar Cheese,Almarai,179.95,,EGP,Cheese,Cheese & Labneh,,200,g,,https://seoudisupermarket.com/en/almarai-full-fat-cheddar-cheese-200-g,Out of Stock,9/14/2026 18:46
393,Seoudi Supermarket,Domty Cheddar Cheese Sauce,Domty,72.95,83.95,EGP,Cheese,Cheese & Labneh,,250,g,13,https://seoudisupermarket.com/en/domty-cheddar-cheese-sauce-250-g,Out of Stock,9/14/2026 18:46
394,Seoudi Supermarket,Kraft Processed Cheddar Cheese,Kraft,66.95,90,EGP,Cheese,Cheese & Labneh,,50,g,26,https://seoudisupermarket.com/en/%D9%83%D8%B1%D8%A7%D9%81%D8%AA-%D8%AC%D8%A8%D9%86%D8%A9-%D8%B4%D9%8A%D8%AF%D8%B1-%D8%B5%D9%81%D9%8A%D8%AD50%D8%AC%D9%85,Out of Stock,9/14/2026 18:46
395,Seoudi Supermarket,Almarai Cheddar Cheese Slices,Almarai,159.95,,EGP,Cheese,Cheese & Labneh,,10,pieces,,https://seoudisupermarket.com/en/almarai-cheddar-cheese-slices-10-piece,Out of Stock,9/14/2026 18:46
396,Seoudi Supermarket,Almarai Creamy Cheese,Almarai,91,,EGP,Cheese,Cheese & Labneh,Creamy Cheese,200,g,,https://seoudisupermarket.com/en/almarai-creamy-cheese-200-g,Out of Stock,9/14/2026 18:46
397,Seoudi Supermarket,Obour Land Gold Feta Cheese,Obour Land,85.75,99.75,EGP,Cheese,Cheese & Labneh,Feta,500,g,14,https://seoudisupermarket.com/en/obour-land-gold-feta-cheese-500-g,Out of Stock,9/14/2026 18:46
398,Seoudi Supermarket,Avanti Cheddar Spread Cream Flavor,Avanti,71.5,84,EGP,Cheese,Cheese & Labneh,,240,g,15,https://seoudisupermarket.com/en/avanti-cheddar-spread-cream-flavor-240-g,Out of Stock,9/14/2026 18:46
399,Seoudi Supermarket,Avanti Cheddar Spread Roumy Flavor,Avanti,66,78,EGP,Cheese,Cheese & Labneh,Roumy,240,g,15,https://seoudisupermarket.com/en/avanti-cheddar-spread-roumy-flavor-240-g,Out of Stock,9/14/2026 18:46
400,Seoudi Supermarket,Master Burger Cheese Slices,Master,119.95,,EGP,Cheese,Cheese & Labneh,,12,pieces,,https://seoudisupermarket.com/en/master-burger-cheese-slices-12-pieces,Out of Stock,9/14/2026 18:46
401,Seoudi Supermarket,Domty White Cheese with Cream,Domty,109.95,144.75,EGP,Cheese,Cheese & Labneh,White Cheese,450,g,24,https://seoudisupermarket.com/en/domty-white-cheese-with-cream-450-g,Out of Stock,9/14/2026 18:46
402,Seoudi Supermarket,Happy Cow Cheddar Cheese Slices,Happy Cow,119.95,,EGP,Cheese,Cheese & Labneh,,8,pieces,,https://seoudisupermarket.com/en/happy-cow-cheddar-cheese-slices-8-pieces,Out of Stock,9/14/2026 18:46
403,Seoudi Supermarket,Dina Farms Ricotta Cheese,Dina Farms,65.95,,EGP,Cheese,Cheese & Labneh,Ricotta,250,g,,https://seoudisupermarket.com/en/dina-farms-ricotta-cheese-250-g,Out of Stock,9/14/2026 18:46
404,Seoudi Supermarket,New Roumy Cheese,,29.88,,EGP,Cheese,Cheese & Labneh,Roumy,0.125,kg,,https://seoudisupermarket.com/en/new-roumy-cheese,Out of Stock,9/14/2026 18:46
405,Seoudi Supermarket,Domty Creamy Cheese with Pastrami,Domty,79.95,99.95,EGP,Cheese,Cheese & Labneh,Creamy Cheese,220,g,20,https://seoudisupermarket.com/en/domty-creamy-cheese-with-pastrami-220-g,Out of Stock,9/14/2026 18:46
406,Seoudi Supermarket,Puck Creamy Cheese Light,Puck,250,,EGP,Cheese,Cheese & Labneh,Creamy Cheese,240,g,,https://seoudisupermarket.com/en/puck-creamy-cheese-light-240-g,Out of Stock,9/14/2026 18:46
407,Seoudi Supermarket,Puck Light Creamy Cheese,Puck,450,,EGP,Cheese,Cheese & Labneh,Creamy Cheese,500,g,,https://seoudisupermarket.com/en/puck-light-creamy-cheese-500g,Out of Stock,9/14/2026 18:46
408,Seoudi Supermarket,Puck Creamy Cheese Rich in Vitamin D,Puck,450,,EGP,Cheese,Cheese & Labneh,Creamy Cheese,500,g,,https://seoudisupermarket.com/en/puck-creamy-cheese-rich-in-vitamin-d-500-g,Out of Stock,9/14/2026 18:46
409,Seoudi Supermarket,Kraft Cheddar Cheese,Kraft,450,,EGP,Cheese,Cheese & Labneh,,480,g,,https://seoudisupermarket.com/en/kraft-cheddar-cheese-480-g,Out of Stock,9/14/2026 18:46
410,Seoudi Supermarket,Kiri Turkish Labneh with Thyme,Kiri,71.95,92,EGP,Labneh,Cheese & Labneh,Labneh,150,g,22,https://seoudisupermarket.com/en/kiri-turkish-labneh-with-thyme-150-g,Out of Stock,9/14/2026 18:46
411,Seoudi Supermarket,Avanti Low Salt Semi Skimmed White Cheese,Avanti,115.5,132.25,EGP,Cheese,Cheese & Labneh,White Cheese,450,g,13,https://seoudisupermarket.com/en/avanti-low-salt-semi-skimmed-white-cheese-450-g,Out of Stock,9/14/2026 18:46
412,Seoudi Supermarket,La Vache Qui Rit Feta Cheese,La Vache Qui Rit,124.95,,EGP,Cheese,Cheese & Labneh,Feta,450,g,,https://seoudisupermarket.com/en/la-vache-qui-rit-feta-cheese-450-g,Out of Stock,9/14/2026 18:46
413,Seoudi Supermarket,La Vache Qui Rit Baramili Cheese,La Vache Qui Rit,124.95,,EGP,Cheese,Cheese & Labneh,Baramili,450,g,,https://seoudisupermarket.com/en/la-vache-qui-rit-baramili-cheese-450-g,Out of Stock,9/14/2026 18:46
414,Seoudi Supermarket,La Vache Qui Rit Istanbouli Cheese,La Vache Qui Rit,124.95,,EGP,Cheese,Cheese & Labneh,Istanbuli,450,g,,https://seoudisupermarket.com/en/la-vache-qui-rit-istanbouli-cheese-450-g,Out of Stock,9/14/2026 18:46
415,Seoudi Supermarket,Almarai Fresh Labneh,Almarai,102.95,,EGP,Labneh,Cheese & Labneh,Labneh,250,g,,https://seoudisupermarket.com/en/almarai-fresh-labneh-250-g,Out of Stock,9/14/2026 18:46
416,Seoudi Supermarket,Puck Squeez Cream Cheese Spread,Puck,409.95,500,EGP,Cheese,Cheese & Labneh,Cream Cheese,400,g,18,https://seoudisupermarket.com/en/puck-squeez-cream-cheese-spread-400-g,Out of Stock,9/14/2026 18:46
417,Seoudi Supermarket,Avanti Natural Cheese Mix,Avanti,110,127.5,EGP,Cheese,Cheese & Labneh,,300,g,14,https://seoudisupermarket.com/en/avanti-natural-mozzarella-cheese-mix-300g,Out of Stock,9/14/2026 18:46
418,Seoudi Supermarket,La Vache Qui Rit Cheddar Cheese Slices,La Vache Qui Rit,314.95,,EGP,Cheese,Cheese & Labneh,,24,pieces,,https://seoudisupermarket.com/en/la-vache-qui-rit-cheddar-cheese-slices-24-pieces,Out of Stock,9/14/2026 18:46
419,Seoudi Supermarket,La Vache Qui Rit Chedder Cheese Slices,La Vache Qui Rit,164.95,,EGP,Cheese,Cheese & Labneh,,12,pieces,,https://seoudisupermarket.com/en/la-vache-qui-rit-chedder-cheese-slices-12-pieces,Out of Stock,9/14/2026 18:46
420,Seoudi Supermarket,La Vache Qui Rit Cheese Slices for Burgers,La Vache Qui Rit,164.95,,EGP,Cheese,Cheese & Labneh,,12,pieces,,https://seoudisupermarket.com/en/la-vache-qui-rit-cheese-slices-for-burgers-12-pieces,Out of Stock,9/14/2026 18:46
421,Seoudi Supermarket,Almarai Istanbuli Cheese,Almarai,115.5,126.5,EGP,Cheese,Cheese & Labneh,Istanbuli,450,g,9,https://seoudisupermarket.com/en/almarai-istanbuli-cheese-450-g,Out of Stock,9/14/2026 18:46
422,Seoudi Supermarket,La Vache Qui Rit Classic Triangle Cheese,La Vache Qui Rit,186,,EGP,Cheese,Cheese & Labneh,Triangle Cheese,40,pieces,,https://seoudisupermarket.com/en/la-vache-qui-rit-classic-triangle-cheese-40-pieces,Out of Stock,9/14/2026 18:46
423,Seoudi Supermarket,Avanti Natural Mozzarella Cheese,Avanti,110,127.5,EGP,Cheese,Cheese & Labneh,Mozzarella,300,g,14,https://seoudisupermarket.com/en/avanti-natural-mozzarella-cheese-300-g,Out of Stock,9/14/2026 18:46
424,Seoudi Supermarket,Almarai Soft White Cheese,Almarai,115.5,126.5,EGP,Cheese,Cheese & Labneh,White Cheese,450,g,9,https://seoudisupermarket.com/en/almarai-feta-cheese-450-g,Out of Stock,9/14/2026 18:46
425,Seoudi Supermarket,Panda Feta Cheese with Pastrami Flavor,Panda,53.5,,EGP,Cheese,Cheese & Labneh,Feta,500,g,,https://seoudisupermarket.com/en/panda-feta-cheese-with-pastrami-flavor-500-g,Out of Stock,9/14/2026 18:46
426,Seoudi Supermarket,Greek Feta Cheese in Oil,,149,,EGP,Cheese,Cheese & Labneh,Feta,200,g,,https://seoudisupermarket.com/en/greek-feta-cheese-200-g,Out of Stock,9/14/2026 18:46
427,Seoudi Supermarket,Domty Gold Feta Emmental Cheese,Domty,45.75,57.5,EGP,Cheese,Cheese & Labneh,Emmental,250,g,20,https://seoudisupermarket.com/en/domty-gold-feta-emmental-cheese-250-g,Out of Stock,9/14/2026 18:46
428,Seoudi Supermarket,Virgilio Mascarpone,Virgilio,355,,EGP,Cheese,Cheese & Labneh,Mascarpone,500,g,,https://seoudisupermarket.com/en/virgilio-mascarpone-500-g,Out of Stock,9/14/2026 18:46
429,Seoudi Supermarket,Almarai Cheddar Cheese Slices for Sandwich,Almarai,159.95,,EGP,Cheese,Cheese & Labneh,,10,pieces,,https://seoudisupermarket.com/en/almarai-cheddar-cheese-slices-10-pieces,Out of Stock,9/14/2026 18:46
430,Seoudi Supermarket,Almarai Burger Cheese Slices,Almarai,159.95,,EGP,Cheese,Cheese & Labneh,,10,pieces,,https://seoudisupermarket.com/en/almarai-burger-cheese-slices-10-pieces,Out of Stock,9/14/2026 18:46
431,Seoudi Supermarket,La Vache Qui Rit Creamy Cheese Spread Jar,La Vache Qui Rit,218.95,,EGP,Cheese,Cheese & Labneh,Creamy Cheese,500,g,,https://seoudisupermarket.com/en/la-vache-qui-rit-creamy-cheese-spread-jar-500-g,Out of Stock,9/14/2026 18:46
432,Seoudi Supermarket,Dodoni Low Salt Feta Cheese,Dodoni,288,,EGP,Cheese,Cheese & Labneh,Feta,200,g,,https://seoudisupermarket.com/en/dodoni-low-salt-feta-cheese-200-g,Out of Stock,9/14/2026 18:46
433,Seoudi Supermarket,Alasdekaa Cottage Cheese,Alasdekaa,109.95,,EGP,Cheese,Cheese & Labneh,Cottage Cheese,800,g,,https://seoudisupermarket.com/en/alasdekaa-cottage-cheese-800-g,Out of Stock,9/14/2026 18:46
434,Seoudi Supermarket,Domty Feta Cheese with Pepper,Domty,45.33,54,EGP,Cheese,Cheese & Labneh,Feta,500,g,16,https://seoudisupermarket.com/en/domty-feta-cheese-with-pepper-500-g,Out of Stock,9/14/2026 18:46
435,Seoudi Supermarket,Domty Feta Cheese with Pepper,Domty,22.75,27.25,EGP,Cheese,Cheese & Labneh,Feta,250,g,17,https://seoudisupermarket.com/en/domty-feta-cheese-with-pepper-250-g,Out of Stock,9/14/2026 18:46
436,Seoudi Supermarket,Domty Creamy Cheese with Jalapeno,Domty,136.5,149.5,EGP,Cheese,Cheese & Labneh,Creamy Cheese,380,g,9,https://seoudisupermarket.com/en/domty-creamy-cheese-with-jalapeno-380-g,Out of Stock,9/14/2026 18:46
437,Seoudi Supermarket,Domty Creamy Cheese with Honey,Domty,136.5,149.5,EGP,Cheese,Cheese & Labneh,Creamy Cheese,380,g,9,https://seoudisupermarket.com/en/domty-creamy-cheese-with-honey-380-g,Out of Stock,9/14/2026 18:46
438,Seoudi Supermarket,Domty Cream Cheese with Honey,Domty,79.95,99.95,EGP,Cheese,Cheese & Labneh,Cream Cheese,220,g,20,https://seoudisupermarket.com/en/domty-cream-cheese-with-honey-220-g,Out of Stock,9/14/2026 18:46
439,Seoudi Supermarket,Alasdekaa Cheese with Cheddar,Alasdekaa,97.95,101.95,EGP,Cheese,Cheese & Labneh,,270,g,4,https://seoudisupermarket.com/en/alasdekaa-cheese-with-cheddar-270-g,Out of Stock,9/14/2026 18:46
440,Seoudi Supermarket,Alasdekaa Cheese with Cream,Alasdekaa,97.95,101.95,EGP,Cheese,Cheese & Labneh,,270,g,4,https://seoudisupermarket.com/en/alasdekaa-cheese-with-cream-270-g,Out of Stock,9/14/2026 18:46
441,Seoudi Supermarket,Alasdekaa Cheese with Pastrami,Alasdekaa,108.95,113.95,EGP,Cheese,Cheese & Labneh,,270,g,4,https://seoudisupermarket.com/en/alasdekaa-cheese-with-pastrami-270-g,Out of Stock,9/14/2026 18:46
442,Seoudi Supermarket,Puck Spread Cream Cheese,Puck,444.95,500,EGP,Cheese,Cheese & Labneh,Cream Cheese,500,g,11,https://seoudisupermarket.com/en/puck-spread-cream-cheese-500-g,Out of Stock,9/14/2026 18:46
443,Seoudi Supermarket,Abu El-Walad Cheese with Cheddar,Abu El-Walad,20,,EGP,Cheese,Cheese & Labneh,,100,g,,https://seoudisupermarket.com/en/abu-elwalad-cheese-with-cheddar-100-g,Out of Stock,9/14/2026 18:46
444,Seoudi Supermarket,Abu El-Walad Classic Cheese,Abu El-Walad,20,,EGP,Cheese,Cheese & Labneh,,100,g,,https://seoudisupermarket.com/en/abu-elwalad-classic-cheese-100-g,Out of Stock,9/14/2026 18:46
445,Seoudi Supermarket,Bahcivan Lactose Free Cheese,Bahcivan,325,,EGP,Cheese,Cheese & Labneh,,420,g,,https://seoudisupermarket.com/en/bahcivan-lactose-free-cheese-420-g,Out of Stock,9/14/2026 18:46
446,Seoudi Supermarket,Kraft Squeeze Original Cheddar Cheese,Kraft,440,,EGP,Cheese,Cheese & Labneh,,440,g,,https://seoudisupermarket.com/en/kraft-original-spread-cheddar-cheese-440-g,Out of Stock,9/14/2026 18:46
447,Seoudi Supermarket,Kraft Original Cheddar Cheese,Kraft,250,,EGP,Cheese,Cheese & Labneh,,230,g,,https://seoudisupermarket.com/en/kraft-original-cheddar-cheese-230-g,Out of Stock,9/14/2026 18:46
448,Seoudi Supermarket,Domty Istanbouli Cheese,Domty,109.95,144.75,EGP,Cheese,Cheese & Labneh,Istanbuli,450,g,24,https://seoudisupermarket.com/en/domty-istanbouli-cheese-450-g,Out of Stock,9/14/2026 18:46
449,Seoudi Supermarket,Domty Gold Light Feta Cheese,Domty,90.95,114.75,EGP,Cheese,Cheese & Labneh,Feta,500,g,21,https://seoudisupermarket.com/en/domty-gold-lite-feta-cheese-500-g,Out of Stock,9/14/2026 18:46
450,Seoudi Supermarket,Domty Light Mozzarella Cheese,Domty,128.95,169.5,EGP,Cheese,Cheese & Labneh,Mozzarella,280,g,24,https://seoudisupermarket.com/en/domty-light-mozzarella-cheese-280-g,Out of Stock,9/14/2026 18:46
451,Seoudi Supermarket,Domty Mozzarella Cheese,Domty,128.95,169.5,EGP,Cheese,Cheese & Labneh,Mozzarella,280,g,24,https://seoudisupermarket.com/en/domty-mozzarella-cheese-280-g,Out of Stock,9/14/2026 18:46
452,Seoudi Supermarket,Domty Gold Feta Cheese,Domty,90.95,114.75,EGP,Cheese,Cheese & Labneh,Feta,500,g,21,https://seoudisupermarket.com/en/domty-gold-feta-cheese-500-g,Out of Stock,9/14/2026 18:46
453,Seoudi Supermarket,g's Natural Mozzarella Cheese,g's,177.5,,EGP,Cheese,Cheese & Labneh,Mozzarella,350,g,,https://seoudisupermarket.com/en/gs-natural-mozzarella-cheese-350-g,Out of Stock,9/14/2026 18:46
454,Seoudi Supermarket,Dina Farms Cheese with Cream,Dina Farms,193.95,,EGP,Cheese,Cheese & Labneh,,500,g,,https://seoudisupermarket.com/en/dina-farms-cheese-with-cream-500-g,Out of Stock,9/14/2026 18:46
455,Seoudi Supermarket,Blue River Cheddar Cheese Slices,Blue River,493,,EGP,Cheese,Cheese & Labneh,,48,pieces,,https://seoudisupermarket.com/en/blue-river-cheddar-cheese-slices-48-pieces,Out of Stock,9/14/2026 18:46
456,Seoudi Supermarket,Domty Creamy Roumy Cheese,Domty,79.95,99.95,EGP,Cheese,Cheese & Labneh,Roumy,220,g,20,https://seoudisupermarket.com/en/domty-creamy-roumy-cheese-220-g,Out of Stock,9/14/2026 18:46
457,Seoudi Supermarket,Domty Plain Creamy Cheese,Domty,79.95,99.95,EGP,Cheese,Cheese & Labneh,Creamy Cheese,220,g,20,https://seoudisupermarket.com/en/domty-plain-creamy-cheese-220-g,Out of Stock,9/14/2026 18:46
458,Seoudi Supermarket,Domty Creamy Cheese with Burger Flavor,Domty,79.95,99.95,EGP,Cheese,Cheese & Labneh,Creamy Cheese,220,g,20,https://seoudisupermarket.com/en/domty-creamy-cheese-with-burger-flavor-220-g,Out of Stock,9/14/2026 18:46
459,Seoudi Supermarket,Domty Feta Cheese,Domty,22.75,27.25,EGP,Cheese,Cheese & Labneh,Feta,250,g,17,https://seoudisupermarket.com/en/domty-feta-cheese-250-g,Out of Stock,9/14/2026 18:46
460,Seoudi Supermarket,Domty Light Creamy Cheese,Domty,136.5,149.5,EGP,Cheese,Cheese & Labneh,Creamy Cheese,380,g,9,https://seoudisupermarket.com/en/domty-light-creamy-cheese-380-g,Out of Stock,9/14/2026 18:46
461,Seoudi Supermarket,Domty Feta Cheese,Domty,45.33,54,EGP,Cheese,Cheese & Labneh,Feta,500,g,16,https://seoudisupermarket.com/en/domty-feta-cheese-500-g,Out of Stock,9/14/2026 18:46
462,Seoudi Supermarket,Domty Istanbuli Cheese,Domty,85.5,103.95,EGP,Cheese,Cheese & Labneh,Istanbuli,1,kg,18,https://seoudisupermarket.com/en/domty-istanbuli-cheese-1kg,Out of Stock,9/14/2026 18:46
463,Seoudi Supermarket,Domty Feta Light Cheese,Domty,99.95,108,EGP,Cheese,Cheese & Labneh,Feta,1,kg,7,https://seoudisupermarket.com/en/domty-feta-light-cheese-1-kg,Out of Stock,9/14/2026 18:46
464,Seoudi Supermarket,Domty Plus Istanbouli Cheese,Domty,52.95,62.5,EGP,Cheese,Cheese & Labneh,Istanbuli,500,g,15,https://seoudisupermarket.com/en/domty-plus-istanbouli-cheese-500-g,Out of Stock,9/14/2026 18:46
465,Seoudi Supermarket,Domty Plus Feta Cheese,Domty,26.5,31.25,EGP,Cheese,Cheese & Labneh,Feta,250,g,15,https://seoudisupermarket.com/en/domty-plus-feta-cheese-250-g,Out of Stock,9/14/2026 18:46
466,Seoudi Supermarket,Domty Low Salt Cheese,Domty,116.95,129.75,EGP,Cheese,Cheese & Labneh,,400,g,10,https://seoudisupermarket.com/en/domty-low-salt-cheese-400-g,Out of Stock,9/14/2026 18:46
467,Seoudi Supermarket,Domty Creamy Cheese with Pastrami,Domty,136.5,149.5,EGP,Cheese,Cheese & Labneh,Creamy Cheese,380,g,9,https://seoudisupermarket.com/en/domty-creamy-cheese-with-pastrami-380-g,Out of Stock,9/14/2026 18:46
468,Seoudi Supermarket,Domty Plus Feta Cheese with Pastrami Flavor,Domty,52.95,62.5,EGP,Cheese,Cheese & Labneh,Feta,500,g,15,https://seoudisupermarket.com/en/domty-plus-feta-cheese-with-pastrami-flavor-500-g,Out of Stock,9/14/2026 18:46
469,Seoudi Supermarket,Domty Shredded Mozzarella Cheese,Domty,82.25,104.75,EGP,Cheese,Cheese & Labneh,Mozzarella,280,g,21,https://seoudisupermarket.com/en/domty-shredded-mozzarella-cheese-280-g,Out of Stock,9/14/2026 18:46
470,Seoudi Supermarket,Domty Shredded Mozzarella Cheese,Domty,162.75,199.5,EGP,Cheese,Cheese & Labneh,Mozzarella,550,g,18,https://seoudisupermarket.com/en/domty-shredded-mozzarella-cheese-550-g,Out of Stock,9/14/2026 18:46
471,Seoudi Supermarket,Domty Shredded Mozzarella Cheese,Domty,279.95,349,EGP,Cheese,Cheese & Labneh,Mozzarella,1,kg,20,https://seoudisupermarket.com/en/domty-shredded-mozzarella-cheese-1-kg,Out of Stock,9/14/2026 18:46
472,Seoudi Supermarket,Domty Feta Cheese with Olives,Domty,85.5,103.95,EGP,Cheese,Cheese & Labneh,Feta,1,kg,18,https://seoudisupermarket.com/en/domty-feta-cheese-with-olives-1-kg,Out of Stock,9/14/2026 18:46
473,Seoudi Supermarket,Domty Plain Creamy Cheese,Domty,136.5,149.5,EGP,Cheese,Cheese & Labneh,Creamy Cheese,380,g,9,https://seoudisupermarket.com/en/domty-plain-creamy-cheese-380-g,Out of Stock,9/14/2026 18:46
474,Seoudi Supermarket,Domty Olive Creamy Cheese,Domty,136.5,149.5,EGP,Cheese,Cheese & Labneh,Creamy Cheese,380,g,9,https://seoudisupermarket.com/en/domty-olive-creamy-cheese-380-g,Out of Stock,9/14/2026 18:46
475,Seoudi Supermarket,Avanti Mozzarella Cheese Slices,Avanti,66,78,EGP,Cheese,Cheese & Labneh,Mozzarella,150,g,15,https://seoudisupermarket.com/en/avanti-mozzarella-cheese-slices-150-g,Out of Stock,9/14/2026 18:46
476,Seoudi Supermarket,Avanti Natural Feta Cheese,Avanti,187,207,EGP,Cheese,Cheese & Labneh,Feta,800,g,10,https://seoudisupermarket.com/en/avanti-natural-feta-cheese-800-g,Out of Stock,9/14/2026 18:46
477,Seoudi Supermarket,Yopolis Dipz Cream Cheese with Garlic & Herbs and Pretzel Crackers,Yopolis,29,,EGP,Cheese,Cheese & Labneh,Cream Cheese,70,g,,https://seoudisupermarket.com/en/yopolis-dipz-cream-cheese-with-garlic-and-herbs-and-pretzel-crackers-70-g,Out of Stock,9/14/2026 18:46
478,Seoudi Supermarket,Yopolis Dipz Cream Cheese with Pretzel Crackers,Yopolis,29,,EGP,Cheese,Cheese & Labneh,Cream Cheese,70,g,,https://seoudisupermarket.com/en/yopolis-dipz-cream-cheese-with-pretzel-crackers-70-g,Out of Stock,9/14/2026 18:46
479,Seoudi Supermarket,Almarai Feta Cheese,Almarai,25.95,,EGP,Cheese,Cheese & Labneh,Feta,250,g,,https://seoudisupermarket.com/en/almarai-feta-cheese-250-g,Out of Stock,9/14/2026 18:46
480,Seoudi Supermarket,Almarai Cream Cheese,Almarai,124.95,140,EGP,Cheese,Cheese & Labneh,Cream Cheese,12,pieces,11,https://seoudisupermarket.com/en/almarai-cream-cheese-12-pieces,Out of Stock,9/14/2026 18:46
481,Seoudi Supermarket,Almarai Cream Cheese,Almarai,64.95,70,EGP,Cheese,Cheese & Labneh,Cream Cheese,6,pieces,7,https://seoudisupermarket.com/en/almarai-cream-cheese-6-pieces,Out of Stock,9/14/2026 18:46
482,Seoudi Supermarket,Grated Parmigiano Reggiano Cheese,,211.88,,EGP,Cheese,Cheese & Labneh,Parmesan,0.125,kg,,https://seoudisupermarket.com/en/grated-parmigiano-reggiano-cheese,Out of Stock,9/14/2026 18:46
483,Seoudi Supermarket,Seoudi Blue Cheese Salad,Seoudi,40.63,,EGP,Cheese,Cheese & Labneh,Blue Cheese,0.125,kg,,https://seoudisupermarket.com/en/seoudi-blue-cheese-salad,Out of Stock,9/14/2026 18:46
484,Seoudi Supermarket,Primos Natural Mozzarella,Primos,135,,EGP,Cheese,Cheese & Labneh,Mozzarella,300,g,,https://seoudisupermarket.com/en/primos-natural-mozzarella-300-g,Out of Stock,9/14/2026 18:46
485,Seoudi Supermarket,Yopolis Garlic and Herb Cheese,Yopolis,88,98,EGP,Cheese,Cheese & Labneh,,225,g,10,https://seoudisupermarket.com/en/yopolis-garlic-and-herb-cheese-225-g,Out of Stock,9/14/2026 18:46
486,Seoudi Supermarket,Seoudi Natural Mozzarella Cheese Slices,Seoudi,49.38,,EGP,Cheese,Cheese & Labneh,Mozzarella,0.125,kg,,https://seoudisupermarket.com/en/seoudi-natural-mozzarella-cheese-slices,Out of Stock,9/14/2026 18:46
487,Seoudi Supermarket,Obour Land Natural Feta Cheese,Obour Land,47.45,,EGP,Cheese,Cheese & Labneh,Feta,250,g,,https://seoudisupermarket.com/en/obour-land-natural-feta-cheese-250-g,Out of Stock,9/14/2026 18:46
488,Seoudi Supermarket,"La Vache Qui rit Triangle Cheese, Original",La Vache Qui Rit,66.95,,EGP,Cheese,Cheese & Labneh,Triangle Cheese,8,pieces,,https://seoudisupermarket.com/en/la-vache-qui-rit-triangle-cheese-original-8-pieces,Out of Stock,9/14/2026 18:46
489,Seoudi Supermarket,Babybel Mini,Babybel,122.5,,EGP,Cheese,Cheese & Labneh,Babybel,100,g,,https://seoudisupermarket.com/en/babybel-mini-100-g,Out of Stock,9/14/2026 18:46
490,Seoudi Supermarket,Dina Farms Low Salt Cheese,Dina Farms,114.95,,EGP,Cheese,Cheese & Labneh,,450,g,,https://seoudisupermarket.com/en/dina-farms-low-salt-cheese-450-g,Out of Stock,9/14/2026 18:46
491,Seoudi Supermarket,Seoudi Multigrain Cottage Cheese,Seoudi,85,,EGP,Cheese,Cheese & Labneh,Cottage Cheese,250,g,,https://seoudisupermarket.com/en/seoudi-multigrain-cottage-cheese-250-g,Out of Stock,9/14/2026 18:46
492,Seoudi Supermarket,Kiri Dippers Cheese,Kiri,34.5,,EGP,Cheese,Cheese & Labneh,,35,g,,https://seoudisupermarket.com/en/kiri-dippers-cheese-35-g,Out of Stock,9/14/2026 18:46
493,Seoudi Supermarket,Milkana Cheddar Cheese Sauce,Milkana,246.95,,EGP,Cheese,Cheese & Labneh,,900,g,,https://seoudisupermarket.com/en/milkana-cheddar-cheese-sauce-900-g,Out of Stock,9/14/2026 18:46
494,Seoudi Supermarket,Kiri Spread Creamy Cheese,Kiri,319.95,360,EGP,Cheese,Cheese & Labneh,Creamy Cheese,500,g,11,https://seoudisupermarket.com/en/kiri-spread-creamy-cheese-500-g,Out of Stock,9/14/2026 18:46
495,Seoudi Supermarket,Al Sharq Halloumi Cheese Fingers,Al Sharq,103.5,,EGP,Cheese,Cheese & Labneh,Halloumi,200,g,,https://seoudisupermarket.com/en/al-sharq-halloumi-cheese-fingers-200-g,Out of Stock,9/14/2026 18:46
496,Seoudi Supermarket,Malika Hallomi Cheese,Malika,126.95,,EGP,Cheese,Cheese & Labneh,,300,g,,https://seoudisupermarket.com/en/malika-hallomi-cheese-300-g,Out of Stock,9/14/2026 18:46
497,Seoudi Supermarket,Alsharq Halloumi Cheese,Al Sharq,103.5,,EGP,Cheese,Cheese & Labneh,Halloumi,200,g,,https://seoudisupermarket.com/en/alsharq-halloumi-cheese-200-g,Out of Stock,9/14/2026 18:46
498,Seoudi Supermarket,Alasdekaa Moazzarella Cheese,Alasdekaa,345.95,349.95,EGP,Cheese,Cheese & Labneh,Mozzarella,900,g,1,https://seoudisupermarket.com/en/alasdekaa-moazzarella-cheese-900-g,Out of Stock,9/14/2026 18:46
499,Seoudi Supermarket,Alasdekaa Mozzarella Cheese,Alasdekaa,91.95,97.95,EGP,Cheese,Cheese & Labneh,Mozzarella,200,g,6,https://seoudisupermarket.com/en/alasdekaa-mozzarella-cheese-200-g,Out of Stock,9/14/2026 18:46
500,Seoudi Supermarket,Alasdekaa Mozzarella Cheese,Alasdekaa,143.95,,EGP,Cheese,Cheese & Labneh,Mozzarella,300,g,,https://seoudisupermarket.com/en/alasdekaa-mozzarella-cheese-300-g,Out of Stock,9/14/2026 18:46
501,Seoudi Supermarket,Food House Goat Cheese with Black Pepper,Food House,102,,EGP,Cheese,Cheese & Labneh,Goat Cheese,150,g,,https://seoudisupermarket.com/en/food-house-goat-cheese-with-black-pepper-150-g,Out of Stock,9/14/2026 18:46
502,Seoudi Supermarket,Food House Thyme Goat Cheese,Food House,102,,EGP,Cheese,Cheese & Labneh,Goat Cheese,150,g,,https://seoudisupermarket.com/en/food-house-thyme-goat-cheese-150-g,Out of Stock,9/14/2026 18:46
503,Seoudi Supermarket,Dutch Maasdam Cheese,,78.13,,EGP,Cheese,Cheese & Labneh,Maasdam,0.125,kg,,https://seoudisupermarket.com/en/%D8%AC%D8%A8%D9%86%D8%A9-%D9%85%D8%B3%D8%AF%D8%A7%D9%85-%D9%87%D9%88%D9%84%D9%86%D8%AF%D9%89-%D9%88%D8%B2%D9%86-2005467000000,Out of Stock,9/14/2026 18:46
504,Seoudi Supermarket,Old Amsterdam Cheese Wedges,Old Amsterdam,639.95,740,EGP,Cheese,Cheese & Labneh,,300,g,14,https://seoudisupermarket.com/en/old-amsterdam-cheese-wedges-300-g,Out of Stock,9/14/2026 18:46
505,Seoudi Supermarket,Old Amsterdam Cheese Wedges,Old Amsterdam,249.95,350,EGP,Cheese,Cheese & Labneh,,90,g,29,https://seoudisupermarket.com/en/old-amsterdam-cheese-wedges-90-g,Out of Stock,9/14/2026 18:46
506,Seoudi Supermarket,Cheesa Roquefort Cheese,Cheesa,121,,EGP,Cheese,Cheese & Labneh,Roquefort,100,g,,https://seoudisupermarket.com/en/cheesa-roquefort-cheese-100-g,Out of Stock,9/14/2026 18:46
507,Seoudi Supermarket,Seoudi Blue Cheese & Tortilla Chips,Seoudi,115,,EGP,Cheese,Cheese & Labneh,Blue Cheese,170,g,,https://seoudisupermarket.com/en/seoudi-blue-cheese-and-tortilla-chips-170-g,Out of Stock,9/14/2026 18:46
508,Seoudi Supermarket,Saluti French Emmental Cheese,Saluti,168.75,,EGP,Cheese,Cheese & Labneh,Emmental,150,g,,https://seoudisupermarket.com/en/saluti-french-emmental-cheese-150-g,Out of Stock,9/14/2026 18:46
509,Seoudi Supermarket,Prima Processed Creamy Cheese,Prima,99.95,,EGP,Cheese,Cheese & Labneh,Creamy Cheese,240,g,,https://seoudisupermarket.com/en/prima-processed-creamy-cheese-240-g,Out of Stock,9/14/2026 18:46
510,Seoudi Supermarket,Al Karam Cheddar Cheese Sauce,Al Karam,25,,EGP,Cheese,Cheese & Labneh,,0.125,kg,,https://seoudisupermarket.com/en/al-karam-cheddar-cheese-sauce,Out of Stock,9/14/2026 18:46
511,Seoudi Supermarket,Cheesa Edam Cheese,Cheesa,144.5,,EGP,Cheese,Cheese & Labneh,Edam,235,g,,https://seoudisupermarket.com/en/cheesa-edam-cheese-235-g,Out of Stock,9/14/2026 18:46
512,Seoudi Supermarket,La Vache Qui rit Creamy Cheese Jar,La Vache Qui Rit,114.95,,EGP,Cheese,Cheese & Labneh,Creamy Cheese,240,g,,https://seoudisupermarket.com/en/la-vache-qui-rit-creamy-cheese-jar-240-g,Out of Stock,9/14/2026 18:46
513,Seoudi Supermarket,La Vache Qui rit Vegeterian Triangle Cheese,La Vache Qui Rit,39,,EGP,Cheese,Cheese & Labneh,Triangle Cheese,8,pieces,,https://seoudisupermarket.com/en/la-vache-qui-rit-vegeterian-triangle-cheese-8-pieces,Out of Stock,9/14/2026 18:46
514,Seoudi Supermarket,Royal Goat Gouda Cheese,Royal,131.25,,EGP,Cheese,Cheese & Labneh,Gouda,0.125,kg,,https://seoudisupermarket.com/en/royal-goat-gouda-cheese,Out of Stock,9/14/2026 18:46
515,Seoudi Supermarket,Bulgarian Kashkaval Cheese,,85,,EGP,Cheese,Cheese & Labneh,Kashkaval,0.125,kg,,https://seoudisupermarket.com/en/bulgarian-kashkaval-cheese,Out of Stock,9/14/2026 18:46
516,Seoudi Supermarket,Dolce Provolone Cheese,Dolce,115.63,,EGP,Cheese,Cheese & Labneh,Provolone,0.125,kg,,https://seoudisupermarket.com/en/dolce-provolone-cheese,Out of Stock,9/14/2026 18:46
517,Seoudi Supermarket,Domty Mix Shredded Mozzarella & Roumy Cheese,Domty,85.95,154.5,EGP,Cheese,Cheese & Labneh,Mozzarella,280,g,44,https://seoudisupermarket.com/en/domty-mix-shredded-mozzarella-and-roumy-cheese-280-g,Out of Stock,9/14/2026 18:46
518,Seoudi Supermarket,Prima Ricotta Cheese,Prima,107.95,,EGP,Cheese,Cheese & Labneh,Ricotta,400,g,,https://seoudisupermarket.com/en/prima-ricotta-cheese-400-g,Out of Stock,9/14/2026 18:46
519,Seoudi Supermarket,Kiri Cream Cheese,Kiri,45.5,,EGP,Cheese,Cheese & Labneh,Cream Cheese,4,pieces,,https://seoudisupermarket.com/en/kiri-cream-cheese-4-pieces,Out of Stock,9/14/2026 18:46
520,Seoudi Supermarket,Lebanese Nabulsi Cheese,,137.98,,EGP,Cheese,Cheese & Labneh,Nabulsi,0.4,kg,,https://seoudisupermarket.com/en/lebanese-nabulsi-cheese,Out of Stock,9/14/2026 18:46
521,Seoudi Supermarket,Hajdu Smoked Kashkaval Cheese,Hajdu,102.49,,EGP,Cheese,Cheese & Labneh,Kashkaval,0.125,kg,,https://seoudisupermarket.com/en/hajdu-smoked-kashkaval-cheese,Out of Stock,9/14/2026 18:46
522,Seoudi Supermarket,Almarai Labneh,Almarai,252.95,,EGP,Labneh,Cheese & Labneh,Labneh,400,g,,https://seoudisupermarket.com/en/almarai-labneh-400-g,Out of Stock,9/14/2026 18:46
523,Seoudi Supermarket,Shallal Cheese,,167.98,,EGP,Cheese,Cheese & Labneh,Shallal,0.4,kg,,https://seoudisupermarket.com/en/shallal-cheese,Out of Stock,9/14/2026 18:46
524,Seoudi Supermarket,Bulgarian Goat Kashkaval Cheese,,128.75,,EGP,Cheese,Cheese & Labneh,Kashkaval,0.125,kg,,https://seoudisupermarket.com/en/bulgarian-goat-kashkaval-cheese,Out of Stock,9/14/2026 18:46
525,Seoudi Supermarket,"La Vache Qui rit Triangle Cheese, Original",La Vache Qui Rit,192.95,,EGP,Cheese,Cheese & Labneh,Triangle Cheese,24,pieces,,https://seoudisupermarket.com/en/la-vache-qui-rit-triangle-cheese-original-24-pieces,Out of Stock,9/14/2026 18:46
526,Seoudi Supermarket,Virgilio Mascarpone Cheese,Virgilio,220,,EGP,Cheese,Cheese & Labneh,Mascarpone,250,g,,https://seoudisupermarket.com/en/virgilio-mascarpone-cheese-250-g,Out of Stock,9/14/2026 18:46
527,Seoudi Supermarket,Almarai Labneh,Almarai,120.95,,EGP,Labneh,Cheese & Labneh,Labneh,180,g,,https://seoudisupermarket.com/en/almarai-labneh-180-g,Out of Stock,9/14/2026 18:46
528,Seoudi Supermarket,Kiri Creamy Cheese,Kiri,399.95,550,EGP,Cheese,Cheese & Labneh,Creamy Cheese,48,pieces,27,https://seoudisupermarket.com/en/kiri-creamy-cheese-48-pieces,Out of Stock,9/14/2026 18:46
529,Seoudi Supermarket,Saluti Parmisan Cheese,Saluti,390.5,,EGP,Cheese,Cheese & Labneh,,250,g,,https://seoudisupermarket.com/en/saluti-parmisan-cheese-250-g,Out of Stock,9/14/2026 18:46
530,Seoudi Supermarket,La Vache Qui rit Vegeterian Triangle Cheese,La Vache Qui Rit,77,,EGP,Cheese,Cheese & Labneh,Triangle Cheese,16,pieces,,https://seoudisupermarket.com/en/la-vache-qui-rit-vegeterian-triangle-cheese-16-pieces,Out of Stock,9/14/2026 18:46
531,Seoudi Supermarket,Hajdu Light Kashkaval Cheese,Hajdu,96.87,,EGP,Cheese,Cheese & Labneh,Kashkaval,0.125,kg,,https://seoudisupermarket.com/en/hajdu-lite-kashkaval-cheese,Out of Stock,9/14/2026 18:46
532,Seoudi Supermarket,Swiss Gruyere Cheese,,164.5,,EGP,Cheese,Cheese & Labneh,Gruyere,0.1,kg,,https://seoudisupermarket.com/en/swiss-gruyere-cheese,Out of Stock,9/14/2026 18:46
533,Seoudi Supermarket,"La Vache Qui rit Triangle Cheese, Original",La Vache Qui Rit,249.95,,EGP,Cheese,Cheese & Labneh,Triangle Cheese,32,pieces,,https://seoudisupermarket.com/en/la-vache-qui-rit-triangle-cheese-original-32-pieces,Out of Stock,9/14/2026 18:46
534,Seoudi Supermarket,Basiron Gouda Cheese with Jalapeno,Basiron,137.38,,EGP,Cheese,Cheese & Labneh,Gouda,0.125,kg,,https://seoudisupermarket.com/en/basiron-gouda-cheese-with-jalapeno,Out of Stock,9/14/2026 18:46
535,Seoudi Supermarket,Domty Plus Feta Cheese Edam Flavor,Domty,26.5,31.25,EGP,Cheese,Cheese & Labneh,Edam,250,g,15,https://seoudisupermarket.com/en/domty-plus-feta-cheese-edam-flavor-250-g,Out of Stock,9/14/2026 18:46
536,Seoudi Supermarket,Garcia Iberico Cheese,Garcia,399,,EGP,Cheese,Cheese & Labneh,Iberico,150,g,,https://seoudisupermarket.com/en/garcia-iberico-cheese-150-g,Out of Stock,9/14/2026 18:46
537,Seoudi Supermarket,Yopolis Light Cream Cheese,Yopolis,88,98,EGP,Cheese,Cheese & Labneh,Cream Cheese,225,g,10,https://seoudisupermarket.com/en/%D9%8A%D9%88%D8%A8%D9%88%D9%84%D8%B3-%D8%AC%D8%A8%D9%86%D8%A9-%D9%83%D8%B1%D9%8A%D9%85%D9%89-%D9%84%D8%A7%D9%8A%D8%AA225%D8%AC%D9%85,Out of Stock,9/14/2026 18:46
538,Seoudi Supermarket,Domty Feta Cheese with Jalapeno,Domty,90.95,114.75,EGP,Cheese,Cheese & Labneh,Feta,500,g,21,https://seoudisupermarket.com/en/domty-feta-cheese-with-jalapeno-500-g,Out of Stock,9/14/2026 18:46
539,Seoudi Supermarket,Mafaza Natural Mozzarella Cheese,Mafaza,334.95,394.95,EGP,Cheese,Cheese & Labneh,Mozzarella,700,g,15,https://seoudisupermarket.com/en/mafaza-natural-mozzarella-700-g,Out of Stock,9/14/2026 18:46
540,Seoudi Supermarket,Domty Gold Feta Cheese with Olives,Domty,90.95,114.75,EGP,Cheese,Cheese & Labneh,Feta,500,g,21,https://seoudisupermarket.com/en/domty-gold-feta-cheese-with-olives-500-g,Out of Stock,9/14/2026 18:46
541,Seoudi Supermarket,Domty Istanbuli Cheese,Domty,22.75,27.25,EGP,Cheese,Cheese & Labneh,Istanbuli,250,g,17,https://seoudisupermarket.com/en/domty-istanbuli-cheese-250-g,Out of Stock,9/14/2026 18:46
542,Seoudi Supermarket,Domty Shredded Mozzarella Cheese,Domty,73.25,,EGP,Cheese,Cheese & Labneh,Mozzarella,180,g,,https://seoudisupermarket.com/en/domty-shredded-mozzarella-cheese-180-g,Out of Stock,9/14/2026 18:46
543,Seoudi Supermarket,Domty Feta Cheese with Olives,Domty,22.75,27.25,EGP,Cheese,Cheese & Labneh,Feta,250,g,17,https://seoudisupermarket.com/en/domty-feta-cheese-with-olives-250-g,Out of Stock,9/14/2026 18:46
544,Seoudi Supermarket,Domty Low Salt Feta Cheese,Domty,85.5,103.95,EGP,Cheese,Cheese & Labneh,Feta,1,kg,18,https://seoudisupermarket.com/en/domty-low-salt-feta-cheese-1-kg,Out of Stock,9/14/2026 18:47
545,Seoudi Supermarket,Puck Labneh,Puck,159.95,,EGP,Labneh,Cheese & Labneh,Labneh,200,g,,https://seoudisupermarket.com/en/puck-labneh-200-g,Out of Stock,9/14/2026 18:47
546,Seoudi Supermarket,Puck Cream Cheese with Olives,Puck,159.95,,EGP,Cheese,Cheese & Labneh,Cream Cheese,200,g,,https://seoudisupermarket.com/en/puck-cream-cheese-with-olives-200-g,Out of Stock,9/14/2026 18:47
547,Seoudi Supermarket,Puck Light Cream Cheese,Puck,159.95,,EGP,Cheese,Cheese & Labneh,Cream Cheese,200,g,,https://seoudisupermarket.com/en/puck-light-cream-cheese-200-g,Out of Stock,9/14/2026 18:47
548,Seoudi Supermarket,Primos Natural Mozzarella,Primos,325,,EGP,Cheese,Cheese & Labneh,Mozzarella,900,g,,https://seoudisupermarket.com/en/primos-natural-mozzarella-900-g,Out of Stock,9/14/2026 18:47
549,Seoudi Supermarket,Puck Cream Cheese,Puck,159.95,,EGP,Cheese,Cheese & Labneh,Cream Cheese,200,g,,https://seoudisupermarket.com/en/puck-cream-cheese-200-g,Out of Stock,9/14/2026 18:47
550,Seoudi Supermarket,Creamy Cheese with Butter,,23.88,,EGP,Cheese,Cheese & Labneh,Creamy Cheese,0.125,kg,,https://seoudisupermarket.com/en/creamy-cheese-with-roumy-cheese,Out of Stock,9/14/2026 18:47
551,Seoudi Supermarket,Old Amsterdam Cheese Wedges,Old Amsterdam,499.95,600,EGP,Cheese,Cheese & Labneh,,250,g,17,https://seoudisupermarket.com/en/old-amsterdam-cheese-wedges-250-g,Out of Stock,9/14/2026 18:47
552,Seoudi Supermarket,Garcia Baquero Goat Cheese,Garcia,370,,EGP,Cheese,Cheese & Labneh,Goat Cheese,100,g,,https://seoudisupermarket.com/en/garcia-baquero-goat-cheese-100-g,Out of Stock,9/14/2026 18:47
553,Seoudi Supermarket,President White Cheese,President,163.5,,EGP,Cheese,Cheese & Labneh,White Cheese,450,g,,https://seoudisupermarket.com/en/%D8%A8%D8%B1%D9%8A%D8%B2%D9%8A%D8%AF%D9%86-%D8%AC%D8%A8%D9%86%D8%A9-%D8%A8%D9%8A%D8%B6%D8%A7%D8%A1-450-%D8%AC%D9%85,Out of Stock,9/14/2026 18:47
554,Seoudi Supermarket,President Cream Cheese,President,180.95,,EGP,Cheese,Cheese & Labneh,Cream Cheese,240,g,,https://seoudisupermarket.com/en/president-cream-cheese-240-g,Out of Stock,9/14/2026 18:47
555,Seoudi Supermarket,Puck Cheddar Cheese Slices,Puck,139.95,200,EGP,Cheese,Cheese & Labneh,,10,pieces,30,https://seoudisupermarket.com/en/puck-cheddar-cheese-slices-10-pieces,Out of Stock,9/14/2026 18:47
556,Seoudi Supermarket,Panda Istanbuli Cheese,Panda,26.75,,EGP,Cheese,Cheese & Labneh,Istanbuli,250,g,,https://seoudisupermarket.com/en/panda-istanbuli-cheese-250-g,Out of Stock,9/14/2026 18:47
557,Seoudi Supermarket,Garcia Manchego Creamy Cheese,Garcia,315,,EGP,Cheese,Cheese & Labneh,Manchego,125,g,,https://seoudisupermarket.com/en/garcia-manchego-creamy-cheese-125-g,Out of Stock,9/14/2026 18:47
558,Seoudi Supermarket,Baby Mozzarella,,54.13,,EGP,Cheese,Cheese & Labneh,Mozzarella,0.125,kg,,https://seoudisupermarket.com/en/baby-mozzarella,Out of Stock,9/14/2026 18:47
559,Seoudi Supermarket,Freddy Camembert Cheese,Freddy's,140,,EGP,Cheese,Cheese & Labneh,Camembert,200,g,,https://seoudisupermarket.com/en/freddy-camembert-cheese-200-g,Out of Stock,9/14/2026 18:47
560,Seoudi Supermarket,Freddy's Brie Cheese,Freddy's,141.25,,EGP,Cheese,Cheese & Labneh,Brie,200,g,,https://seoudisupermarket.com/en/freddys-brie-cheese-200-g,Out of Stock,9/14/2026 18:47
561,Seoudi Supermarket,Ma Chevre Cendre Soft Natural Chevre Cheese from Goat and Cow Milk,Ma Chevre,120,,EGP,Cheese,Cheese & Labneh,Chevre,150,g,,https://seoudisupermarket.com/en/ma-chevre-cendre-soft-natural-chevre-cheese-from-goat-and-cow-milk-150-g,Out of Stock,9/14/2026 18:47
562,Seoudi Supermarket,Ma Chevre Soft Natural Chevre Cheese from Goat and Cow Milk with Garlic and Thyme,Ma Chevre,120,,EGP,Cheese,Cheese & Labneh,Chevre,150,g,,https://seoudisupermarket.com/en/ma-chevre-soft-natural-chevre-cheese-from-goat-and-cow-milk-with-garlic-and-thyme-150-g,Out of Stock,9/14/2026 18:47
563,Seoudi Supermarket,Ma Chevre Soft Natural Chevre Cheese from Goat and Cow Milk with Garlic and Chili,Ma Chevre,120,,EGP,Cheese,Cheese & Labneh,Chevre,150,g,,https://seoudisupermarket.com/en/ma-chevre-soft-natural-chevre-cheese-from-goat-and-cow-milk-with-garlic-and-chili-150-g,Out of Stock,9/14/2026 18:47
564,Seoudi Supermarket,Food House Goat Cheese With Plant Coal,Food House,102,,EGP,Cheese,Cheese & Labneh,Goat Cheese,150,g,,https://seoudisupermarket.com/en/food-house-goat-cheese-with-plant-coal-150-g,Out of Stock,9/14/2026 18:47
565,Seoudi Supermarket,Violife Creamy Cheese Flavor,Violife,265,,EGP,Cheese,Cheese & Labneh,Creamy Cheese,150,g,,https://seoudisupermarket.com/en/violife-creamy-cheese-flavor-150-g,Out of Stock,9/14/2026 18:47
566,Seoudi Supermarket,Maleka Akawi Cheese,Malika,109.95,,EGP,Cheese,Cheese & Labneh,Akawi,300,g,,https://seoudisupermarket.com/en/maleka-akawi-cheese-300-g,Out of Stock,9/14/2026 18:47
567,Seoudi Supermarket,Al Sharq Akawi Cheese,Al Sharq,103.5,,EGP,Cheese,Cheese & Labneh,Akawi,200,g,,https://seoudisupermarket.com/en/al-sharq-akawi-cheese-200-g,Out of Stock,9/14/2026 18:47
568,Seoudi Supermarket,Garcia Manchego Sheep Cheese,Garcia,640,,EGP,Cheese,Cheese & Labneh,Manchego,150,g,,https://seoudisupermarket.com/en/garcia-manchego-sheep-cheese-150-g,Out of Stock,9/14/2026 18:47
569,Seoudi Supermarket,Saluti Provolone Cheese,Saluti,255.5,,EGP,Cheese,Cheese & Labneh,Provolone,200,g,,https://seoudisupermarket.com/en/saluti-provolone-cheese-200-g,Out of Stock,9/14/2026 18:47
570,Seoudi Supermarket,Burrata Cheese,,126.25,,EGP,Cheese,Cheese & Labneh,Burrata,0.25,kg,,https://seoudisupermarket.com/en/burrata-cheese,Out of Stock,9/14/2026 18:47
571,Seoudi Supermarket,Malika Majdool Cheese,Malika,139.95,,EGP,Cheese,Cheese & Labneh,Majdool,300,g,,https://seoudisupermarket.com/en/malika-majdool-cheese-300-g,Out of Stock,9/14/2026 18:47
572,Seoudi Supermarket,Malika Mashalala Cheese,Malika,134.95,,EGP,Cheese,Cheese & Labneh,Mashalala,300,g,,https://seoudisupermarket.com/en/malika-mashalala-cheese-300-g,Out of Stock,9/14/2026 18:47
573,Seoudi Supermarket,Panda Feta Cheese with Olive,Panda,26.75,,EGP,Cheese,Cheese & Labneh,Feta,250,g,,https://seoudisupermarket.com/en/panda-feta-cheese-with-olive-250-g,Out of Stock,9/14/2026 18:47
574,Seoudi Supermarket,Ma Chevre Fresh Soft Natural Chevre Cheese from Goat and Cow Milk,Ma Chevre,120,,EGP,Cheese,Cheese & Labneh,Chevre,150,g,,https://seoudisupermarket.com/en/ma-chevre-fresh-soft-natural-chevre-cheese-from-goat-and-cow-milk-150-g,Out of Stock,9/14/2026 18:47
575,Seoudi Supermarket,Al Sharq Moshalal Cheese,Al Sharq,103.5,,EGP,Cheese,Cheese & Labneh,Mashalala,200,g,,https://seoudisupermarket.com/en/al-sharq-moshalal-cheese-200-g,Out of Stock,9/14/2026 18:47
576,Seoudi Supermarket,Saluti Parmigiano Reggiano Cheese,Saluti,555.75,,EGP,Cheese,Cheese & Labneh,Parmesan,250,g,,https://seoudisupermarket.com/en/saluti-parmigiano-reggiano-cheese-250-g,Out of Stock,9/14/2026 18:47
577,Seoudi Supermarket,Pecorino Romano Cheese with Black Pepper,,186.88,,EGP,Cheese,Cheese & Labneh,Pecorino,0.125,kg,,https://seoudisupermarket.com/en/pecorino-romano-cheese-with-black-pepper,Out of Stock,9/14/2026 18:47
578,Seoudi Supermarket,Pecorino Romano Cheese,,173.75,,EGP,Cheese,Cheese & Labneh,Pecorino,0.125,kg,,https://seoudisupermarket.com/en/%D8%AC%D8%A8%D9%86%D8%A9-%D8%A8%D9%8A%D9%83%D9%88%D8%B1%D9%8A%D9%86%D9%88-%D8%B1%D9%88%D9%85%D8%A7%D9%86%D9%88-%D9%88%D8%B2%D9%86-2005470000000,Out of Stock,9/14/2026 18:47
579,Seoudi Supermarket,Domty Plus Shredded Mozzarella Cheese,Domty,142.95,,EGP,Cheese,Cheese & Labneh,Mozzarella,325,g,,https://seoudisupermarket.com/en/domty-plus-shredded-mozzarella-cheese-325-g,Out of Stock,9/14/2026 18:47
580,Seoudi Supermarket,Rich Land Semolina Flour,Rich Land,39.95,,EGP,Flour,Flour,,1,kg,,https://seoudisupermarket.com/en/%D8%B1%D9%8A%D8%AA%D8%B4-%D9%84%D8%A7%D9%86%D8%AF-%D8%AF%D9%82%D9%8A%D9%82-%D8%B3%D9%85%D9%8A%D8%AF-1-%D9%83%D8%AC%D9%85,In Stock,9/14/2026 18:32
581,Seoudi Supermarket,Rich Land Whole Wheat Flour,Rich Land,34.95,,EGP,Flour,Flour,,1,kg,,https://seoudisupermarket.com/en/%D8%B1%D9%8A%D8%AA%D8%B4-%D9%84%D8%A7%D9%86%D8%AF-%D8%AF%D9%82%D9%8A%D9%82-%D8%AD%D8%A8%D8%A9-%D9%83%D8%A7%D9%85%D9%84%D8%A91%D9%83%D8%AC%D9%85,In Stock,9/14/2026 18:32
582,Seoudi Supermarket,Rich Land All-Purpose Flour,Rich Land,28.75,,EGP,Flour,Flour,,1,kg,,https://seoudisupermarket.com/en/%D8%B1%D9%8A%D8%AA%D8%B4-%D9%84%D8%A7%D9%86%D8%AF-%D8%AF%D9%82%D9%8A%D9%82-%D8%AC%D9%85%D9%8A%D8%B9-%D8%A7%D9%84%D8%A7%D8%BA%D8%B1%D8%A7%D8%B61%D9%83,In Stock,9/14/2026 18:32
583,Seoudi Supermarket,Al Doha Flour,Al Doha,27.75,37.45,EGP,Flour,Flour,,1,kg,26,https://seoudisupermarket.com/en/al-doha-flour-1-kg,In Stock,9/14/2026 18:32
584,Seoudi Supermarket,Rehana Flour,Rehana,36.95,,EGP,Flour,Flour,,1,kg,,https://seoudisupermarket.com/en/rehana-flour-1-kg,In Stock,9/14/2026 18:32
585,Seoudi Supermarket,Five Stars All Purpose Flour,Five Stars,39.95,44.95,EGP,Flour,Flour,,1,kg,11,https://seoudisupermarket.com/en/five-stars-all-purpose-flour-1-kg,In Stock,9/14/2026 18:32
586,Seoudi Supermarket,Dopella All Purpouse Flour,Dobella,34.95,38.95,EGP,Flour,Flour,,1,kg,10,https://seoudisupermarket.com/en/dopella-all-purpose-flour-1-kg,In Stock,9/14/2026 18:32
587,Seoudi Supermarket,Dobella Basbousa Semolina Flour,Dobella,46.45,51.75,EGP,Flour,Flour,,1,kg,10,https://seoudisupermarket.com/en/dobella-basbousa-semolina-flour-1-kg,In Stock,9/14/2026 18:32
588,Seoudi Supermarket,Shahy Flour,Shahy,27.75,34.95,EGP,Flour,Flour,,1,kg,21,https://seoudisupermarket.com/en/shahy-flour-1-kg,In Stock,9/14/2026 18:32
589,Seoudi Supermarket,King M All Purpose Flour,King M,36.75,,EGP,Flour,Flour,,1,kg,,https://seoudisupermarket.com/en/king-m-all-purpose-flour-1-kg,In Stock,9/14/2026 18:32
590,Seoudi Supermarket,Dobella Baking & Pizza Flour,Dobella,37.16,41.45,EGP,Flour,Flour,,1,kg,10,https://seoudisupermarket.com/en/dobella-baking-pizza-flour-1-kg,In Stock,9/14/2026 18:32
591,Seoudi Supermarket,Dobella Cake Flour,Dobella,37.16,41.45,EGP,Flour,Flour,,1,kg,10,https://seoudisupermarket.com/en/dobella-cake-flour-1-kg,In Stock,9/14/2026 18:32
592,Seoudi Supermarket,Dobella Diet Flour,Dobella,37.16,40.95,EGP,Flour,Flour,,1,kg,9,https://seoudisupermarket.com/en/dobella-diet-flour-1-kg,In Stock,9/14/2026 18:32
593,Seoudi Supermarket,Dopella White Rice Flour,Dobella,40.75,45.75,EGP,Flour,Flour,,1,kg,11,https://seoudisupermarket.com/en/dopella-white-rice-flour-1-kg,In Stock,9/14/2026 18:32
594,Seoudi Supermarket,Sain Oat Flour,Sain,54.95,,EGP,Flour,Flour,,500,g,,https://seoudisupermarket.com/en/sain-oat-flour-500-g,In Stock,9/14/2026 18:32
595,Seoudi Supermarket,Picky Baker Cookies & Biscuits Flour,Picky Baker,28.95,,EGP,Flour,Flour,,1,kg,,https://seoudisupermarket.com/en/picky-baker-cookies-biscuits-flour-1-kg,In Stock,9/14/2026 18:32
596,Seoudi Supermarket,King M Rice Flour,King M,41.95,,EGP,Flour,Flour,,1,kg,,https://seoudisupermarket.com/en/king-m-rice-flour-1-kg,In Stock,9/14/2026 18:32
597,Seoudi Supermarket,Dobella White Corn Flour,Dobella,32.63,36.95,EGP,Flour,Flour,,750,g,12,https://seoudisupermarket.com/en/dobella-white-corn-flour-750-g,In Stock,9/14/2026 18:32
598,Seoudi Supermarket,Five Stars Brown Flour,Five Stars,74.95,,EGP,Flour,Flour,,1,kg,,https://seoudisupermarket.com/en/five-stars-brown-flour-1-kg,In Stock,9/14/2026 18:32
599,Seoudi Supermarket,Dobella Yellow Corn Flour,Dobella,39.45,43.45,EGP,Flour,Flour,,1,kg,9,https://seoudisupermarket.com/en/dobella-yellow-corn-flour-1-kg,In Stock,9/14/2026 18:32
600,Seoudi Supermarket,Healthy Mill Oat Flour,Healthy Mill,72.95,,EGP,Flour,Flour,,500,g,,https://seoudisupermarket.com/en/healthy-mill-oat-flour-500-g,In Stock,9/14/2026 18:32
601,Seoudi Supermarket,King M Yellow Corn Flour,King M,41.95,,EGP,Flour,Flour,,1,kg,,https://seoudisupermarket.com/en/king-m-yellow-corn-flour-1-kg,In Stock,9/14/2026 18:32
602,Seoudi Supermarket,Dobella Oat Flour,Dobella,92.95,,EGP,Flour,Flour,,750,g,,https://seoudisupermarket.com/en/dobella-oat-flour-750-g,In Stock,9/14/2026 18:32
603,Seoudi Supermarket,Healthy Mill Gluten Free All Purpose Flour,Healthy Mill,66.25,,EGP,Flour,Flour,,500,g,,https://seoudisupermarket.com/en/healthy-mill-gluten-free-all-purpose-flour-500-g,In Stock,9/14/2026 18:32
604,Seoudi Supermarket,Five Stars Pancakes Flour Mix,Five Stars,89.95,,EGP,Flour,Flour,,1,kg,,https://seoudisupermarket.com/en/five-stars-pancakes-flour-mix-1-kg,In Stock,9/14/2026 18:32
605,Seoudi Supermarket,Five Stars Cake Flour,Five Stars,57.75,,EGP,Flour,Flour,,1,kg,,https://seoudisupermarket.com/en/five-stars-cake-flour-1-kg,In Stock,9/14/2026 18:32
606,Seoudi Supermarket,Dobella Gluten Free Chickpea Flour,Dobella,77.75,,EGP,Flour,Flour,,500,g,,https://seoudisupermarket.com/en/dobella-gluten-free-chickpea-flour-500-g,Out of Stock,9/14/2026 18:32
607,Seoudi Supermarket,Imtenan Gluten Free Almond Flour,Imtenan,479.95,,EGP,Flour,Flour,,500,g,,https://seoudisupermarket.com/en/imtenan-gluten-free-almond-flour-500-g,Out of Stock,9/14/2026 18:32
608,Seoudi Supermarket,Lametna Whole Wheat Flour,Lametna,37.75,,EGP,Flour,Flour,,1,kg,,https://seoudisupermarket.com/en/lametna-whole-wheat-flour-1-kg,Out of Stock,9/14/2026 18:32
609,Seoudi Supermarket,Manitalty Italian Flour,Manitalty,159.95,,EGP,Flour,Flour,,1,kg,,https://seoudisupermarket.com/en/manitalty-italian-flour-1-kg,Out of Stock,9/14/2026 18:32
610,Seoudi Supermarket,Sonbolat Elforat Cake Flour,Sonbolat,49.95,,EGP,Flour,Flour,,1,kg,,https://seoudisupermarket.com/en/sonbolat-elforat-cake-flour-1-kg,Out of Stock,9/14/2026 18:32
611,Seoudi Supermarket,Sonbolat Elforat White Wheat Flour,Sonbolat,49.95,,EGP,Flour,Flour,,1,kg,,https://seoudisupermarket.com/en/sonbolat-elforat-white-wheat-flour-1-kg,Out of Stock,9/14/2026 18:32
612,Seoudi Supermarket,Ragab El Attar Coconut Flour,Ragab El Attar,134.95,,EGP,Flour,Flour,,350,g,,https://seoudisupermarket.com/en/ragab-el-attar-coconut-flour-350-g,Out of Stock,9/14/2026 18:32
613,Seoudi Supermarket,Picky Baker Multi Purpose Flour,Picky Baker,28.95,,EGP,Flour,Flour,,1,kg,,https://seoudisupermarket.com/en/picky-baker-multi-purpose-flour-1-kg,Out of Stock,9/14/2026 18:32
614,Seoudi Supermarket,Dobella Biscuit & Cake Flour,Dobella,37.16,41.45,EGP,Flour,Flour,,1,kg,10,https://seoudisupermarket.com/en/dobella-biscuit-cake-flour-1-kg,Out of Stock,9/14/2026 18:32
615,Seoudi Supermarket,Al Sakr Flour,Al Sakr,25.95,,EGP,Flour,Flour,,1,kg,,https://seoudisupermarket.com/en/al-sakr-flour-1-kg,Out of Stock,9/14/2026 18:32
616,Seoudi Supermarket,Origin Flour,Origin,25.95,,EGP,Flour,Flour,,1,kg,,https://seoudisupermarket.com/en/origin-flour-1-kg,Out of Stock,9/14/2026 18:32
617,Seoudi Supermarket,Picky Baker Pizza Flour,Picky Baker,32.45,,EGP,Flour,Flour,,1,kg,,https://seoudisupermarket.com/en/picky-baker-pizza-flour-1-kg,Out of Stock,9/14/2026 18:32
618,Seoudi Supermarket,Five Stars Pizza Flour,Five Stars,49.95,56.75,EGP,Flour,Flour,,1,kg,12,https://seoudisupermarket.com/en/five-stars-pizza-flour-1-kg,Out of Stock,9/14/2026 18:32
619,Seoudi Supermarket,Sonbolat Elforat Biscuits & Cookies Flour,Sonbolat,41.45,,EGP,Flour,Flour,,1,kg,,https://seoudisupermarket.com/en/sonbolat-elforat-biscuits-and-cookies-flour-1-kg,Out of Stock,9/14/2026 18:32
620,Seoudi Supermarket,King M Wholemeal Brown Flour,King M,41.95,,EGP,Flour,Flour,,1,kg,,https://seoudisupermarket.com/en/king-m-wholemeal-brown-flour-1-kg,Out of Stock,9/14/2026 18:32
621,Seoudi Supermarket,Sonbolat Elforat Pizza Flour,Sonbolat,52.45,,EGP,Flour,Flour,,1,kg,,https://seoudisupermarket.com/en/sonbolat-elforat-pizza-flour-1-kg,Out of Stock,9/14/2026 18:32
622,Seoudi Supermarket,Picky Baker Cakes Flour,Picky Baker,28.95,,EGP,Flour,Flour,,1,kg,,https://seoudisupermarket.com/en/picky-baker-cakes-flour-1-kg,Out of Stock,9/14/2026 18:32
623,Seoudi Supermarket,Ragab El Attar Corn Flour,Ragab El Attar,27.95,,EGP,Flour,Flour,,500,g,,https://seoudisupermarket.com/en/ragab-el-attar-corn-flour-500-g,Out of Stock,9/14/2026 18:32
624,Seoudi Supermarket,Food Print Oat Flour,Food Print,65.45,,EGP,Flour,Flour,,500,g,,https://seoudisupermarket.com/en/food-print-oat-flour-500-g,Out of Stock,9/14/2026 18:32
625,Seoudi Supermarket,Foodprint Coconut Flour,Foodprint,86.75,,EGP,Flour,Flour,,250,g,,https://seoudisupermarket.com/en/foodprint-coconut-flour-250-g,Out of Stock,9/14/2026 18:32
626,Seoudi Supermarket,Sonbolat Elforat Gluten Free Corn Flour,Sonbolat,56.95,,EGP,Flour,Flour,,1,kg,,https://seoudisupermarket.com/en/sonbolat-elforat-gluten-free-corn-flour-1-kg,Out of Stock,9/14/2026 18:32
627,Seoudi Supermarket,Sonbolat ElForat Gluten Free Flour,Sonbolat,101.45,,EGP,Flour,Flour,,500,g,,https://seoudisupermarket.com/en/sonbolat-elforat-gluten-free-flour-500-g,Out of Stock,9/14/2026 18:32
628,Seoudi Supermarket,Keto Licious Coconut Flour,Keto Licious,139.95,,EGP,Flour,Flour,,454,g,,https://seoudisupermarket.com/en/keto-licious-coconut-flour-454-g,Out of Stock,9/14/2026 18:32
629,Seoudi Supermarket,Naldoni Coarse Corn Flour,Naldoni,259.95,,EGP,Flour,Flour,,1,kg,,https://seoudisupermarket.com/en/naldoni-coarse-corn-flour-1-kg,Out of Stock,9/14/2026 18:32
630,Seoudi Supermarket,Keto Licious Vital Wheat Gluten Flour,Keto Licious,269.95,,EGP,Flour,Flour,,454,g,,https://seoudisupermarket.com/en/keto-licious-vital-wheat-gluten-flour-454-g,Out of Stock,9/14/2026 18:32
631,Seoudi Supermarket,Double Bear Finest Rice Flour,Double Bear,199.75,,EGP,Flour,Flour,,1,kg,,https://seoudisupermarket.com/en/double-bear-finest-rice-flour-1-kg,Out of Stock,9/14/2026 18:32
632,Seoudi Supermarket,5 Stagioni Pizza Flour,5 Stagioni,924.95,,EGP,Flour,Flour,,10,kg,,https://seoudisupermarket.com/en/5-stagioni-pizza-flour-10-kg,Out of Stock,9/14/2026 18:32
633,Seoudi Supermarket,Uncle Barns Tempura Flour,Uncle Barns,189.95,,EGP,Flour,Flour,,1,kg,,https://seoudisupermarket.com/en/uncle-barns-tempura-flour-1-kg,Out of Stock,9/14/2026 18:32
634,Seoudi Supermarket,Uncle Barns Tempura Flour,Uncle Barns,161.95,,EGP,Flour,Flour,,500,g,,https://seoudisupermarket.com/en/uncle-barns-tempura-flour-500-g,Out of Stock,9/14/2026 18:32
635,Seoudi Supermarket,Keto Licious Lupin Flour,Keto Licious,109.95,,EGP,Flour,Flour,,454,g,,https://seoudisupermarket.com/en/keto-licious-lupin-flour-454-g,Out of Stock,9/14/2026 18:32
636,Seoudi Supermarket,Haboba Flour,Haboba,24.95,,EGP,Flour,Flour,,1,kg,,https://seoudisupermarket.com/en/haboba-flour-1-kg,Out of Stock,9/14/2026 18:32
637,Seoudi Supermarket,Five Stars Dumpling Flour Mix,Five Stars,61.75,,EGP,Flour,Flour,,1,kg,,https://seoudisupermarket.com/en/five-stars-dumpling-flour-mix-1-kg,Out of Stock,9/14/2026 18:32
638,Seoudi Supermarket,Sonbolat El Forat Gluten Free Rice Flour,Sonbolat El Forat,64.95,,EGP,Flour,Flour,,1,kg,,https://seoudisupermarket.com/en/sonbolat-el-forat-gluten-free-rice-flour-1-kg,Out of Stock,9/14/2026 18:32
639,Seoudi Supermarket,Open Country New Zealand Butter,,142.5,,EGP,Ghee & Butter,Ghee & Butter,Ghee,0.3,kg,,https://seoudisupermarket.com/en/open-country-new-zealand-butter,In Stock,9/14/2026 18:52
640,Seoudi Supermarket,Anchor Unsalted Butter,Anchor,60,120,EGP,Ghee & Butter,Ghee & Butter,Ghee,100,g,50,https://seoudisupermarket.com/en/anchor-unsalted-butter-100-g,In Stock,9/14/2026 18:52
641,Seoudi Supermarket,Seoudi Cow Ghee,Seoudi,465,,EGP,Ghee & Butter,Ghee & Butter,Ghee,850,g,,https://seoudisupermarket.com/en/seoudi-cow-ghee-850-g,In Stock,9/14/2026 18:52
642,Seoudi Supermarket,Seoudi Cow Ghee,Seoudi,280,,EGP,Ghee & Butter,Ghee & Butter,Ghee,450,g,,https://seoudisupermarket.com/en/seoudi-cow-ghee-450-g,In Stock,9/14/2026 18:52
643,Seoudi Supermarket,Seoudi Buffalo Ghee,Seoudi,580,,EGP,Ghee & Butter,Ghee & Butter,Ghee,850,g,,https://seoudisupermarket.com/en/seoudi-buffalo-ghee-850-g,In Stock,9/14/2026 18:52
644,Seoudi Supermarket,Seoudi Buffalo Ghee,Seoudi,345,,EGP,Ghee & Butter,Ghee & Butter,Ghee,450,g,,https://seoudisupermarket.com/en/seoudi-buffalo-ghee-450-g,In Stock,9/14/2026 18:52
645,Seoudi Supermarket,Seoudi Natural Ghee,Seoudi,414.95,,EGP,Ghee & Butter,Ghee & Butter,Ghee,700,g,,https://seoudisupermarket.com/en/seoudi-natural-ghee-700-g,In Stock,9/14/2026 18:52
646,Seoudi Supermarket,Argentinian Yellow Butter,,126,,EGP,Ghee & Butter,Ghee & Butter,Ghee,0.3,kg,,https://seoudisupermarket.com/en/argentinian-yellow-butter,Out of Stock,9/14/2026 18:52
647,Seoudi Supermarket,Almarai Unsalted Butter,Almarai,104.95,140,EGP,Ghee & Butter,Ghee & Butter,Ghee,100,g,25,https://seoudisupermarket.com/en/almarai-unsalted-butter-100-g,In Stock,9/14/2026 18:52
648,Seoudi Supermarket,Sherraton Pure Butter Ghee,Sherraton,249.95,,EGP,Ghee & Butter,Ghee & Butter,Ghee,400,g,,https://seoudisupermarket.com/en/sherraton-pure-butter-ghee-400-g,In Stock,9/14/2026 18:52
649,Seoudi Supermarket,Alasdekaa Buffalo Butter Ghee,Alasdekaa,549.95,575.95,EGP,Ghee & Butter,Ghee & Butter,Ghee,900,g,5,https://seoudisupermarket.com/en/alasdekaa-buffalo-butter-ghee-900-g,In Stock,9/14/2026 18:52
650,Seoudi Supermarket,Lurpak Unsalted Butter,Lurpak,209.5,229.5,EGP,Ghee & Butter,Ghee & Butter,Ghee,200,g,9,https://seoudisupermarket.com/en/lurpak-unsalted-butter-200-gm,In Stock,9/14/2026 18:52
651,Seoudi Supermarket,Ezbetna Buffalo Ghee,Ezbetna,550,,EGP,Ghee & Butter,Ghee & Butter,Ghee,1,kg,,https://seoudisupermarket.com/en/ezbetna-buffalo-ghee-1-kg,In Stock,9/14/2026 18:52
652,Seoudi Supermarket,Lurpak Unsalted Butter,Lurpak,105.55,115.55,EGP,Ghee & Butter,Ghee & Butter,Ghee,100,g,9,https://seoudisupermarket.com/en/lurpak-unsalted-butter-100-gm,In Stock,9/14/2026 18:52
653,Seoudi Supermarket,Ezbetna Buffalo Butter,Ezbetna,460,,EGP,Ghee & Butter,Ghee & Butter,Ghee,1,kg,,https://seoudisupermarket.com/en/ezbetna-buffalo-butter-1-kg,In Stock,9/14/2026 18:52
654,Seoudi Supermarket,Sheratton Natural Ghee,Sheratton,489.75,,EGP,Ghee & Butter,Ghee & Butter,Ghee,800,g,,https://seoudisupermarket.com/en/sheratton-natural-ghee-800-g,In Stock,9/14/2026 18:52
655,Seoudi Supermarket,"Almarai Unsalted Butter, 10 g - Pack of 100",Almarai,1195,,EGP,Ghee & Butter,Ghee & Butter,Ghee,10,g,,https://seoudisupermarket.com/en/almarai-unsalted-butter-10-g-pack-of-100,In Stock,9/14/2026 18:52
656,Seoudi Supermarket,Haloub Al Missalia Butter Ghee,Haloub Al Missalia,158.45,,EGP,Ghee & Butter,Ghee & Butter,Ghee,250,g,,https://seoudisupermarket.com/en/haloub-al-missalia-butter-ghee-250-g,In Stock,9/14/2026 18:52
657,Seoudi Supermarket,Sheratton Natural Ghee,Sheratton,1199.95,,EGP,Ghee & Butter,Ghee & Butter,Ghee,2,kg,,https://seoudisupermarket.com/en/sheratton-natural-ghee-2-kg,In Stock,9/14/2026 18:52
658,Seoudi Supermarket,Richy Cow Ghee,Richy Farm,420,470,EGP,Ghee & Butter,Ghee & Butter,Ghee,1,kg,11,https://seoudisupermarket.com/en/richy-cow-ghee-1-kg,In Stock,9/14/2026 18:52
659,Seoudi Supermarket,Haloub Al Missalia Natural Butter Ghee,Haloub Al Missalia,949.95,,EGP,Ghee & Butter,Ghee & Butter,Ghee,1600,g,,https://seoudisupermarket.com/en/haloub-al-missalia-natural-butter-ghee-1600-g,In Stock,9/14/2026 18:52
660,Seoudi Supermarket,Haloub Al Missalia Butter Ghee,Haloub Al Missalia,248.75,,EGP,Ghee & Butter,Ghee & Butter,Ghee,400,g,,https://seoudisupermarket.com/en/haloub-al-missalia-butter-ghee-400-g,In Stock,9/14/2026 18:52
661,Seoudi Supermarket,Isigny Unsalted Butter,Isigny,189,242,EGP,Ghee & Butter,Ghee & Butter,Ghee,200,g,22,https://seoudisupermarket.com/en/isigny-unsalted-butter-200-g,In Stock,9/14/2026 18:52
662,Seoudi Supermarket,Almarai Unsalted Butter,Almarai,394.95,540,EGP,Ghee & Butter,Ghee & Butter,Ghee,400,g,27,https://seoudisupermarket.com/en/almarai-unsalted-butter-400-g,In Stock,9/14/2026 18:52
663,Seoudi Supermarket,Rotana Unsalted Butter,Rotana,9.5,,EGP,Ghee & Butter,Ghee & Butter,Ghee,10,g,,https://seoudisupermarket.com/en/rotana-unsalted-butter-10-g,In Stock,9/14/2026 18:52
664,Seoudi Supermarket,Lurpak Unsalted Butter,Lurpak,5.45,7.45,EGP,Ghee & Butter,Ghee & Butter,Ghee,8,g,27,https://seoudisupermarket.com/en/lurpak-unsalted-butter-8-g,In Stock,9/14/2026 18:52
665,Seoudi Supermarket,Lurpak Unsalted Butter,Lurpak,406.95,446.95,EGP,Ghee & Butter,Ghee & Butter,Ghee,400,g,9,https://seoudisupermarket.com/en/lurpak-unsalted-butter-400-gm,In Stock,9/14/2026 18:52
666,Seoudi Supermarket,Isigny Unsalted Butter,Isigny,17.95,,EGP,Ghee & Butter,Ghee & Butter,Ghee,10,g,,https://seoudisupermarket.com/en/isigny-unsalted-butter-10-g,In Stock,9/14/2026 18:52
667,Seoudi Supermarket,Ezbetna Buffalo Ghee,Ezbetna,289,,EGP,Ghee & Butter,Ghee & Butter,Ghee,500,g,,https://seoudisupermarket.com/en/ezbetna-buffalo-ghee-500-g,In Stock,9/14/2026 18:52
668,Seoudi Supermarket,"Lurpak Unsalted Butter, 8 g - 120 Pieces",Lurpak,654,894,EGP,Ghee & Butter,Ghee & Butter,Ghee,8,g,27,https://seoudisupermarket.com/en/lurpak-unsalted-butter-8-g-120-pieces,In Stock,9/14/2026 18:52
669,Seoudi Supermarket,Haloub Al Missalia Natural Butter Ghee,Haloub Al Missalia,484.95,,EGP,Ghee & Butter,Ghee & Butter,Ghee,800,g,,https://seoudisupermarket.com/en/haloub-al-missalia-natural-butter-ghee-800-g,In Stock,9/14/2026 18:52
670,Seoudi Supermarket,Dina Farms Natural Butter,Dina Farms,229.95,,EGP,Ghee & Butter,Ghee & Butter,Ghee,400,g,,https://seoudisupermarket.com/en/dina-farms-natural-butter-400-g,In Stock,9/14/2026 18:52
671,Seoudi Supermarket,Sherraton Natural Ghee,Sherraton,899.95,,EGP,Ghee & Butter,Ghee & Butter,Ghee,1.5,kg,,https://seoudisupermarket.com/en/sherraton-natural-ghee-1-5-kg,In Stock,9/14/2026 18:52
672,Seoudi Supermarket,"Isigny Unsalted Butter, 10 g - 60 Pieces",Isigny,1077,,EGP,Ghee & Butter,Ghee & Butter,Ghee,10,g,,https://seoudisupermarket.com/en/isigny-unsalted-butter-10-g-60-pieces,In Stock,9/14/2026 18:52
673,Seoudi Supermarket,La Ville Natural Buffalo Butter,La Ville,410,,EGP,Ghee & Butter,Ghee & Butter,Ghee,900,g,,https://seoudisupermarket.com/en/la-ville-natural-buffalo-butter-900-g,Out of Stock,9/14/2026 18:52
674,Seoudi Supermarket,La Ville Natural Cow Butter,La Ville,375,,EGP,Ghee & Butter,Ghee & Butter,Ghee,900,g,,https://seoudisupermarket.com/en/la-ville-natural-cow-butter-900-g,Out of Stock,9/14/2026 18:52
675,Seoudi Supermarket,Le Gall Premium Natural Unsalted French Butter,Le Gall,275.95,,EGP,Ghee & Butter,Ghee & Butter,Ghee,250,g,,https://seoudisupermarket.com/en/le-gall-premium-natural-unsalted-french-butter-250-g,Out of Stock,9/14/2026 18:52
676,Seoudi Supermarket,Seoudi Natural Ghee,Seoudi,829.95,,EGP,Ghee & Butter,Ghee & Butter,Ghee,1.4,kg,,https://seoudisupermarket.com/en/seoudi-natural-ghee-1-4-kg,Out of Stock,9/14/2026 18:52
677,Seoudi Supermarket,"Rotana Unsalted Natural Butter, 10 g - 200 Pieces",Rotana,1900,,EGP,Ghee & Butter,Ghee & Butter,Ghee,10,g,,https://seoudisupermarket.com/en/rotana-unsalted-natural-butter-10-g-200-pieces,Out of Stock,9/14/2026 18:52
678,Seoudi Supermarket,Almarai Pure Butter Ghee,Almarai,527.45,,EGP,Ghee & Butter,Ghee & Butter,Ghee,800,g,,https://seoudisupermarket.com/en/almarai-pure-butter-ghee-800-g,Out of Stock,9/14/2026 18:52
679,Seoudi Supermarket,Westgold Unsalted New Zealand Butter,Westgold,265,,EGP,Ghee & Butter,Ghee & Butter,Ghee,500,g,,https://seoudisupermarket.com/en/westgold-unsalted-new-zealand-butter-500-g,Out of Stock,9/14/2026 18:52
680,Seoudi Supermarket,Noura Buffalo Butter,,385,,EGP,Ghee & Butter,Ghee & Butter,Ghee,1,kg,,https://seoudisupermarket.com/en/noura-buffalo-butter-1-kg,Out of Stock,9/14/2026 18:52
681,Seoudi Supermarket,Pam Original Butter Spray - 170 g,Pam,379.95,,EGP,Ghee & Butter,Ghee & Butter,Ghee,170,g,,https://seoudisupermarket.com/en/pam-original-butter-spray-170-g,Out of Stock,9/14/2026 18:52
682,Seoudi Supermarket,Rotana Natural Unsalted Butter - 400 g,Rotana,349.95,,EGP,Ghee & Butter,Ghee & Butter,Ghee,400,g,,https://seoudisupermarket.com/en/rotana-natural-unsalted-butter-400-g,Out of Stock,9/14/2026 18:52
683,Seoudi Supermarket,Almarai Pure Butter Ghee - 400 g,Almarai,268.75,,EGP,Ghee & Butter,Ghee & Butter,Ghee,400,g,,https://seoudisupermarket.com/en/almarai-pure-butter-ghee-400-g,Out of Stock,9/14/2026 18:52
684,Seoudi Supermarket,West Gold New Zealand Unsalted Butter - 1 Kg,Westgold,510,,EGP,Ghee & Butter,Ghee & Butter,Ghee,1,kg,,https://seoudisupermarket.com/en/west-gold-new-zealand-unsalted-butter-1-kg,Out of Stock,9/14/2026 18:52
685,Seoudi Supermarket,Le Gall Unsalted Matured Cream Butter - 500 g,Le Gall,505,,EGP,Ghee & Butter,Ghee & Butter,Ghee,500,g,,https://seoudisupermarket.com/en/le-gall-unsalted-matured-cream-butter-500-g,Out of Stock,9/14/2026 18:52
686,Seoudi Supermarket,Westgold Unsalted New Zealand Butter - 250 g,Westgold,137.5,,EGP,Ghee & Butter,Ghee & Butter,Ghee,250,g,,https://seoudisupermarket.com/en/westgold-unsalted-new-zealand-butter-250-g,Out of Stock,9/14/2026 18:52
687,Seoudi Supermarket,Kout El Qoloob White Ghee - 650 g,Kout El Qoloob,76.95,,EGP,Ghee & Butter,Ghee & Butter,Vegetable Ghee,650,g,,https://seoudisupermarket.com/en/kout-el-qoloob-white-ghee-650-g,In Stock,9/14/2026 18:52
688,Seoudi Supermarket,Crystal White Ghee - 1500 g,Crystal,181,,EGP,Ghee & Butter,Ghee & Butter,Vegetable Ghee,1500,g,,https://seoudisupermarket.com/en/crystal-white-ghee-1500-g,In Stock,9/14/2026 18:52
689,Seoudi Supermarket,Crystal Golden Vegetable Ghee - 1500 g,Crystal,181,,EGP,Ghee & Butter,Ghee & Butter,Vegetable Ghee,1500,g,,https://seoudisupermarket.com/en/crystal-golden-vegetable-ghee-1500-g,In Stock,9/14/2026 18:52
690,Seoudi Supermarket,Fern Pure Butter Ghee,Fern,834.95,,EGP,Ghee & Butter,Ghee & Butter,Vegetable Ghee,1.4,kg,,https://seoudisupermarket.com/en/fern-pure-butter-ghee-1-4-kg,In Stock,9/14/2026 18:52
691,Seoudi Supermarket,Fern Pure Butter Ghee,Fern,1068,,EGP,Ghee & Butter,Ghee & Butter,Vegetable Ghee,1.8,kg,,https://seoudisupermarket.com/en/fern-pure-butter-ghee-1-8-kg,In Stock,9/14/2026 18:52
692,Seoudi Supermarket,Fern Pure Butter Ghee - 450 g,Fern,274.45,,EGP,Ghee & Butter,Ghee & Butter,Vegetable Ghee,450,g,,https://seoudisupermarket.com/en/fern-pure-butter-ghee-450-g,In Stock,9/14/2026 18:52
693,Seoudi Supermarket,Fern Natural Ghee - 700 g,Fern,420.75,,EGP,Ghee & Butter,Ghee & Butter,Vegetable Ghee,700,g,,https://seoudisupermarket.com/en/fern-natural-ghee-700-g,In Stock,9/14/2026 18:52
694,Seoudi Supermarket,Crystal Mix Ghee - 1 kg + Can,Crystal,139.95,,EGP,Ghee & Butter,Ghee & Butter,Vegetable Ghee,1,kg,,https://seoudisupermarket.com/en/crystal-mix-ghee-1-kg-can,In Stock,9/14/2026 18:52
695,Seoudi Supermarket,Fern Mixed Butter,Fern,85.5,,EGP,Ghee & Butter,Ghee & Butter,Vegetable Ghee,500,g,,https://seoudisupermarket.com/en/fern-mixed-butter-500-g,In Stock,9/14/2026 18:52
696,Seoudi Supermarket,Fern Mixed Butter,Fern,162.95,,EGP,Ghee & Butter,Ghee & Butter,Vegetable Ghee,1,kg,,https://seoudisupermarket.com/en/fern-mixed-butter-1-kg,In Stock,9/14/2026 18:52
697,Seoudi Supermarket,Crystal Golden Vegetable Ghee,Crystal,237.75,,EGP,Ghee & Butter,Ghee & Butter,Vegetable Ghee,2,kg,,https://seoudisupermarket.com/en/crystal-golden-vegetable-ghee-2-kg,In Stock,9/14/2026 18:52
698,Seoudi Supermarket,Crystal White Vegetables Ghee,Crystal,237.75,,EGP,Ghee & Butter,Ghee & Butter,Vegetable Ghee,2,kg,,https://seoudisupermarket.com/en/crystal-white-vegetables-ghee-2-kg,In Stock,9/14/2026 18:52
699,Seoudi Supermarket,Ganna Newzealand Vegan Ghee,Ganna,91.95,,EGP,Ghee & Butter,Ghee & Butter,Vegetable Ghee,700,g,,https://seoudisupermarket.com/en/ganna-newzealand-vegan-ghee-700-g,In Stock,9/14/2026 18:52
700,Seoudi Supermarket,Ganna Newzealand Vegan Ghee,Ganna,175.45,181,EGP,Ghee & Butter,Ghee & Butter,Vegetable Ghee,1.5,kg,3,https://seoudisupermarket.com/en/ganna-newzealand-vegan-ghee-1-5-kg,In Stock,9/14/2026 18:52
701,Seoudi Supermarket,Crystal Golden Vegetable Ghee,Crystal,91.95,,EGP,Ghee & Butter,Ghee & Butter,Vegetable Ghee,700,g,,https://seoudisupermarket.com/en/crystal-golden-vegetable-ghee-700-g,In Stock,9/14/2026 18:52
702,Seoudi Supermarket,Crystal White Vegetable Ghee,Crystal,91.95,,EGP,Ghee & Butter,Ghee & Butter,Vegetable Ghee,700,g,,https://seoudisupermarket.com/en/crystal-white-vegetable-ghee-700-g,In Stock,9/14/2026 18:52
703,Seoudi Supermarket,El Hanim Vegetable Ghee,El Hanim,173.95,,EGP,Ghee & Butter,Ghee & Butter,Vegetable Ghee,1.5,kg,,https://seoudisupermarket.com/en/el-hanim-vegetable-ghee-1-5-kg,In Stock,9/14/2026 18:52
704,Seoudi Supermarket,El Hanim Vegetable Ghee,El Hanim,84.95,,EGP,Ghee & Butter,Ghee & Butter,Vegetable Ghee,650,g,,https://seoudisupermarket.com/en/el-hanim-vegetable-ghee-650-g,In Stock,9/14/2026 18:52
705,Seoudi Supermarket,Ganna Vegetable Ghee,Ganna,175.45,181,EGP,Ghee & Butter,Ghee & Butter,Vegetable Ghee,1.5,kg,3,https://seoudisupermarket.com/en/ganna-vegetable-ghee-1-5-kg,In Stock,9/14/2026 18:52
706,Seoudi Supermarket,Rawaby Vegetable Ghee,Rawaby,175.45,181,EGP,Ghee & Butter,Ghee & Butter,Vegetable Ghee,1.5,kg,3,https://seoudisupermarket.com/en/rawaby-vegetable-ghee-1-5-kg,In Stock,9/14/2026 18:52
707,Seoudi Supermarket,Rawaby Vegetable Ghee with Cream,Rawaby,175.45,181,EGP,Ghee & Butter,Ghee & Butter,Vegetable Ghee,1.5,kg,3,https://seoudisupermarket.com/en/rawaby-vegetable-ghee-with-cream-1-5-kg,In Stock,9/14/2026 18:52
708,Seoudi Supermarket,Rawaby Vegetable Ghee with Cream,Rawaby,91.95,,EGP,Ghee & Butter,Ghee & Butter,Vegetable Ghee,700,g,,https://seoudisupermarket.com/en/rawaby-vegetable-ghee-with-cream-700-g,In Stock,9/14/2026 18:52
709,Seoudi Supermarket,Kout El Qoloob White Ghee,Kout El Qoloob,159.45,,EGP,Ghee & Butter,Ghee & Butter,Vegetable Ghee,1.45,kg,,https://seoudisupermarket.com/en/kout-el-qoloob-white-ghee-1-45-kg,In Stock,9/14/2026 18:52
710,Seoudi Supermarket,Ganna Vegetable Ghee,Ganna,91.95,,EGP,Ghee & Butter,Ghee & Butter,Vegetable Ghee,700,g,,https://seoudisupermarket.com/en/ganna-vegetable-ghee-700-g-express,In Stock,9/14/2026 18:52
711,Seoudi Supermarket,Rawaby Vegtable Ghee,Rawaby,91.95,,EGP,Ghee & Butter,Ghee & Butter,Vegetable Ghee,700,g,,https://seoudisupermarket.com/en/rawaby-vegtable-ghee-700-g,In Stock,9/14/2026 18:52
712,Seoudi Supermarket,Koot El Kloob Vegetable Ghee,Kout El Qoloob,159.25,,EGP,Ghee & Butter,Ghee & Butter,Vegetable Ghee,1.45,kg,,https://seoudisupermarket.com/en/koot-el-kloob-vegetable-ghee-1-45-kg,In Stock,9/14/2026 18:52
713,Seoudi Supermarket,Kout El Qoloob Ghee,Kout El Qoloob,76.95,,EGP,Ghee & Butter,Ghee & Butter,Vegetable Ghee,650,g,,https://seoudisupermarket.com/en/kout-el-qoloob-ghee-650-g,In Stock,9/14/2026 18:52
714,Seoudi Supermarket,Fern Mixed Butter - 1 kg + Box,Fern,162.95,,EGP,Ghee & Butter,Ghee & Butter,Vegetable Ghee,1,kg,,https://seoudisupermarket.com/en/fern-mixed-butter-1-kg-box,Out of Stock,9/14/2026 18:52
715,Seoudi Supermarket,Ganna Butter Mix for Cooking & Pastry,Ganna,139.95,,EGP,Ghee & Butter,Ghee & Butter,Vegetable Ghee,1,kg,,https://seoudisupermarket.com/en/ganna-butter-mix-for-cooking-pastry-1-kg,Out of Stock,9/14/2026 18:52
716,Seoudi Supermarket,Crisco Butter Flavor No Stick Spray,Crisco,484.95,,EGP,Ghee & Butter,Ghee & Butter,Vegetable Ghee,170,g,,https://seoudisupermarket.com/en/crisco-butter-flavor-no-stick-spray-170-g,Out of Stock,9/14/2026 18:52
717,Seoudi Supermarket,Pam Baking Spray,Pam,389.45,,EGP,Ghee & Butter,Ghee & Butter,Vegetable Ghee,141,g,,https://seoudisupermarket.com/en/pam-baking-spray-141-g,Out of Stock,9/14/2026 18:52
718,Seoudi Supermarket,Crystal Mixed Butter,Crystal,139.95,,EGP,Ghee & Butter,Ghee & Butter,Vegetable Ghee,1,kg,,https://seoudisupermarket.com/en/crystal-mixed-butter-1-kg,Out of Stock,9/14/2026 18:52
719,Seoudi Supermarket,Kout El Qoloob Vegetable Ghee,Kout El Qoloob,42.75,,EGP,Ghee & Butter,Ghee & Butter,Vegetable Ghee,350,g,,https://seoudisupermarket.com/en/kout-el-qoloob-vegetable-ghee-350-g,Out of Stock,9/14/2026 18:52
720,Seoudi Supermarket,Swiss Yellow Butter,,127.5,147,EGP,Ghee & Butter,Ghee & Butter,Yellow Butter,0.3,kg,13,https://seoudisupermarket.com/en/swiss-yellow-butter,In Stock,9/14/2026 18:52
721,Seoudi Supermarket,Rotana Unsalted Butter,Rotana,104.95,,EGP,Ghee & Butter,Ghee & Butter,Yellow Butter,100,g,,https://seoudisupermarket.com/en/rotana-unsalted-butter-100-g,In Stock,9/14/2026 18:52
722,Seoudi Supermarket,Almarai Unsalted Butter,Almarai,202.95,280,EGP,Ghee & Butter,Ghee & Butter,Yellow Butter,200,g,28,https://seoudisupermarket.com/en/almarai-unsalted-butter-200-g,In Stock,9/14/2026 18:52
723,Seoudi Supermarket,Isigny Salted Butter,Isigny,189,242,EGP,Ghee & Butter,Ghee & Butter,Yellow Butter,200,g,22,https://seoudisupermarket.com/en/isigny-salted-butter-200-g,In Stock,9/14/2026 18:52
724,Seoudi Supermarket,Dina Farms Natural Butter,Dina Farms,459.95,,EGP,Ghee & Butter,Ghee & Butter,Yellow Butter,900,g,,https://seoudisupermarket.com/en/dina-farms-natural-butter-900-g,In Stock,9/14/2026 18:52
725,Seoudi Supermarket,New Zealand Yellow Butter,,142.5,,EGP,Ghee & Butter,Ghee & Butter,Yellow Butter,0.3,kg,,https://seoudisupermarket.com/en/%D8%B2%D8%A8%D8%AF%D8%A9-%D8%B5%D9%81%D8%B1%D8%A7%D8%A1-%D9%86%D9%8A%D9%88%D8%B2%D9%84%D8%A7%D9%86%D8%AF%D9%89-%D9%88%D8%B2%D9%86-2005461000000,In Stock,9/14/2026 18:52
726,Seoudi Supermarket,Asturiana Lactose Free Butter,Asturiana,405,,EGP,Ghee & Butter,Ghee & Butter,Yellow Butter,250,g,,https://seoudisupermarket.com/en/central-lechera-asturiana-traditional-lactose-free-butter-250-g,Out of Stock,9/14/2026 18:52
727,Seoudi Supermarket,Asturiana Unsalted Butter,Asturiana,325,,EGP,Ghee & Butter,Ghee & Butter,Yellow Butter,250,g,,https://seoudisupermarket.com/en/central-lechera-asturiana-traditional-unsalted-butter-250-g,Out of Stock,9/14/2026 18:52
728,Seoudi Supermarket,Anchor Unsalted Butter,Anchor,189.95,,EGP,Ghee & Butter,Ghee & Butter,Yellow Butter,180,g,,https://seoudisupermarket.com/en/anchor-unsalted-butter-200-gm,Out of Stock,9/14/2026 18:52
729,Seoudi Supermarket,Anchor Unsalted Butter,Anchor,389.95,,EGP,Ghee & Butter,Ghee & Butter,Yellow Butter,380,g,,https://seoudisupermarket.com/en/anchor-unsalted-butter-400-gm,Out of Stock,9/14/2026 18:52
730,Seoudi Supermarket,Uruguay Yellow Butter,,126,,EGP,Ghee & Butter,Ghee & Butter,Yellow Butter,0.3,kg,,https://seoudisupermarket.com/en/uruguay-yellow-butter,Out of Stock,9/14/2026 18:52
731,Seoudi Supermarket,Pam Cooking Butter Spray,Pam,464.95,,EGP,Ghee & Butter,Ghee & Butter,Yellow Butter,141,g,,https://seoudisupermarket.com/en/pam-cooking-butter-spray-141-g,Out of Stock,9/14/2026 18:52
732,Seoudi Supermarket,Ireland Yellow Butter,Ireland,132,,EGP,Ghee & Butter,Ghee & Butter,Yellow Butter,0.3,kg,,https://seoudisupermarket.com/en/ireland-yellow-butter,Out of Stock,9/14/2026 18:52
733,Seoudi Supermarket,Lamar Lactose-Free Full Cream Milk,Lamar,30.75,,EGP,Fresh Milk,Milk,,250,ml,,https://seoudisupermarket.com/en/lamar-lactose-free-full-cream-milk-250-ml,In Stock,9/14/2026 18:16
734,Seoudi Supermarket,Miro Skimmed Milk Powder,Miro,9.95,,EGP,Powdered Milk,Milk,,20,g,,https://seoudisupermarket.com/en/miro-skimmed-milk-powder-20-g,In Stock,9/14/2026 18:16
735,Seoudi Supermarket,Miro Skimmed Milk Powder - Pack of 20 Sachets,Miro,189.95,,EGP,Powdered Milk,Milk,,20,g,,https://seoudisupermarket.com/en/miro-skimmed-milk-powder-20-g-pack-of-20-sachets,In Stock,9/14/2026 18:16
736,Seoudi Supermarket,Miro Full Cream Milk Powder - Pack of 20 Sachets,Miro,169.95,,EGP,Powdered Milk,Milk,,15,g,,https://seoudisupermarket.com/en/miro-full-cream-milk-powder-15-g-pack-of-20-sachets,In Stock,9/14/2026 18:16
737,Seoudi Supermarket,Miro Full Cream Milk Powder,Miro,159.95,,EGP,Powdered Milk,Milk,,400,g,,https://seoudisupermarket.com/en/miro-full-cream-milk-powder-400-g,In Stock,9/14/2026 18:16
738,Seoudi Supermarket,Miro Full Cream Milk Powder,Miro,8.95,,EGP,Powdered Milk,Milk,,15,g,,https://seoudisupermarket.com/en/miro-full-cream-milk-powder-15-g,In Stock,9/14/2026 18:16
739,Seoudi Supermarket,Abu Qus Lite Evaporated Milk,Abu Qus,79.95,,EGP,Evaporated Milk,Milk,,170,ml,,https://seoudisupermarket.com/en/abu-qus-lite-evaporated-milk-170-ml,In Stock,9/14/2026 18:16
740,Seoudi Supermarket,Almarai Yogo Pina Colada Flavored Yogurt Drink,Almarai,29.5,32.25,EGP,Yogurt Drink,Milk,,425,g,9,https://seoudisupermarket.com/en/almarai-yogo-pina-colada-flavored-yogurt-drink-425-g,In Stock,9/14/2026 18:16
741,Seoudi Supermarket,Almarai Yogo Pina Colada Flavored Yogurt Drink,Almarai,17.25,18.95,EGP,Yogurt Drink,Milk,,220,g,9,https://seoudisupermarket.com/en/almarai-yogo-pina-colada-flavored-yogurt-drink-220-g,In Stock,9/14/2026 18:16
742,Seoudi Supermarket,Almarai Treats Double Chocolate Milk,Almarai,14.95,,EGP,Flavored Milk,Milk,,200,ml,,https://seoudisupermarket.com/en/almarai-treats-chocolate-milk-200-ml,In Stock,9/14/2026 18:16
743,Seoudi Supermarket,Juhayna Lactose Free Full Cream Milk,Juhayna,64.95,,EGP,Fresh Milk,Milk,,500,ml,,https://seoudisupermarket.com/en/juhayna-lactose-free-full-cream-milk-500-ml,In Stock,9/14/2026 18:16
744,Seoudi Supermarket,Miro Skimmed Milk Powder,Miro,229.95,,EGP,Powdered Milk,Milk,,700,g,,https://seoudisupermarket.com/en/%D9%85%D9%8A%D8%B1%D9%88-%D9%84%D8%A8%D9%86-%D8%A8%D9%88%D8%AF%D8%B1%D8%A9-%D8%AE%D8%A7%D9%84%D9%89-%D8%A7%D9%84%D8%AF%D8%B3%D9%85700%D8%AC%D9%85,In Stock,9/14/2026 18:16
745,Seoudi Supermarket,Juhayna N&G Barista Coconut Milk,Juhayna,149.95,,EGP,Plant-Based Milk,Milk,,1,l,,https://seoudisupermarket.com/en/juhayna-barista-coconut-milk-1-liter,In Stock,9/14/2026 18:16
746,Seoudi Supermarket,Juhayna N&G Barista Almond Milk,Juhayna,79.95,,EGP,Plant-Based Milk,Milk,,500,ml,,https://seoudisupermarket.com/en/juhayna-barista-almond-milk-500-ml,In Stock,9/14/2026 18:16
747,Seoudi Supermarket,Juhayna N&G Barista Oat Milk,Juhayna,79.95,,EGP,Plant-Based Milk,Milk,,500,ml,,https://seoudisupermarket.com/en/juhayna-barista-oat-milk-500-ml,In Stock,9/14/2026 18:16
748,Seoudi Supermarket,Abu Qous Adani Evaporated Milk,Abu Qus,79.95,,EGP,Evaporated Milk,Milk,,170,ml,,https://seoudisupermarket.com/en/abu-qous-adani-evaporated-milk-170-ml,In Stock,9/14/2026 18:16
749,Seoudi Supermarket,Almarai Full Cream Milk - Pack of 6,Almarai,314.95,,EGP,Fresh Milk,Milk,,1,l,,https://seoudisupermarket.com/en/almarai-full-cream-milk-1-liter-6-pieces,In Stock,9/14/2026 18:16
750,Seoudi Supermarket,Ezbetna Skimmed Buffalo Milk,Ezbetna,79.95,,EGP,Fresh Milk,Milk,,1,l,,https://seoudisupermarket.com/en/ezbetna-skimmed-buffalo-milk-1-liter,In Stock,9/14/2026 18:16
751,Seoudi Supermarket,Ezbetna Full Cream Buffalo Milk,Ezbetna,79.95,,EGP,Fresh Milk,Milk,,1,l,,https://seoudisupermarket.com/en/ezbetna-full-cream-buffalo-milk-1-liter,In Stock,9/14/2026 18:16
752,Seoudi Supermarket,The Milkman Lactose Free Skimmed Milk,The Milkman,97.5,,EGP,Fresh Milk,Milk,,850,ml,,https://seoudisupermarket.com/en/the-milkman-lactose-free-milk-850ml,In Stock,9/14/2026 18:16
753,Seoudi Supermarket,Reefy Lactose Free Skimmed Milk,Reefy,84.95,,EGP,Fresh Milk,Milk,,850,ml,,https://seoudisupermarket.com/en/reefy-lactose-free-skimmed-milk-850-ml,In Stock,9/14/2026 18:16
754,Seoudi Supermarket,The Milkman Full Cream Milk,The Milkman,49.95,57.75,EGP,Fresh Milk,Milk,,1,l,14,https://seoudisupermarket.com/en/the-milkman-full-cream-milk-1-liter,In Stock,9/14/2026 18:16
755,Seoudi Supermarket,The Milkman Skimmed Milk,The Milkman,49.95,57.75,EGP,Fresh Milk,Milk,,1,l,14,https://seoudisupermarket.com/en/the-milkman-skimmed-milk-1-liter,In Stock,9/14/2026 18:16
756,Seoudi Supermarket,Juhayna N&G Unsweetened Coconut Milk,Juhayna,149.95,,EGP,Plant-Based Milk,Milk,,1,l,,https://seoudisupermarket.com/en/juhayna-coconut-milk-1-liter,In Stock,9/14/2026 18:16
757,Seoudi Supermarket,Juhayna Lactose Free Milk,Juhayna,109.95,,EGP,Fresh Milk,Milk,,1,l,,https://seoudisupermarket.com/en/juhayna-lactose-free-milk-1-liter,In Stock,9/14/2026 18:16
758,Seoudi Supermarket,Gro Almond Milk Chocolate,Gro,159.95,,EGP,Plant-Based Milk,Milk,,1,l,,https://seoudisupermarket.com/en/gro-almond-milk-chocolate-1-liter,In Stock,9/14/2026 18:16
759,Seoudi Supermarket,Dina Farms Skimmed Milk,Dina Farms,54.5,,EGP,Fresh Milk,Milk,,850,ml,,https://seoudisupermarket.com/en/dina-farms-skimmed-milk-850-ml,In Stock,9/14/2026 18:16
760,Seoudi Supermarket,Juhayna Lactose Free Skimmed Milk,Juhayna,109.95,,EGP,Fresh Milk,Milk,,1,l,,https://seoudisupermarket.com/en/juhayna-lactose-free-skimmed-milk-1-liter,In Stock,9/14/2026 18:16
761,Seoudi Supermarket,Lamar Full Cream Milk,Lamar,48.95,56.75,EGP,Fresh Milk,Milk,,1,l,14,https://seoudisupermarket.com/en/lamar-full-cream-milk-1-liter,In Stock,9/14/2026 18:16
762,Seoudi Supermarket,Almarai Full Cream Milk,Almarai,53.45,55.95,EGP,Fresh Milk,Milk,,1,l,4,https://seoudisupermarket.com/en/%D8%A7%D9%84%D9%85%D8%B1%D8%A7%D8%B9%D9%8A-%D9%84%D8%A8%D9%86-%D9%83%D8%A7%D9%85%D9%84-%D8%A7%D9%84%D8%AF%D8%B3%D9%85%D8%8C-%D8%B2%D8%AC%D8%A7%D8%AC%D8%A9-%D8%A8%D9%84%D8%A7%D8%B3%D8%AA%D9%8A%D9%83-1-%D9%84%D8%AA%D8%B1,In Stock,9/14/2026 18:16
763,Seoudi Supermarket,Lamar Skimmed Milk,Lamar,48.95,56.75,EGP,Fresh Milk,Milk,,1,l,14,https://seoudisupermarket.com/en/lamar-skimmed-milk-1-liter,In Stock,9/14/2026 18:16
764,Seoudi Supermarket,Almarai Full Cream Milk,Almarai,78.45,,EGP,Fresh Milk,Milk,,1.5,l,,https://seoudisupermarket.com/en/almarai-full-cream-milk-1-5-liter,In Stock,9/14/2026 18:16
765,Seoudi Supermarket,Juhayna Full Cream Milk,Juhayna,77.95,,EGP,Fresh Milk,Milk,,1.5,l,,https://seoudisupermarket.com/en/juhayna-full-cream-milk-1-5-liter,In Stock,9/14/2026 18:16
766,Seoudi Supermarket,Lamar Half Cream Milk,Lamar,48.95,56.75,EGP,Fresh Milk,Milk,,1,l,14,https://seoudisupermarket.com/en/lamar-half-cream-milk-1-liter,In Stock,9/14/2026 18:16
767,Seoudi Supermarket,Juhayna Full Cream Milk,Juhayna,55.45,,EGP,Fresh Milk,Milk,,1,l,,https://seoudisupermarket.com/en/%D8%AC%D9%87%D9%8A%D9%86%D9%87-%D9%84%D8%A8%D9%86-%D9%83%D8%A7%D9%85%D9%84-%D8%A7%D9%84%D8%AF%D8%B3%D9%85-1-%D9%84%D8%AA%D8%B1,In Stock,9/14/2026 18:16
768,Seoudi Supermarket,Nestle Condensed Milk,Nestle,114.75,,EGP,Condensed Milk,Milk,,370,g,,https://seoudisupermarket.com/en/nestle-condensed-milk-370-g,In Stock,9/14/2026 18:16
769,Seoudi Supermarket,Almarai Full Cream Milk,Almarai,52.45,55.95,EGP,Fresh Milk,Milk,,1,l,6,https://seoudisupermarket.com/en/almarai-full-cream-milk-1-liter,In Stock,9/14/2026 18:16
770,Seoudi Supermarket,Zumra Cococnut Milk 13%,Zumra,106.75,,EGP,Fresh Milk,Milk,,400,ml,,https://seoudisupermarket.com/en/zumra-cococnut-milk-13-400-ml,In Stock,9/14/2026 18:16
771,Seoudi Supermarket,Reefy Fresh Milk Full Cream,Reefy,53.5,57.95,EGP,Fresh Milk,Milk,,850,ml,8,https://seoudisupermarket.com/en/reefy-fresh-milk-full-cream-850-ml,In Stock,9/14/2026 18:16
772,Seoudi Supermarket,Dina Farms Full Cream Milk,Dina Farms,54.5,,EGP,Fresh Milk,Milk,,850,ml,,https://seoudisupermarket.com/en/dina-farms-full-cream-milk-850-ml,In Stock,9/14/2026 18:16
773,Seoudi Supermarket,Nido El Assassy Powdered Milk,Nido,169.95,,EGP,Powdered Milk,Milk,,500,g,,https://seoudisupermarket.com/en/nido-fortified-rich-in-fiber-powdered-milk-500-g,In Stock,9/14/2026 18:16
774,Seoudi Supermarket,Almarai Lemon Mint Flavored Rayeb Milk,Almarai,29.5,32.5,EGP,Yogurt Drink,Milk,,425,ml,9,https://seoudisupermarket.com/en/almarai-lemon-mint-flavored-rayeb-milk-425-ml,In Stock,9/14/2026 18:16
775,Seoudi Supermarket,Almarai Lemon Mint Flavored Rayeb Milk,Almarai,17.25,18.95,EGP,Yogurt Drink,Milk,,220,ml,9,https://seoudisupermarket.com/en/almarai-lemon-mint-flavored-rayeb-milk-220-ml,In Stock,9/14/2026 18:16
776,Seoudi Supermarket,Danone Dango Banana Flavored Milk,Danone,11.75,13.95,EGP,Flavored Milk,Milk,,200,ml,16,https://seoudisupermarket.com/en/danone-dango-banana-flavored-milk-200-ml,In Stock,9/14/2026 18:16
777,Seoudi Supermarket,Danone Dango Strawberry Flavored Milk,Danone,11.75,13.95,EGP,Flavored Milk,Milk,,200,ml,16,https://seoudisupermarket.com/en/danone-dango-strawberry-flavored-milk-200-ml,In Stock,9/14/2026 18:16
778,Seoudi Supermarket,Danone Dango Chocolate Milk,Danone,11.75,13.95,EGP,Flavored Milk,Milk,,200,ml,16,https://seoudisupermarket.com/en/danone-dango-chocolate-milk-200-ml,In Stock,9/14/2026 18:16
779,Seoudi Supermarket,Almarai Skimmed Milk,Almarai,13.45,,EGP,Fresh Milk,Milk,,200,ml,,https://seoudisupermarket.com/en/almarai-skimmed-milk-200-ml,In Stock,9/14/2026 18:16
780,Seoudi Supermarket,Milky Way Milk Drink,Milky Way,139.95,,EGP,Fresh Milk,Milk,,250,ml,,https://seoudisupermarket.com/en/milky-way-chocolate-drink-250-ml,In Stock,9/14/2026 18:16
781,Seoudi Supermarket,Mars Chocolate Milk Drink,Mars,139.95,,EGP,Flavored Milk,Milk,,250,ml,,https://seoudisupermarket.com/en/mars-chocolate-milk-drink-250-ml,In Stock,9/14/2026 18:16
782,Seoudi Supermarket,Almarai Full Cream Milk - 4 Pieces,Almarai,287.75,,EGP,Fresh Milk,Milk,,1.5,l,,https://seoudisupermarket.com/en/almarai-full-cream-milk-1-5-liters-4-pieces,In Stock,9/14/2026 18:16
783,Seoudi Supermarket,American Garden Coconut Milk,American Garden,116.95,,EGP,Plant-Based Milk,Milk,,400,ml,,https://seoudisupermarket.com/en/american-garden-coconut-milk-400-ml,In Stock,9/14/2026 18:16
784,Seoudi Supermarket,Miro Full Cream Powdered Milk,Miro,104.95,,EGP,Powdered Milk,Milk,,250,g,,https://seoudisupermarket.com/en/miro-full-cream-powdered-milk-250-g,In Stock,9/14/2026 18:16
785,Seoudi Supermarket,Nido Fiber Powdered Milk,Nido,207.75,229.95,EGP,Powdered Milk,Milk,,500,g,10,https://seoudisupermarket.com/en/nido-fiber-powdered-milk-500-g,In Stock,9/14/2026 18:16
786,Seoudi Supermarket,Bestow Evaporated Milk,Bestow,44.95,,EGP,Evaporated Milk,Milk,,170,g,,https://seoudisupermarket.com/en/bestow-evaporated-milk-170-g,In Stock,9/14/2026 18:16
787,Seoudi Supermarket,Obour Land Full Cream Milk,Obour Land,46.45,49.95,EGP,Fresh Milk,Milk,,1,l,7,https://seoudisupermarket.com/en/obour-land-full-cream-milk-1-liter,In Stock,9/14/2026 18:16
788,Seoudi Supermarket,Bekhero Full Cream Milk,Bekhero,44.95,,EGP,Fresh Milk,Milk,,1,l,,https://seoudisupermarket.com/en/bekhero-full-cream-milk-1-liter,In Stock,9/14/2026 18:16
789,Seoudi Supermarket,"Juhayna Full Cream Milk, , Pack of 6 - Discount%",Juhayna,322.75,,EGP,Fresh Milk,Milk,,1,l,,https://seoudisupermarket.com/en/juhayna-full-cream-milk-1-liter-pack-of-6-discount,In Stock,9/14/2026 18:16
790,Seoudi Supermarket,Almarai Full Cream Milk  - Pack of 4,Almarai,203.95,,EGP,Fresh Milk,Milk,,1,l,,https://seoudisupermarket.com/en/almarai-full-cream-milk-1-liter-pack-of-4,In Stock,9/14/2026 18:16
791,Seoudi Supermarket,Almarai Skimmed Milk,Almarai,53.45,55.95,EGP,Fresh Milk,Milk,,1,l,4,https://seoudisupermarket.com/en/%D8%A7%D9%84%D9%85%D8%B1%D8%A7%D8%B9%D9%8A-%D9%84%D8%A8%D9%86-%D8%AE%D8%A7%D9%84%D9%8A-%D8%A7%D9%84%D8%AF%D8%B3%D9%85%D8%8C-%D8%B2%D8%AC%D8%A7%D8%AC%D8%A9-%D8%A8%D9%84%D8%A7%D8%B3%D8%AA%D8%A8%D9%83-1-%D9%84%D8%AA%D8%B1,In Stock,9/14/2026 18:16
792,Seoudi Supermarket,Almarai Skimmed Milk,Almarai,52.45,55.95,EGP,Fresh Milk,Milk,,1,l,6,https://seoudisupermarket.com/en/almarai-skimmed-milk-1-liter,In Stock,9/14/2026 18:16
793,Seoudi Supermarket,Almarai Half Cream Milk,Almarai,53.45,55.95,EGP,Fresh Milk,Milk,,1,l,4,https://seoudisupermarket.com/en/almarai-half-cream-milk-1-liter,In Stock,9/14/2026 18:16
794,Seoudi Supermarket,Bekhero Full Cream Milk,Bekhero,23.95,,EGP,Fresh Milk,Milk,,500,ml,,https://seoudisupermarket.com/en/bekhero-full-cream-milk-500-ml,In Stock,9/14/2026 18:16
795,Seoudi Supermarket,"Almarai Chocolate Milk, , 6 Pieces",Almarai,74.45,,EGP,Flavored Milk,Milk,,200,ml,,https://seoudisupermarket.com/en/almarai-chocolate-milk-200-ml-6-pieces-discount,In Stock,9/14/2026 18:16
796,Seoudi Supermarket,Juhayna Skimmed Milk,Juhayna,55.45,,EGP,Fresh Milk,Milk,,1,l,,https://seoudisupermarket.com/en/juhayna-skimmed-milk-1-liter,In Stock,9/14/2026 18:16
797,Seoudi Supermarket,Juhayna Full Cream Milk,Juhayna,12.75,,EGP,Fresh Milk,Milk,,200,ml,,https://seoudisupermarket.com/en/juhayna-full-cream-milk-200-ml,In Stock,9/14/2026 18:16
798,Seoudi Supermarket,Juhayna Half Cream Milk,Juhayna,55.45,,EGP,Fresh Milk,Milk,,1,l,,https://seoudisupermarket.com/en/juhayna-half-cream-milk-1-liter,In Stock,9/14/2026 18:16
799,Seoudi Supermarket,Almarai Half Cream Milk,Almarai,52.45,55.95,EGP,Fresh Milk,Milk,,1,l,6,https://seoudisupermarket.com/en/%D8%A7%D9%84%D9%85%D8%B1%D8%A7%D8%B9%D9%8A-%D9%84%D8%A8%D9%86-%D9%86%D8%B5%D9%81-%D8%AF%D8%B3%D9%85-1-%D9%84%D8%AA%D8%B1,In Stock,9/14/2026 18:16
800,Seoudi Supermarket,Juhayna mix Strawberry Milk,Juhayna,12.95,,EGP,Flavored Milk,Milk,,200,ml,,https://seoudisupermarket.com/en/juhayna-mix-strawberry-milk-200-ml,In Stock,9/14/2026 18:16
801,Seoudi Supermarket,Juhayna Mix Low Sugar Chocolate Milk,Juhayna,12.95,,EGP,Flavored Milk,Milk,,200,ml,,https://seoudisupermarket.com/en/juhayna-mix-low-sugar-chocolate-milk-200-ml,In Stock,9/14/2026 18:16
802,Seoudi Supermarket,Juhayna Mix Vanilla Flavored Milk,Juhayna,12.95,,EGP,Flavored Milk,Milk,,200,ml,,https://seoudisupermarket.com/en/juhayna-mix-vanilla-flavored-milk-200-ml,In Stock,9/14/2026 18:16
803,Seoudi Supermarket,Almarai Skimmed Milk,Almarai,78.45,,EGP,Fresh Milk,Milk,,1.5,l,,https://seoudisupermarket.com/en/almarai-skimmed-milk-1-5-liter,In Stock,9/14/2026 18:16
804,Seoudi Supermarket,Juhayna Skimmed Milk,Juhayna,77.95,,EGP,Fresh Milk,Milk,,1.5,l,,https://seoudisupermarket.com/en/juhayna-skimmed-milk-1-5-liter,In Stock,9/14/2026 18:16
805,Seoudi Supermarket,Miro Full Cream Powder Milk,Miro,269.95,,EGP,Powdered Milk,Milk,,700,g,,https://seoudisupermarket.com/en/miro-full-cream-powder-milk-700-g,In Stock,9/14/2026 18:16
806,Seoudi Supermarket,"Juhayna Half Cream Milk, , Pack of 6",Juhayna,322.75,,EGP,Fresh Milk,Milk,,1,l,,https://seoudisupermarket.com/en/%D8%AC%D9%87%D9%8A%D9%86%D9%87-%D9%84%D8%A8%D9%86-%D9%86%D8%B5%D9%81-%D8%AF%D8%B3%D9%85%D8%8C-1-%D9%84%D8%AA%D8%B1-%D8%B9%D8%A8%D9%88%D8%A9-%D9%85%D9%86-6-%D9%82%D8%B7%D8%B9,In Stock,9/14/2026 18:16
807,Seoudi Supermarket,Lamar Milk 0% Fat,Lamar,48.95,56.75,EGP,Fresh Milk,Milk,,1,l,14,https://seoudisupermarket.com/en/lamar-milk-0-fat-1-liter,In Stock,9/14/2026 18:16
808,Seoudi Supermarket,Almarai Strawberry Milk,Almarai,13.45,,EGP,Flavored Milk,Milk,,200,ml,,https://seoudisupermarket.com/en/almarai-strawberry-milk-200-ml,In Stock,9/14/2026 18:16
809,Seoudi Supermarket,Juhayna mix Banana Milk,Juhayna,12.95,,EGP,Flavored Milk,Milk,,200,ml,,https://seoudisupermarket.com/en/juhayna-mix-banana-milk-200-ml,In Stock,9/14/2026 18:16
810,Seoudi Supermarket,Juhayna Mix Caramel Flavored Milk,Juhayna,12.95,,EGP,Flavored Milk,Milk,,200,ml,,https://seoudisupermarket.com/en/juhayna-mix-caramel-flavored-milk-200-ml,In Stock,9/14/2026 18:16
811,Seoudi Supermarket,"Lamar Lactose Free Milk, Full Cream",Lamar,104.95,,EGP,Fresh Milk,Milk,,1,l,,https://seoudisupermarket.com/en/lamar-lactose-free-milk-full-cream-1-liter,In Stock,9/14/2026 18:16
812,Seoudi Supermarket,Juhayna Zero Fat Milk,Juhayna,55.45,,EGP,Fresh Milk,Milk,,1,l,,https://seoudisupermarket.com/en/juhayna-zero-fat-milk-1-liter,In Stock,9/14/2026 18:16
813,Seoudi Supermarket,"Juhayna Skimmed Milk, , Pack of 6 - Discount%",Juhayna,322.75,,EGP,Fresh Milk,Milk,,1,l,,https://seoudisupermarket.com/en/%D8%AC%D9%87%D9%8A%D9%86%D9%87-%D9%84%D8%A8%D9%86-%D8%AE%D8%A7%D9%84%D9%8A-%D8%A7%D9%84%D8%AF%D8%B3%D9%85%D8%8C-1-%D9%84%D8%AA%D8%B1%D8%8C-%D8%B9%D8%A8%D9%88%D8%A9-%D9%85%D9%86-6-%D8%AE%D8%B5%D9%85,In Stock,9/14/2026 18:16
814,Seoudi Supermarket,Miro Powdered Full Cream Milk,Miro,109.95,,EGP,Powdered Milk,Milk,,250,g,,https://seoudisupermarket.com/en/miro-powdered-full-cream-milk-250-g,In Stock,9/14/2026 18:16
815,Seoudi Supermarket,"Lamar Lactose Free Milk, Skimmed",Lamar,104.95,,EGP,Fresh Milk,Milk,,1,l,,https://seoudisupermarket.com/en/lamar-lactose-free-milk-skimmed-1-liter,In Stock,9/14/2026 18:16
816,Seoudi Supermarket,Alpro Coconut Milk for Coffe,Alpro,224.95,,EGP,Plant-Based Milk,Milk,,1,l,,https://seoudisupermarket.com/en/alpro-coconut-milk-for-coffe-1-liter,In Stock,9/14/2026 18:16
817,Seoudi Supermarket,Lamar Skimmed Milk,Lamar,12.75,,EGP,Fresh Milk,Milk,,200,ml,,https://seoudisupermarket.com/en/lamar-skimmed-milk-200-ml,In Stock,9/14/2026 18:16
818,Seoudi Supermarket,Obour Land Skimmed Milk,Obour Land,46.45,49.95,EGP,Fresh Milk,Milk,,1,l,7,https://seoudisupermarket.com/en/obour-land-skimmed-milk-1-liter,In Stock,9/14/2026 18:16
819,Seoudi Supermarket,Gro Coconut Milk,Gro,159.95,,EGP,Plant-Based Milk,Milk,,1,l,,https://seoudisupermarket.com/en/gro-coconut-milk-1-liter,In Stock,9/14/2026 18:16
820,Seoudi Supermarket,Alpro Oat Milk For Coffe,Alpro,169.95,224.95,EGP,Plant-Based Milk,Milk,,1,l,24,https://seoudisupermarket.com/en/alpro-oat-milk-for-coffe-1-liter,In Stock,9/14/2026 18:16
821,Seoudi Supermarket,Juhayna N&G Unsweetened Almond Milk,Juhayna,149.95,,EGP,Plant-Based Milk,Milk,,1,l,,https://seoudisupermarket.com/en/juhayna-almond-milk-1liter,In Stock,9/14/2026 18:16
822,Seoudi Supermarket,Aria Full Cream Milk,Aria,49.95,,EGP,Fresh Milk,Milk,,1,l,,https://seoudisupermarket.com/en/aria-full-cream-milk-1-liter,In Stock,9/14/2026 18:16
823,Seoudi Supermarket,Juhayna N&G Barista Oat Milk,Juhayna,149.95,,EGP,Plant-Based Milk,Milk,,1,l,,https://seoudisupermarket.com/en/juhayna-oat-milk-1-liter,In Stock,9/14/2026 18:16
824,Seoudi Supermarket,Gro Almond Milk,Gro,159.95,,EGP,Plant-Based Milk,Milk,,1,l,,https://seoudisupermarket.com/en/gro-almond-milk-1-liter,In Stock,9/14/2026 18:16
825,Seoudi Supermarket,Juhayna Skimmed Milk,Juhayna,12.75,,EGP,Fresh Milk,Milk,,200,ml,,https://seoudisupermarket.com/en/juhayna-skimmed-milk-200-ml,In Stock,9/14/2026 18:16
826,Seoudi Supermarket,Gro Barista Coconut Milk,Gro,159.95,,EGP,Plant-Based Milk,Milk,,1,l,,https://seoudisupermarket.com/en/gro-barista-coconut-milk-1-liter,In Stock,9/14/2026 18:16
827,Seoudi Supermarket,Miro Skimmed Powder Milk,Miro,94.75,,EGP,Powdered Milk,Milk,,250,g,,https://seoudisupermarket.com/en/miro-skimmed-powder-milk-250-g,In Stock,9/14/2026 18:16
828,Seoudi Supermarket,Alpro Almond Milk for Coffee,Alpro,169.95,224.95,EGP,Plant-Based Milk,Milk,,1,l,24,https://seoudisupermarket.com/en/alpro-almond-milk-for-coffee-1-liter,In Stock,9/14/2026 18:16
829,Seoudi Supermarket,Nido Powder Rich in Fiber Milk,Nido,104.95,,EGP,Powdered Milk,Milk,,225,g,,https://seoudisupermarket.com/en/nido-powder-rich-in-fiber-milk-225-g,In Stock,9/14/2026 18:16
830,Seoudi Supermarket,"Almarai Banana Milk, , 6 Pieces",Almarai,74.45,,EGP,Flavored Milk,Milk,,200,ml,,https://seoudisupermarket.com/en/almarai-banana-milk-200-ml-6-pieces-discount,In Stock,9/14/2026 18:16
831,Seoudi Supermarket,Puck Cream,Puck,57.45,69.95,EGP,Cream,Milk,,160,g,18,https://seoudisupermarket.com/en/puck-natural-cream-160-g,In Stock,9/14/2026 18:16
832,Seoudi Supermarket,Rainbow Evaporated Milk,Rainbow,64.95,,EGP,Evaporated Milk,Milk,,170,g,,https://seoudisupermarket.com/en/rainbow-evaporated-milk-170-g,In Stock,9/14/2026 18:16
833,Seoudi Supermarket,Lamar Strawberry Flavored Milk,Lamar,12.75,14.45,EGP,Flavored Milk,Milk,,200,ml,12,https://seoudisupermarket.com/en/lamar-strawberry-flavored-milk-200-ml,In Stock,9/14/2026 18:16
834,Seoudi Supermarket,Nido Powder Fortigrow Milk,Nido,514.95,,EGP,Powdered Milk,Milk,,1200,g,,https://seoudisupermarket.com/en/nido-powder-fortigrow-milk-1200-g,In Stock,9/14/2026 18:16
835,Seoudi Supermarket,Almarai Chocolate Milk - Pack of 27,Almarai,362.75,,EGP,Flavored Milk,Milk,,200,ml,,https://seoudisupermarket.com/en/almarai-chocolate-milk-200-ml-pack-of-27,In Stock,9/14/2026 18:16
836,Seoudi Supermarket,Lamar Tom Oat Milk,Lamar,124.95,,EGP,Plant-Based Milk,Milk,,1,l,,https://seoudisupermarket.com/en/lamar-tom-oat-milk-1-liter,In Stock,9/14/2026 18:16
837,Seoudi Supermarket,Gro Barista Almond Milk,Gro,159.95,,EGP,Plant-Based Milk,Milk,,1,l,,https://seoudisupermarket.com/en/gro-barista-almond-milk-1-liter,In Stock,9/14/2026 18:16
838,Seoudi Supermarket,Rainbow Analogue Evaporated Milk,Rainbow,95.95,,EGP,Evaporated Milk,Milk,,385,ml,,https://seoudisupermarket.com/en/rainbow-analogue-evaporated-milk-385-ml,In Stock,9/14/2026 18:16
839,Seoudi Supermarket,Bonny Full Cream Evaporated Milk,Bonny,144.95,,EGP,Evaporated Milk,Milk,,410,g,,https://seoudisupermarket.com/en/bonny-full-cream-evaporated-milk-410-gm,In Stock,9/14/2026 18:16
840,Seoudi Supermarket,Lamar Tom Barista Oat Milk,Lamar,124.95,,EGP,Plant-Based Milk,Milk,,1,l,,https://seoudisupermarket.com/en/lamar-tom-barista-oat-milk-1-liter,In Stock,9/14/2026 18:16
841,Seoudi Supermarket,Lamar Flavored Banana Milk,Lamar,12.75,14.45,EGP,Flavored Milk,Milk,,200,ml,12,https://seoudisupermarket.com/en/lamar-flavored-banana-milk-200-ml,In Stock,9/14/2026 18:16
842,Seoudi Supermarket,Almarai Cream Modified with Vegetable Oil,Almarai,79.95,,EGP,Cream,Milk,,170,g,,https://seoudisupermarket.com/en/almarai-cream-modified-with-vegetable-oil-170-g,In Stock,9/14/2026 18:16
843,Seoudi Supermarket,Orasi Barista Coconut Milk,Orasi,169.75,,EGP,Plant-Based Milk,Milk,,1,l,,https://seoudisupermarket.com/en/orasi-barista-coconut-milk-1-liter,In Stock,9/14/2026 18:16
844,Seoudi Supermarket,Lamar Tom Almond Milk,Lamar,124.95,,EGP,Plant-Based Milk,Milk,,1,l,,https://seoudisupermarket.com/en/lamar-tom-almond-milk-1-liter,In Stock,9/14/2026 18:16
845,Seoudi Supermarket,Lamar Chocolate Milk,Lamar,56.95,,EGP,Flavored Milk,Milk,,1,l,,https://seoudisupermarket.com/en/lamar-chocolate-milk-1-liter,In Stock,9/14/2026 18:16
846,Seoudi Supermarket,Almarai Strawberry Milk - Pack of 27,Almarai,362.75,,EGP,Flavored Milk,Milk,,200,ml,,https://seoudisupermarket.com/en/almarai-strawberry-milk-200-ml-pack-of-27,In Stock,9/14/2026 18:16
847,Seoudi Supermarket,Lamar Tom Barista Almonds Milk,Lamar,124.95,,EGP,Plant-Based Milk,Milk,,1,l,,https://seoudisupermarket.com/en/lamar-tom-barista-almonds-milk-1-l,In Stock,9/14/2026 18:16
848,Seoudi Supermarket,Alpro Soy Milk for Coffee,Alpro,169.95,224.95,EGP,Plant-Based Milk,Milk,,1,l,24,https://seoudisupermarket.com/en/alpro-soy-milk-for-coffee-1-liter,In Stock,9/14/2026 18:16
849,Seoudi Supermarket,Almarai Banana Milk - Pack of 27,Almarai,362.75,,EGP,Flavored Milk,Milk,,200,ml,,https://seoudisupermarket.com/en/almarai-banana-milk-200-ml-pack-of-27,In Stock,9/14/2026 18:16
850,Seoudi Supermarket,Orasi Barista Soy Milk,Orasi,169.75,,EGP,Plant-Based Milk,Milk,,1,l,,https://seoudisupermarket.com/en/orasi-barista-soy-milk-1-liter,In Stock,9/14/2026 18:16
851,Seoudi Supermarket,Orasi Barista Oat Milk,Orasi,169.75,,EGP,Plant-Based Milk,Milk,,1,l,,https://seoudisupermarket.com/en/orasi-barista-oat-milk-1-liter,In Stock,9/14/2026 18:16
852,Seoudi Supermarket,Luna Boofia Evaporated Milk with Vegetable Oil,Luna,47.75,,EGP,Evaporated Milk,Milk,,170,g,,https://seoudisupermarket.com/en/luna-boofia-evaporated-milk-with-vegetable-oil-170-g,In Stock,9/14/2026 18:16
853,Seoudi Supermarket,Almarai Skimmed Milk - Pack of 27,Almarai,362.75,,EGP,Fresh Milk,Milk,,200,ml,,https://seoudisupermarket.com/en/almarai-skimmed-milk-200-ml-pack-of-27,In Stock,9/14/2026 18:16
854,Seoudi Supermarket,Orasi Barista Almond Milk,Orasi,169.75,,EGP,Plant-Based Milk,Milk,,1,l,,https://seoudisupermarket.com/en/orasi-barista-almond-milk-1-liter,In Stock,9/14/2026 18:16
855,Seoudi Supermarket,Dobella Coconut Milk,Dobella,81.95,,EGP,Plant-Based Milk,Milk,,290,ml,,https://seoudisupermarket.com/en/dobella-coconut-milk-290-ml,In Stock,9/14/2026 18:16
856,Seoudi Supermarket,Aria Strawberry Milk,Aria,12.75,,EGP,Flavored Milk,Milk,,200,ml,,https://seoudisupermarket.com/en/aria-strawberry-milk-200-ml,In Stock,9/14/2026 18:16
857,Seoudi Supermarket,Riso Scotti Organic Rice Milk,Riso Scotti,139.95,,EGP,Plant-Based Milk,Milk,,1,l,,https://seoudisupermarket.com/en/riso-scotti-organic-rice-milk-1-liter,In Stock,9/14/2026 18:16
858,Seoudi Supermarket,Aria Banana Milk,Aria,12.75,,EGP,Flavored Milk,Milk,,200,ml,,https://seoudisupermarket.com/en/aria-banana-milk-200-ml,In Stock,9/14/2026 18:16
859,Seoudi Supermarket,Zumra Cococnut Milk 18%,Zumra,153.95,,EGP,Fresh Milk,Milk,,400,ml,,https://seoudisupermarket.com/en/zumra-cococnut-milk-18-400-ml,In Stock,9/14/2026 18:16
860,Seoudi Supermarket,Aria Chocolate Milk,Aria,9.75,,EGP,Flavored Milk,Milk,,125,ml,,https://seoudisupermarket.com/en/aria-chocolate-milk-125-ml,In Stock,9/14/2026 18:16
861,Seoudi Supermarket,Gro Barista Coconut Milk,Gro,32.75,,EGP,Plant-Based Milk,Milk,,200,ml,,https://seoudisupermarket.com/en/gro-barista-coconut-milk-200-ml,In Stock,9/14/2026 18:16
862,Seoudi Supermarket,Gro Coconut Milk,Gro,32.75,,EGP,Plant-Based Milk,Milk,,200,ml,,https://seoudisupermarket.com/en/gro-coconut-milk-200-ml,In Stock,9/14/2026 18:16
863,Seoudi Supermarket,Almarai Full Cream Milk - 6 Pieces,Almarai,74.45,,EGP,Fresh Milk,Milk,,200,ml,,https://seoudisupermarket.com/en/almarai-full-cream-milk-200-ml-6-pieces,In Stock,9/14/2026 18:16
864,Seoudi Supermarket,Juhayna Rayeb Sobya & Mango,Juhayna,33,,EGP,Yogurt Drink,Milk,,440,ml,,https://seoudisupermarket.com/en/juhayna-rayeb-sobya-and-mango-440-ml,In Stock,9/14/2026 18:16
865,Seoudi Supermarket,Almarai Barista Full Cream Milk,Almarai,55.95,,EGP,Fresh Milk,Milk,,1,l,,https://seoudisupermarket.com/en/almarai-barista-full-cream-milk-1-liter,In Stock,9/14/2026 18:16
866,Seoudi Supermarket,The Milkman Salted Caramel Milk,The Milkman,57.5,,EGP,Flavored Milk,Milk,,250,ml,,https://seoudisupermarket.com/en/the-milkman-salted-caramel-milk-250-ml,In Stock,9/14/2026 18:16
867,Seoudi Supermarket,The Milkman White Mocha Milk,The Milkman,57.5,,EGP,Flavored Milk,Milk,,250,ml,,https://seoudisupermarket.com/en/the-milkman-white-mocha-milk-250-ml,In Stock,9/14/2026 18:16
868,Seoudi Supermarket,Reefy Lactose-Free Milk,Reefy,84.95,,EGP,Fresh Milk,Milk,,850,ml,,https://seoudisupermarket.com/en/reefy-lactosefree-milk-850-ml,In Stock,9/14/2026 18:16
869,Seoudi Supermarket,The Milkman Rayeb Milk,The Milkman,26.95,,EGP,Yogurt Drink,Milk,,250,ml,,https://seoudisupermarket.com/en/the-milkman-rayeb-milk-250-ml,In Stock,9/14/2026 18:16
870,Seoudi Supermarket,The Milkman Fresh Full Cream Milk,The Milkman,72.95,80.95,EGP,Fresh Milk,Milk,,850,ml,10,https://seoudisupermarket.com/en/the-milkman-fresh-full-cream-milk-850-ml,In Stock,9/14/2026 18:16
871,Seoudi Supermarket,Almarai Fresh Rayeb,Almarai,17.25,18.95,EGP,Yogurt Drink,Milk,,220,ml,9,https://seoudisupermarket.com/en/almarai-fresh-rayeb-220-ml,In Stock,9/14/2026 18:16
872,Seoudi Supermarket,Dina Farms Dates Milk,Dina Farms,19.95,,EGP,Flavored Milk,Milk,,250,ml,,https://seoudisupermarket.com/en/dina-farms-dates-milk-250-ml,In Stock,9/14/2026 18:16
873,Seoudi Supermarket,Dina Farms Coffee Milk,Dina Farms,27.95,,EGP,Flavored Milk,Milk,,250,ml,,https://seoudisupermarket.com/en/dina-farms-coffee-milk-250-ml,In Stock,9/14/2026 18:16
874,Seoudi Supermarket,Dina Farms Chocolate Milk,Dina Farms,20.95,,EGP,Flavored Milk,Milk,,250,ml,,https://seoudisupermarket.com/en/dina-farms-chocolate-milk-250-ml,In Stock,9/14/2026 18:16
875,Seoudi Supermarket,Juhayna Rayeb Milk,Juhayna,18.75,,EGP,Yogurt Drink,Milk,,220,ml,,https://seoudisupermarket.com/en/juhayna-rayeb-milk-220-ml,In Stock,9/14/2026 18:16
876,Seoudi Supermarket,Juhayna Light Rayeb Milk,Juhayna,32,,EGP,Yogurt Drink,Milk,,440,ml,,https://seoudisupermarket.com/en/juhayna-light-rayeb-milk-440-ml,In Stock,9/14/2026 18:16
877,Seoudi Supermarket,Juhayna Green Tea & Lemon Rayeb Milk,Juhayna,32,,EGP,Yogurt Drink,Milk,,440,ml,,https://seoudisupermarket.com/en/juhayna-green-tea-and-lemon-rayeb-milk-440-ml,In Stock,9/14/2026 18:16
878,Seoudi Supermarket,Juhayna Rayeb Milk,Juhayna,32,,EGP,Yogurt Drink,Milk,,440,ml,,https://seoudisupermarket.com/en/juhayna-rayeb-milk-440-ml,In Stock,9/14/2026 18:16
879,Seoudi Supermarket,Juhayna Rayeb,Juhayna,55,,EGP,Yogurt Drink,Milk,,1,l,,https://seoudisupermarket.com/en/juhayna-rayeb-1-liter,In Stock,9/14/2026 18:16
880,Seoudi Supermarket,Gro Barista Oat Milk,Gro,159.95,,EGP,Plant-Based Milk,Milk,,1,l,,https://seoudisupermarket.com/en/gro-barista-oat-milk-1-liter,In Stock,9/14/2026 18:16
881,Seoudi Supermarket,Reefy Rayeb Milk,Reefy,58.95,,EGP,Yogurt Drink,Milk,,850,ml,,https://seoudisupermarket.com/en/reefy-rayeb-milk-850-ml,In Stock,9/14/2026 18:16
882,Seoudi Supermarket,Aria Strawberry Milk,Aria,9.75,,EGP,Flavored Milk,Milk,,125,ml,,https://seoudisupermarket.com/en/aria-strawberry-milk-125-ml,In Stock,9/14/2026 18:16
883,Seoudi Supermarket,"Almarai Lactose Free Milk , Full Cream",Almarai,93.95,,EGP,Fresh Milk,Milk,,1,l,,https://seoudisupermarket.com/en/almarai-lactose-free-milk-full-cream-1-liter,In Stock,9/14/2026 18:16
884,Seoudi Supermarket,Reefy Rayeb Milk,Reefy,23.95,,EGP,Yogurt Drink,Milk,,200,ml,,https://seoudisupermarket.com/en/reefy-rayeb-milk-200-ml,In Stock,9/14/2026 18:16
885,Seoudi Supermarket,Reefy Fresh Skimmed Milk,Reefy,53.5,57.95,EGP,Fresh Milk,Milk,,850,ml,8,https://seoudisupermarket.com/en/reefy-fresh-skimmed-milk-850-ml,In Stock,9/14/2026 18:16
886,Seoudi Supermarket,The Milkman Chocolate Milk,The Milkman,64.5,,EGP,Flavored Milk,Milk,,250,g,,https://seoudisupermarket.com/en/the-milkman-chocolate-milk-250-g,In Stock,9/14/2026 18:16
887,Seoudi Supermarket,Nido Plus1 Powder Milk with Honey,Nido,184.95,,EGP,Powdered Milk,Milk,,288,g,,https://seoudisupermarket.com/en/nido-plus1-powder-milk-with-honey-288-g,In Stock,9/14/2026 18:16
888,Seoudi Supermarket,Nido Plus1 Milk Powder,Nido,354.95,,EGP,Powdered Milk,Milk,,576,g,,https://seoudisupermarket.com/en/nido-plus1-milk-powder-576-g,In Stock,9/14/2026 18:16
889,Seoudi Supermarket,Almarai Fresh Rayeb,Almarai,29.5,32.5,EGP,Yogurt Drink,Milk,,425,ml,9,https://seoudisupermarket.com/en/almarai-fresh-rayeb-425-ml,In Stock,9/14/2026 18:16
890,Seoudi Supermarket,Gro Oat Milk,Gro,159.95,,EGP,Plant-Based Milk,Milk,,1,l,,https://seoudisupermarket.com/en/gro-oat-milk-1-liter,In Stock,9/14/2026 18:16
891,Seoudi Supermarket,Juhayna N&G Barista Almond Milk,Juhayna,149.95,,EGP,Plant-Based Milk,Milk,,1,l,,https://seoudisupermarket.com/en/juhayna-barista-almond-milk-1-liter,In Stock,9/14/2026 18:16
892,Seoudi Supermarket,The Milkman Rayeb Milk,The Milkman,76.95,,EGP,Yogurt Drink,Milk,,850,ml,,https://seoudisupermarket.com/en/the-milkman-rayeb-milk-850-ml,In Stock,9/14/2026 18:16
893,Seoudi Supermarket,The Milkman Lactose Free Milk,The Milkman,97.5,,EGP,Fresh Milk,Milk,,850,ml,,https://seoudisupermarket.com/en/the-milkman-lactose-free-milk-850-ml,In Stock,9/14/2026 18:16
894,Seoudi Supermarket,The Milkman Dates Milk,The Milkman,27.95,,EGP,Flavored Milk,Milk,,250,ml,,https://seoudisupermarket.com/en/the-milkman-dates-milk-250-ml,In Stock,9/14/2026 18:16
895,Seoudi Supermarket,The Milkman Milk with Coffee,The Milkman,45.95,,EGP,Flavored Milk,Milk,,250,ml,,https://seoudisupermarket.com/en/the-milkman-milk-with-coffee-250-ml,In Stock,9/14/2026 18:16
896,Seoudi Supermarket,Juhayna Light Rayeb Milk,Juhayna,18.75,,EGP,Yogurt Drink,Milk,,220,ml,,https://seoudisupermarket.com/en/juhayna-light-rayeb-milk-220-ml,In Stock,9/14/2026 18:16
897,Seoudi Supermarket,Juhayna Green Tea & Lemon Rayeb Milk,Juhayna,18.75,,EGP,Yogurt Drink,Milk,,220,ml,,https://seoudisupermarket.com/en/juhayna-green-tea-and-lemon-rayeb-milk-220-ml,In Stock,9/14/2026 18:16
898,Seoudi Supermarket,Danone Activia Rayeb Milk,Danone,18.5,,EGP,Yogurt Drink,Milk,,205,g,,https://seoudisupermarket.com/en/danone-activia-rayeb-milk-205-g,In Stock,9/14/2026 18:16
899,Seoudi Supermarket,Danone Activia Rayeb,Danone,33,,EGP,Yogurt Drink,Milk,,400,g,,https://seoudisupermarket.com/en/danone-activia-rayeb-400-gm,In Stock,9/14/2026 18:16
900,Seoudi Supermarket,Dina Farms Dates Milk,Dina Farms,56.5,,EGP,Flavored Milk,Milk,,850,ml,,https://seoudisupermarket.com/en/dina-farms-dates-milk-850-ml,In Stock,9/14/2026 18:16
901,Seoudi Supermarket,Dina Farms Strwaberry Milk,Dina Farms,56.5,,EGP,Fresh Milk,Milk,,850,ml,,https://seoudisupermarket.com/en/dina-farms-strwaberry-milk-850-ml,In Stock,9/14/2026 18:16
902,Seoudi Supermarket,Dina Farms Natural Rayeb Milk,Dina Farms,19.95,,EGP,Yogurt Drink,Milk,,250,ml,,https://seoudisupermarket.com/en/dina-farms-natural-rayeb-milk-250-ml,In Stock,9/14/2026 18:16
903,Seoudi Supermarket,Coco Royal Coconut Milk,Coco Royal,79.75,,EGP,Plant-Based Milk,Milk,,290,ml,,https://seoudisupermarket.com/en/coco-royal-coconut-milk-290-ml,In Stock,9/14/2026 18:16
904,Seoudi Supermarket,Coco Royal Coconut Milk Drink with Pineapple Flavor,Coco Royal,79.75,,EGP,Plant-Based Milk,Milk,,290,ml,,https://seoudisupermarket.com/en/coco-royal-coconut-milk-drink-with-pineapple-flavor-290-ml,In Stock,9/14/2026 18:16
905,Seoudi Supermarket,Coco Royal Coconut Milk with Chocolate Flavor,Coco Royal,79.75,,EGP,Plant-Based Milk,Milk,,290,ml,,https://seoudisupermarket.com/en/coco-royal-coconut-milk-with-chocolate-flavor-290-ml,In Stock,9/14/2026 18:16
906,Seoudi Supermarket,Mafaza Full Cream Cow milk,Mafaza,64.95,76.75,EGP,Fresh Milk,Milk,,850,ml,15,https://seoudisupermarket.com/en/mafaza-full-cream-cow-milk-850-ml,In Stock,9/14/2026 18:16
907,Seoudi Supermarket,The Milkman Skimmed Milk,The Milkman,72.95,80.95,EGP,Fresh Milk,Milk,,850,ml,10,https://seoudisupermarket.com/en/the-milkman-skimmed-milk-850-ml,In Stock,9/14/2026 18:16
908,Seoudi Supermarket,Coco Royal Coconut Milk,Coco Royal,79.75,,EGP,Plant-Based Milk,Milk,,300,ml,,https://seoudisupermarket.com/en/coco-royal-coconut-milk-300-ml,In Stock,9/14/2026 18:16
909,Seoudi Supermarket,Uglobe Coconut Milk,Uglobe,74.95,,EGP,Plant-Based Milk,Milk,,290,ml,,https://seoudisupermarket.com/en/uglobe-coconut-milk-290-ml,In Stock,9/14/2026 18:16
910,Seoudi Supermarket,Uglobe Cocount Milk,Uglobe,74.95,,EGP,Fresh Milk,Milk,,290,ml,,https://seoudisupermarket.com/en/uglobe-cocount-milk-290-ml,In Stock,9/14/2026 18:16
911,Seoudi Supermarket,Puck Cream with Honey,Puck,69.95,,EGP,Cream,Milk,,160,ml,,https://seoudisupermarket.com/en/puck-cream-with-honey-160-ml,Out of Stock,9/14/2026 18:16
912,Seoudi Supermarket,Abu Qus Evaporated Milk with Cardamom,Abu Qus,79.95,,EGP,Evaporated Milk,Milk,,170,ml,,https://seoudisupermarket.com/en/abu-qus-evaporated-milk-with-cardamom-170-ml,Out of Stock,9/14/2026 18:16
913,Seoudi Supermarket,Nestle Sweetened Condensed Milk,Nestle,266.74,,EGP,Condensed Milk,Milk,,1,kg,,https://seoudisupermarket.com/en/nestle-sweetened-condensed-milk-1-kg,Out of Stock,9/14/2026 18:16
914,Seoudi Supermarket,Juhayna N&G Barista Coconut Milk,Juhayna,79.95,,EGP,Plant-Based Milk,Milk,,500,ml,,https://seoudisupermarket.com/en/juhayna-barista-coconut-milk-500-ml,Out of Stock,9/14/2026 18:16
915,Seoudi Supermarket,Dobella Fresh Cream,Dobella,49.95,,EGP,Cream,Milk,,155,g,,https://seoudisupermarket.com/en/dobella-fresh-cream-155-g,Out of Stock,9/14/2026 18:16
916,Seoudi Supermarket,Almarai Evaporated Milk,Almarai,64.95,,EGP,Evaporated Milk,Milk,,170,g,,https://seoudisupermarket.com/en/almarai-evaporated-milk-170-g,Out of Stock,9/14/2026 18:16
917,Seoudi Supermarket,Almarai Sweetened Condensed Milk,Almarai,106.95,,EGP,Condensed Milk,Milk,,397,g,,https://seoudisupermarket.com/en/almarai-condensed-milk-397-g,Out of Stock,9/14/2026 18:16
918,Seoudi Supermarket,Zumra Creamy Coconut Milk for Cooking 20-22% Fat,Zumra,134.95,,EGP,Cream,Milk,,400,ml,,https://seoudisupermarket.com/en/zumra-creamy-coconut-milk-for-cooking-400-ml,Out of Stock,9/14/2026 18:16
919,Seoudi Supermarket,Nido El Assassy Powdered Milk,Nido,71.75,,EGP,Powdered Milk,Milk,,200,g,,https://seoudisupermarket.com/en/nido-el-assassy-powdered-milk-200-g,Out of Stock,9/14/2026 18:16
920,Seoudi Supermarket,Nido Powdered Milk Rich in Fiber - 900+,Nido,399.95,,EGP,Powdered Milk,Milk,,100,g,,https://seoudisupermarket.com/en/nido-powdered-milk-rich-in-fiber-900100-g,Out of Stock,9/14/2026 18:16
921,Seoudi Supermarket,Gro Almond Chocolate Milk,Gro,32.75,,EGP,Plant-Based Milk,Milk,,200,ml,,https://seoudisupermarket.com/en/gro-almond-chocolate-milk-200-ml,Out of Stock,9/14/2026 18:16
922,Seoudi Supermarket,Juhayna mix Chocolate Milk,Juhayna,12.95,,EGP,Flavored Milk,Milk,,200,ml,,https://seoudisupermarket.com/en/juhayna-mix-chocolate-milk-200-ml,Out of Stock,9/14/2026 18:16
923,Seoudi Supermarket,Almarai Full Cream Milk,Almarai,13.45,,EGP,Fresh Milk,Milk,,200,ml,,https://seoudisupermarket.com/en/almarai-full-cream-milk-200-ml,Out of Stock,9/14/2026 18:16
924,Seoudi Supermarket,Lamar Full Cream Milk,Lamar,12.75,,EGP,Fresh Milk,Milk,,200,ml,,https://seoudisupermarket.com/en/lamar-full-cream-milk-200-ml,Out of Stock,9/14/2026 18:16
925,Seoudi Supermarket,Almarai Chocolate Milk,Almarai,13.45,,EGP,Flavored Milk,Milk,,200,ml,,https://seoudisupermarket.com/en/almarai-chocolate-milk-200-ml,Out of Stock,9/14/2026 18:16
926,Seoudi Supermarket,Nido Powder Rich in Fiber Milk,Nido,11.95,,EGP,Powdered Milk,Milk,,25,g,,https://seoudisupermarket.com/en/nido-powder-rich-in-fiber-milk-25-g,Out of Stock,9/14/2026 18:16
927,Seoudi Supermarket,"Almarai Strawberry Milk, , 6 Pieces - Discount%",Almarai,74.45,,EGP,Flavored Milk,Milk,,200,ml,,https://seoudisupermarket.com/en/almarai-strawberry-milk-200-ml-6-pieces-discount,Out of Stock,9/14/2026 18:16
928,Seoudi Supermarket,Albany Cream Can,Albany,49.95,,EGP,Cream,Milk,,155,g,,https://seoudisupermarket.com/en/albany-cream-can-155-g,Out of Stock,9/14/2026 18:16
929,Seoudi Supermarket,Almarai Full Cream Milk - Pack of 27,Almarai,362.75,,EGP,Fresh Milk,Milk,,200,ml,,https://seoudisupermarket.com/en/almarai-full-cream-milk-200-ml-pack-of-27,Out of Stock,9/14/2026 18:16
930,Seoudi Supermarket,Almarai Banana Milk,Almarai,13.45,,EGP,Flavored Milk,Milk,,200,ml,,https://seoudisupermarket.com/en/almarai-banana-milk-200-ml,Out of Stock,9/14/2026 18:16
931,Seoudi Supermarket,Nido Powder Rich in Fiber Milk,Nido,47.45,,EGP,Powdered Milk,Milk,,100,g,,https://seoudisupermarket.com/en/nido-powder-rich-in-fiber-milk-100-g,Out of Stock,9/14/2026 18:16
932,Seoudi Supermarket,Almarai Full Cream Milk - Pack of 6,Almarai,307.45,,EGP,Fresh Milk,Milk,,1,l,,https://seoudisupermarket.com/en/almarai-full-cream-milk-1-liter-pack-of-6,Out of Stock,9/14/2026 18:16
933,Seoudi Supermarket,Bonny Full Cream Sweetened Condensed Milk,Bonny,157.75,,EGP,Condensed Milk,Milk,,395,g,,https://seoudisupermarket.com/en/bonny-full-cream-sweetened-condensed-milk-395-gm,Out of Stock,9/14/2026 18:16
934,Seoudi Supermarket,Lamar Chocolate Milk,Lamar,12.75,14.45,EGP,Flavored Milk,Milk,,200,ml,12,https://seoudisupermarket.com/en/lamar-chocolate-milk-200-ml,Out of Stock,9/14/2026 18:16
935,Seoudi Supermarket,Lamar Almond Milk,Lamar,124.95,,EGP,Plant-Based Milk,Milk,,1,l,,https://seoudisupermarket.com/en/lamar-almond-milk-1-liter,Out of Stock,9/14/2026 18:16
936,Seoudi Supermarket,Almarai Skimmed Milk - 4 Pieces,Almarai,203.75,,EGP,Fresh Milk,Milk,,1,l,,https://seoudisupermarket.com/en/almarai-skimmed-milk-1-liter-4-pieces,Out of Stock,9/14/2026 18:16
937,Seoudi Supermarket,Alpro Sugar Free Almond Milk,Alpro,224.95,,EGP,Plant-Based Milk,Milk,,1,l,,https://seoudisupermarket.com/en/alpro-sugar-free-almond-milk-1-liter,Out of Stock,9/14/2026 18:16
938,Seoudi Supermarket,Al-Wadaq Semi-Natural Cream,Al-Wadaq,59.95,,EGP,Cream,Milk,,155,g,,https://seoudisupermarket.com/en/alwadaq-seminatural-cream-155-g,Out of Stock,9/14/2026 18:16
939,Seoudi Supermarket,Nido Powder Rich in Fiber Milk,Nido,257.95,,EGP,Powdered Milk,Milk,,600,g,,https://seoudisupermarket.com/en/nido-powder-rich-in-fiber-milk-600-g,Out of Stock,9/14/2026 18:16
940,Seoudi Supermarket,Nido Powder Rich in Fiber Milk,Nido,171.45,,EGP,Powdered Milk,Milk,,400,g,,https://seoudisupermarket.com/en/nido-powder-rich-in-fiber-milk-400-g,Out of Stock,9/14/2026 18:16
941,Seoudi Supermarket,Puck Skimmed Evaporated Milk,Puck,44.95,,EGP,Evaporated Milk,Milk,,170,ml,,https://seoudisupermarket.com/en/puck-skimmed-evaporated-milk-170-ml,Out of Stock,9/14/2026 18:16
942,Seoudi Supermarket,Almarai Half Cream Milk - Pack of 4,Almarai,203.75,,EGP,Fresh Milk,Milk,,1,l,,https://seoudisupermarket.com/en/almarai-half-cream-milk-1-liter-pack-of-4,Out of Stock,9/14/2026 18:16
943,Seoudi Supermarket,Lamar Cookies & Cream Milk,Lamar,12.75,14.45,EGP,Cream,Milk,,200,ml,12,https://seoudisupermarket.com/en/lamar-cookies-and-cream-milk-200-ml,Out of Stock,9/14/2026 18:16
944,Seoudi Supermarket,Luna Sweetened Condensed Milk,Luna,104.75,,EGP,Condensed Milk,Milk,,395,g,,https://seoudisupermarket.com/en/luna-sweetened-condensed-milk-395-g,Out of Stock,9/14/2026 18:16
945,Seoudi Supermarket,Thio Coconut Cream,Thio,86.45,,EGP,Cream,Milk,,400,ml,,https://seoudisupermarket.com/en/thio-coconut-cream-400-ml,Out of Stock,9/14/2026 18:16
946,Seoudi Supermarket,Alpro Almond Milk with Dark Chocolate,Alpro,224.95,,EGP,Plant-Based Milk,Milk,,1,l,,https://seoudisupermarket.com/en/alpro-almond-milk-with-dark-chocolate-1-liter,Out of Stock,9/14/2026 18:16
947,Seoudi Supermarket,Coast Condensed Milk,Coast,109.95,,EGP,Condensed Milk,Milk,,397,g,,https://seoudisupermarket.com/en/coast-condensed-milk-397-g,Out of Stock,9/14/2026 18:16
948,Seoudi Supermarket,Lamar Chocolate Almond Milk,Lamar,23.45,,EGP,Plant-Based Milk,Milk,,200,ml,,https://seoudisupermarket.com/en/lamar-chocolate-almond-milk-200-ml,Out of Stock,9/14/2026 18:16
949,Seoudi Supermarket,Nido Powder Rich in Fiber Milk,Nido,399.95,,EGP,Powdered Milk,Milk,,900,g,,https://seoudisupermarket.com/en/%D9%86%D9%8A%D8%AF%D9%88-%D9%84%D8%A8%D9%86-%D8%A8%D9%88%D8%AF%D8%B1%D8%A9-%D8%BA%D9%86%D9%8A-%D8%A8%D8%A7%D9%84%D8%A7%D9%84%D9%8A%D8%A7%D9%81-900-%D8%AC%D9%85,Out of Stock,9/14/2026 18:16
950,Seoudi Supermarket,Lamar TOM Coconut Milk,Lamar,124.95,,EGP,Plant-Based Milk,Milk,,1,l,,https://seoudisupermarket.com/en/lamar-tom-coconut-milk-1-liter,Out of Stock,9/14/2026 18:16
951,Seoudi Supermarket,Rizi Coconut Milk,,89.95,,EGP,Plant-Based Milk,Milk,,400,g,,https://seoudisupermarket.com/en/rizi-coconut-milk-400-g,Out of Stock,9/14/2026 18:16
952,Seoudi Supermarket,Queen Coconut Milk,Queen,65.75,,EGP,Plant-Based Milk,Milk,,400,g,,https://seoudisupermarket.com/en/queen-coconut-milk-400-g,Out of Stock,9/14/2026 18:16
953,Seoudi Supermarket,Coast Evaporated Milk,Coast,42.95,,EGP,Evaporated Milk,Milk,,170,g,,https://seoudisupermarket.com/en/coast-evaporated-milk-170-g,Out of Stock,9/14/2026 18:16
954,Seoudi Supermarket,Albany Cream with Honey Flavor,Albany,53.95,,EGP,Cream,Milk,,155,g,,https://seoudisupermarket.com/en/albany-cream-with-honey-flavor-155-g,Out of Stock,9/14/2026 18:16
955,Seoudi Supermarket,Lamar Biscuits Oat Milk,Lamar,23.25,,EGP,Plant-Based Milk,Milk,,200,ml,,https://seoudisupermarket.com/en/lamar-biscuits-oat-milk-200-ml,Out of Stock,9/14/2026 18:16
956,Seoudi Supermarket,Lamar Full Cream Milk,Lamar,28.95,,EGP,Fresh Milk,Milk,,500,ml,,https://seoudisupermarket.com/en/lamar-full-cream-milk-500-ml,Out of Stock,9/14/2026 18:16
957,Seoudi Supermarket,Thai Coco Pure Coconut Water,Thai Coco,94.95,,EGP,Plant-Based Milk,Milk,,310,ml,,https://seoudisupermarket.com/en/thai-coco-pure-coconut-water-310-ml,Out of Stock,9/14/2026 18:16
958,Seoudi Supermarket,Riso Scotti Original Almond Gluten Free Milk,Riso Scotti,139.95,,EGP,Plant-Based Milk,Milk,,1,l,,https://seoudisupermarket.com/en/riso-scotti-original-almond-gluten-free-milk-1-liter,Out of Stock,9/14/2026 18:16
959,Seoudi Supermarket,Aroy-D Coconut Milk,Aroy-D,253.45,,EGP,Plant-Based Milk,Milk,,1,l,,https://seoudisupermarket.com/en/aroyd-coconut-milk-1-liter,Out of Stock,9/14/2026 18:16
960,Seoudi Supermarket,Riso Scotti Gluten Free Oats Milk,Riso Scotti,139.95,,EGP,Plant-Based Milk,Milk,,1,l,,https://seoudisupermarket.com/en/riso-scotti-gluten-free-oats-milk-1-liter,Out of Stock,9/14/2026 18:16
961,Seoudi Supermarket,Riso Scotti Rice and Coconut Gluten Free Milk,Riso Scotti,139.95,,EGP,Plant-Based Milk,Milk,,1,l,,https://seoudisupermarket.com/en/riso-scotti-rice-and-coconut-gluten-free-milk-1-liter,Out of Stock,9/14/2026 18:16
962,Seoudi Supermarket,Luna Evaporated Milk,Luna,74.95,,EGP,Evaporated Milk,Milk,,410,g,,https://seoudisupermarket.com/en/luna-evaporated-milk-410-g,Out of Stock,9/14/2026 18:16
963,Seoudi Supermarket,Juhayna Mix Chocolate Milk - Pack of 27,Juhayna,320.45,,EGP,Flavored Milk,Milk,,200,ml,,https://seoudisupermarket.com/en/,Out of Stock,9/14/2026 18:16
964,Seoudi Supermarket,Dobella Coconut Milk with Coconut Pieces,Dobella,81.95,,EGP,Plant-Based Milk,Milk,,290,ml,,https://seoudisupermarket.com/en/dobella-coconut-milk-with-coconut-pieces-290-ml,Out of Stock,9/14/2026 18:16
965,Seoudi Supermarket,Thai Coconut Milk Concentrate 18%,Thai,75.45,,EGP,Plant-Based Milk,Milk,,400,ml,,https://seoudisupermarket.com/en/thai-coconut-milk-concentrate-18-400-ml,Out of Stock,9/14/2026 18:16
966,Seoudi Supermarket,Queen Coconut Cream,Queen,109.95,,EGP,Cream,Milk,,400,ml,,https://seoudisupermarket.com/en/queen-coconut-cream-400-ml,Out of Stock,9/14/2026 18:16
967,Seoudi Supermarket,Luna Cream with vegetable Oil,Luna,45.45,,EGP,Cream,Milk,,155,g,,https://seoudisupermarket.com/en/luna-cream-with-vegetable-oil-155-g,Out of Stock,9/14/2026 18:16
968,Seoudi Supermarket,Thai Coco Light Coconut Milk 7%,Thai Coco,84.95,,EGP,Plant-Based Milk,Milk,,400,ml,,https://seoudisupermarket.com/en/thai-coco-lite-coconut-milk-7-400-ml,Out of Stock,9/14/2026 18:16
969,Seoudi Supermarket,Aria Chocolate Milk,Aria,12.75,,EGP,Flavored Milk,Milk,,200,ml,,https://seoudisupermarket.com/en/aria-chocolate-milk-200-ml,Out of Stock,9/14/2026 18:16
970,Seoudi Supermarket,Dina Farms Coffee Flavored Milk,Dina Farms,41.95,,EGP,Flavored Milk,Milk,,400,ml,,https://seoudisupermarket.com/en/dina-farms-coffee-flavored-milk-400-ml,Out of Stock,9/14/2026 18:16
971,Seoudi Supermarket,Siam Coconut Milk,Siam,139.95,,EGP,Plant-Based Milk,Milk,,400,ml,,https://seoudisupermarket.com/en/siam-coconut-milk-400-ml,Out of Stock,9/14/2026 18:16
972,Seoudi Supermarket,Juhayna Mix Banana Milk - Pack of 6 - Discount%,Juhayna,65.25,,EGP,Flavored Milk,Milk,,200,ml,,https://seoudisupermarket.com/en/juhayna-mix-banana-milk-200-ml-pack-of-6-discount,Out of Stock,9/14/2026 18:16
973,Seoudi Supermarket,Juhayna Mix Chocolate Milk - Pack of 6 - Discount%,Juhayna,65.25,,EGP,Flavored Milk,Milk,,200,ml,,https://seoudisupermarket.com/en/juhayna-mix-chocolate-milk-200-ml-pack-of-6-discount,Out of Stock,9/14/2026 18:16
974,Seoudi Supermarket,Dina Farms Natural Rayeb Milk,Dina Farms,54.5,,EGP,Yogurt Drink,Milk,,850,ml,,https://seoudisupermarket.com/en/dina-farms-natural-rayeb-milk-850-ml,Out of Stock,9/14/2026 18:16
975,Seoudi Supermarket,Alasdekaa Full Cream Buffalo Milk,Alasdekaa,68.95,70.5,EGP,Fresh Milk,Milk,,850,ml,2,https://seoudisupermarket.com/en/alasdekaa-full-cream-buffalo-milk-850-ml,Out of Stock,9/14/2026 18:16
976,Seoudi Supermarket,Mafaza Full Cream Buffalo Milk,Mafaza,83.95,96.5,EGP,Fresh Milk,Milk,,850,ml,13,https://seoudisupermarket.com/en/mafaza-full-cream-buffalo-milk-850-ml,Out of Stock,9/14/2026 18:16
977,Seoudi Supermarket,Aria Skimmed Milk,Aria,49.95,,EGP,Fresh Milk,Milk,,1,l,,https://seoudisupermarket.com/en/aria-skimmed-milk-1-liter,Out of Stock,9/14/2026 18:16
978,Seoudi Supermarket,Aria Banana Milk,Aria,9.75,,EGP,Flavored Milk,Milk,,125,ml,,https://seoudisupermarket.com/en/aria-banana-milk-125-ml,Out of Stock,9/14/2026 18:16
979,Seoudi Supermarket,Dina Farms Light Rayeb Milk,Dina Farms,54.5,,EGP,Yogurt Drink,Milk,,850,ml,,https://seoudisupermarket.com/en/dina-farms-light-rayeb-milk-850-ml,Out of Stock,9/14/2026 18:16
980,Seoudi Supermarket,Mana Evaporated Milk,Mana,36.95,,EGP,Evaporated Milk,Milk,,159,ml,,https://seoudisupermarket.com/en/mana-evaporated-milk-159-ml,Out of Stock,9/14/2026 18:16
981,Seoudi Supermarket,Nestle Condensed Sweetened Milk,Nestle,209.95,,EGP,Condensed Milk,Milk,,450,g,,https://seoudisupermarket.com/en/nestle-condensed-sweetened-milk-450-g,Out of Stock,9/14/2026 18:16
982,Seoudi Supermarket,Dina Farms Chocolate Milk,Dina Farms,60.5,,EGP,Flavored Milk,Milk,,850,ml,,https://seoudisupermarket.com/en/dina-farms-chocolate-milk-850-ml,Out of Stock,9/14/2026 18:16
983,Seoudi Supermarket,Dina Farms Strwaberry Milk,Dina Farms,19.95,,EGP,Fresh Milk,Milk,,250,ml,,https://seoudisupermarket.com/en/dina-farms-strwaberry-milk-250-ml,Out of Stock,9/14/2026 18:16
984,Seoudi Supermarket,Coco Royal Coconut Milk with Strawberry Flavor,Coco Royal,79.75,,EGP,Plant-Based Milk,Milk,,290,ml,,https://seoudisupermarket.com/en/coco-royal-coconut-milk-with-strawberry-flavor-290-ml,Out of Stock,9/14/2026 18:16
985,Seoudi Supermarket,Happy Day Sweetened Condensed Milk,Happy Day,119.95,,EGP,Condensed Milk,Milk,,397,g,,https://seoudisupermarket.com/en/happy-day-sweetened-condensed-milk-397-g,Out of Stock,9/14/2026 18:16
986,Seoudi Supermarket,Afia Sunflower Oil,Afia,474.95,,EGP,Sunflower Oil,Oil,Sunflower Oil,4.5,l,,https://seoudisupermarket.com/en/afia-sunflower-oil-4-5-liters,In Stock,9/14/2026 18:21
987,Seoudi Supermarket,Wadi Food Virgin Olive Oil,Wadi Food,824.75,,EGP,Olive Oil,Oil,Olive Oil,1,l,,https://seoudisupermarket.com/en/wadi-food-virgin-olive-oil-1-liter-with-500-ml,In Stock,9/14/2026 18:21
988,Seoudi Supermarket,Seoudi Extra Virgin Olive Oil,Seoudi,699,,EGP,Olive Oil,Oil,Olive Oil,750,ml,,https://seoudisupermarket.com/en/seoudi-extra-virgin-olive-oil-750-ml,In Stock,9/14/2026 18:21
989,Seoudi Supermarket,Seoudi Extra Virgin Olive Oil,Seoudi,279,,EGP,Olive Oil,Oil,Olive Oil,250,ml,,https://seoudisupermarket.com/en/seoudi-extra-virgin-olive-oil-250-ml,In Stock,9/14/2026 18:21
990,Seoudi Supermarket,"Zitouna Extra Virgin Olive Oil, Plastic Bottle",Zitouna,609.95,,EGP,Olive Oil,Oil,Olive Oil,1,l,,https://seoudisupermarket.com/en/zitouna-extra-virgin-olive-oil-plastic-bottle-1-liter,In Stock,9/14/2026 18:21
991,Seoudi Supermarket,King Rice Bran Oil,King,519.95,,EGP,Rice Bran Oil,Oil,Rice Bran Oil,2,l,,https://seoudisupermarket.com/en/king-rice-bran-oil-2-liter,In Stock,9/14/2026 18:21
992,Seoudi Supermarket,Qaleya Cooking Oil,Qaleya,57,64,EGP,Cooking Oil,Oil,Cooking Oil,700,ml,11,https://seoudisupermarket.com/en/qaleya-cooking-oil-700-ml,In Stock,9/14/2026 18:21
993,Seoudi Supermarket,Marvel Greek Olive Oil,Marvel,399.95,,EGP,Olive Oil,Oil,Olive Oil,500,ml,,https://seoudisupermarket.com/en/marvel-greek-olive-oil-500-ml,In Stock,9/14/2026 18:21
994,Seoudi Supermarket,Crystal Corn Oil,Crystal,210.25,,EGP,Corn Oil,Oil,Corn Oil,1.6,l,,https://seoudisupermarket.com/en/crystal-corn-oil-1-6-liter,In Stock,9/14/2026 18:21
995,Seoudi Supermarket,"Zitouna Excellent Olive Oil, Glass Bottle",Zitouna,327.95,,EGP,Olive Oil,Oil,Olive Oil,500,ml,,https://seoudisupermarket.com/en/zitouna-excellent-olive-oil-glass-bottle-500-ml,In Stock,9/14/2026 18:21
996,Seoudi Supermarket,Afia Sunflower Oil,Afia,77.25,,EGP,Sunflower Oil,Oil,Sunflower Oil,700,ml,,https://seoudisupermarket.com/en/afia-sunflower-oil-700-ml,In Stock,9/14/2026 18:21
997,Seoudi Supermarket,Crystal Sunflower Oil,Crystal,237.25,,EGP,Sunflower Oil,Oil,Sunflower Oil,2.2,l,,https://seoudisupermarket.com/en/crystal-sunflower-oil-2-2-liter,In Stock,9/14/2026 18:21
998,Seoudi Supermarket,Karma Foods Flaxseed Oil,Karma Foods,84.95,,EGP,Flaxseed Oil,Oil,Flaxseed Oil,250,ml,,https://seoudisupermarket.com/en/karma-foods-flaxseed-oil-250-ml,In Stock,9/14/2026 18:21
999,Seoudi Supermarket,Wadi Food Virgin Olive Oil,Wadi Food,394.95,446.95,EGP,Olive Oil,Oil,Olive Oil,500,ml,12,https://seoudisupermarket.com/en/wadi-food-virgin-olive-oil-500-ml,In Stock,9/14/2026 18:21
1000,Seoudi Supermarket,Wadi Food Extra Virgin Olive Oil,Wadi Food,424.45,482.45,EGP,Olive Oil,Oil,Olive Oil,500,ml,12,https://seoudisupermarket.com/en/%D9%88%D8%A7%D8%AF%D9%89-%D9%81%D9%88%D8%AF-%D8%B2%D9%8A%D8%AA-%D8%B2%D9%8A%D8%AA%D9%88%D9%86-%D9%85%D9%85%D8%AA%D8%A7%D8%B2500%D9%85%D9%84-6223000190630,In Stock,9/14/2026 18:21
1001,Seoudi Supermarket,Crystal Sunflower Oil Spray,Crystal,24.5,,EGP,Sunflower Oil,Oil,Sunflower Oil,200,ml,,https://seoudisupermarket.com/en/crystal-sunflower-oil-spray-200-ml,In Stock,9/14/2026 18:21
1002,Seoudi Supermarket,Hedaya Mixed Oil,Hedaya,366.75,,EGP,Mixed Oil,Oil,Mixed Oil,4.5,l,,https://seoudisupermarket.com/en/hedaya-cooking-oil-4-5-liter,In Stock,9/14/2026 18:21
1003,Seoudi Supermarket,Hedeya Cooking Oil,Hedaya,57,64,EGP,Cooking Oil,Oil,Cooking Oil,700,ml,11,https://seoudisupermarket.com/en/hedeya-cooking-oil-700-ml,In Stock,9/14/2026 18:21
1004,Seoudi Supermarket,iliada Extra Virgin Olive Oil,Iliada,593.95,,EGP,Olive Oil,Oil,Olive Oil,500,ml,,https://seoudisupermarket.com/en/iliada-extra-virgin-olive-oil-500-ml,In Stock,9/14/2026 18:21
1005,Seoudi Supermarket,Khoshala Extra Virgin Olive Oil,Khoshala,354.95,,EGP,Olive Oil,Oil,Olive Oil,500,ml,,https://seoudisupermarket.com/en/khoshala-extra-virgin-olive-oil-500-ml,In Stock,9/14/2026 18:21
1006,Seoudi Supermarket,Slite Sunflower Oil,Slite,214.25,,EGP,Sunflower Oil,Oil,Sunflower Oil,2.1,l,,https://seoudisupermarket.com/en/slite-sunflower-oil-2-1-liter,In Stock,9/14/2026 18:21
1007,Seoudi Supermarket,Afia Corn Plus Oil,Afia,201,,EGP,Corn Oil,Oil,Corn Oil,1.6,l,,https://seoudisupermarket.com/en/afia-corn-plus-oil-1-6-liter,In Stock,9/14/2026 18:21
1008,Seoudi Supermarket,Borges Extra Virgin Olive Oil,Borges,907.95,,EGP,Olive Oil,Oil,Olive Oil,1,l,,https://seoudisupermarket.com/en/borges-extra-virgin-olive-oil-1-liter,Out of Stock,9/14/2026 18:21
1009,Seoudi Supermarket,Slite Sunflower Oil,Slite,70.95,,EGP,Sunflower Oil,Oil,Sunflower Oil,675,ml,,https://seoudisupermarket.com/en/slite-sunflower-oil-675-ml,In Stock,9/14/2026 18:21
1010,Seoudi Supermarket,Afia Plus Corn Oil,Afia,89.75,,EGP,Corn Oil,Oil,Corn Oil,700,ml,,https://seoudisupermarket.com/en/afia-plus-corn-oil-700-ml,In Stock,9/14/2026 18:21
1011,Seoudi Supermarket,Crystal Corn Oil,Crystal,95.25,,EGP,Corn Oil,Oil,Corn Oil,700,ml,,https://seoudisupermarket.com/en/crystal-corn-oil-700-ml,In Stock,9/14/2026 18:21
1012,Seoudi Supermarket,"Zitouna Extra Virgin Olive Oil, Glass Bottle",Zitouna,644.95,,EGP,Olive Oil,Oil,Olive Oil,1,l,,https://seoudisupermarket.com/en/zitouna-extra-virgin-olive-oil-glass-bottle-1-liter,In Stock,9/14/2026 18:21
1013,Seoudi Supermarket,Wadi Food Extra Virgin Olive oil,Wadi Food,553.95,,EGP,Olive Oil,Oil,Olive Oil,500,ml,,https://seoudisupermarket.com/en/wadi-food-extra-virgin-olive-oil-500-ml,In Stock,9/14/2026 18:21
1014,Seoudi Supermarket,Hla Sunflower Oil,Hla,507.45,,EGP,Sunflower Oil,Oil,Sunflower Oil,5,l,,https://seoudisupermarket.com/en/hla-sunflower-oil-5-liter,In Stock,9/14/2026 18:21
1015,Seoudi Supermarket,Spritz Truffle Oil Spray,Spritz,239.95,,EGP,Truffle Oil,Oil,Truffle Oil,200,ml,,https://seoudisupermarket.com/en/spritz-truffle-oil-spray-200-ml,In Stock,9/14/2026 18:21
1016,Seoudi Supermarket,El Momtaz Mixed Oil for Cooking & Frying,El Momtaz,64.25,,EGP,Mixed Oil,Oil,Mixed Oil,700,ml,,https://seoudisupermarket.com/en/el-momtaz-cooking-oil-700-ml,In Stock,9/14/2026 18:21
1017,Seoudi Supermarket,Terra Olive Oil Spray,Terra,399.95,,EGP,Olive Oil,Oil,Olive Oil,200,ml,,https://seoudisupermarket.com/en/terra-olive-oil-spray-200-ml,In Stock,9/14/2026 18:21
1018,Seoudi Supermarket,Spritz Olive Oil Spray,Spritz,349.95,,EGP,Olive Oil,Oil,Olive Oil,200,ml,,https://seoudisupermarket.com/en/spritz-olive-oil-spray-200-ml,In Stock,9/14/2026 18:21
1019,Seoudi Supermarket,Sunny Mixed Oil for Cooking & Frying,Sunny,163.95,,EGP,Mixed Oil,Oil,Mixed Oil,1.75,l,,https://seoudisupermarket.com/en/sunny-mixed-oil-for-cooking-frying-1-75-liter,In Stock,9/14/2026 18:21
1020,Seoudi Supermarket,Slite Sunflower Oil,Slite,157.75,,EGP,Sunflower Oil,Oil,Sunflower Oil,1.5,l,,https://seoudisupermarket.com/en/slite-sunflower-oil-1-5-liter,In Stock,9/14/2026 18:21
1021,Seoudi Supermarket,Karma Foods Coconut Oil,Karma Foods,109.95,,EGP,Coconut Oil,Oil,Coconut Oil,250,ml,,https://seoudisupermarket.com/en/karma-foods-coconut-oil-250-ml,In Stock,9/14/2026 18:21
1022,Seoudi Supermarket,Afia Corn Oil,Afia,210.25,,EGP,Corn Oil,Oil,Corn Oil,1.6,l,,https://seoudisupermarket.com/en/afia-corn-oil-1-6-liter,In Stock,9/14/2026 18:21
1023,Seoudi Supermarket,Wadi Food Virgin Olive Oil,Wadi Food,734.95,824.75,EGP,Olive Oil,Oil,Olive Oil,1,l,11,https://seoudisupermarket.com/en/wadi-food-virgin-olive-oil-1-liter,In Stock,9/14/2026 18:21
1024,Seoudi Supermarket,Al Asil Oil for Cooking & Frying,Al Asil,217.95,,EGP,Mixed Oil,Oil,Mixed Oil,2.25,l,,https://seoudisupermarket.com/en/al-asil-sunflower-oil-2-25-liter,In Stock,9/14/2026 18:21
1025,Seoudi Supermarket,King Rice Bran Oil,King,264.95,,EGP,Rice Bran Oil,Oil,Rice Bran Oil,1,l,,https://seoudisupermarket.com/en/king-rice-bran-oil-1-liter,In Stock,9/14/2026 18:21
1026,Seoudi Supermarket,Karma Foods Sweet Almond Oil,Karma Foods,139.95,,EGP,Sweet Almond Oil,Oil,Sweet Almond Oil,250,ml,,https://seoudisupermarket.com/en/karma-foods-sweet-almond-oil-250-ml,In Stock,9/14/2026 18:21
1027,Seoudi Supermarket,Hedaya Oil,Hedaya,77,83.95,EGP,Other Oil,Oil,Other Oil,1,l,8,https://seoudisupermarket.com/en/hedaya-oil-1-liter,In Stock,9/14/2026 18:21
1028,Seoudi Supermarket,Zitouna Extra Virgin Olive Oil,Zitouna,162.95,,EGP,Olive Oil,Oil,Olive Oil,250,ml,,https://seoudisupermarket.com/en/zitouna-extra-virgin-olive-oil-250-ml,In Stock,9/14/2026 18:21
1029,Seoudi Supermarket,Qalyea Cooking Oil,Qaleya,77,83.95,EGP,Cooking Oil,Oil,Cooking Oil,1,l,8,https://seoudisupermarket.com/en/qalyea-cooking-oil-1-liter,In Stock,9/14/2026 18:21
1030,Seoudi Supermarket,Gold River Organic Olive Oil,Gold River,219.95,,EGP,Olive Oil,Oil,Olive Oil,250,ml,,https://seoudisupermarket.com/en/gold-river-organic-olive-oil-250-ml,In Stock,9/14/2026 18:21
1031,Seoudi Supermarket,Wadi Food Extra Virgin Olive Oil + Virgin Olive Oil,Wadi Food,482.45,,EGP,Olive Oil,Oil,Olive Oil,500,ml,,https://seoudisupermarket.com/en/wadi-food-extra-virgin-olive-oil-500-ml-250-ml,In Stock,9/14/2026 18:21
1032,Seoudi Supermarket,Marvel Greek Extra Virgin Olive Oil,Marvel,714.95,,EGP,Olive Oil,Oil,Olive Oil,1,l,,https://seoudisupermarket.com/en/marvel-greek-extra-virgin-olive-oil-1-liter,In Stock,9/14/2026 18:21
1033,Seoudi Supermarket,Hla Sunflower Oil,Hla,157.75,,EGP,Sunflower Oil,Oil,Sunflower Oil,1.5,l,,https://seoudisupermarket.com/en/hla-sunflower-oil-1-5-l,In Stock,9/14/2026 18:21
1034,Seoudi Supermarket,Wadi Food Extra Virgin Olive Oil,Wadi Food,789.95,888.95,EGP,Olive Oil,Oil,Olive Oil,1,l,11,https://seoudisupermarket.com/en/wadi-food-extra-virgin-olive-oil-1-liter,In Stock,9/14/2026 18:21
1035,Seoudi Supermarket,Crystal Corn Oil Spray,Crystal,26.25,,EGP,Corn Oil,Oil,Corn Oil,200,ml,,https://seoudisupermarket.com/en/crystal-corn-oil-spray-200-ml,In Stock,9/14/2026 18:21
1036,Seoudi Supermarket,Crystal Sunflower Oil,Crystal,107.45,,EGP,Sunflower Oil,Oil,Sunflower Oil,1,l,,https://seoudisupermarket.com/en/crystal-sunflower-oil-1-liter,In Stock,9/14/2026 18:21
1037,Seoudi Supermarket,Crystal Sunflower Oil,Crystal,528.25,,EGP,Sunflower Oil,Oil,Sunflower Oil,5,l,,https://seoudisupermarket.com/en/crystal-sunflower-oil-5-liter,In Stock,9/14/2026 18:21
1038,Seoudi Supermarket,Sunny Mixed Oil for Cooking & Frying,Sunny,72.95,,EGP,Mixed Oil,Oil,Mixed Oil,700,ml,,https://seoudisupermarket.com/en/sunny-sunflower-oil-blend-700-ml,In Stock,9/14/2026 18:21
1039,Seoudi Supermarket,Isis Extra Virgin Olive Oil,Isis,204.95,239.95,EGP,Olive Oil,Oil,Olive Oil,250,ml,15,https://seoudisupermarket.com/en/isis-extra-virgin-olive-oil-250-ml,In Stock,9/14/2026 18:21
1040,Seoudi Supermarket,Hla Sunflower Oil,Hla,73.75,,EGP,Sunflower Oil,Oil,Sunflower Oil,700,ml,,https://seoudisupermarket.com/en/hla-sunflower-oil-700-ml,In Stock,9/14/2026 18:21
1041,Seoudi Supermarket,Hla Sunflower Oil,Hla,224.95,,EGP,Sunflower Oil,Oil,Sunflower Oil,2.25,l,,https://seoudisupermarket.com/en/hla-sunflower-oil-2-25-liter,In Stock,9/14/2026 18:21
1042,Seoudi Supermarket,Afia Plus Corn Oil,Afia,269.95,,EGP,Corn Oil,Oil,Corn Oil,2.2,l,,https://seoudisupermarket.com/en/afia-plus-corn-oil-2-2-liter,In Stock,9/14/2026 18:21
1043,Seoudi Supermarket,Crystal Sunflower Oil,Crystal,173.95,,EGP,Sunflower Oil,Oil,Sunflower Oil,1.6,l,,https://seoudisupermarket.com/en/crystal-sunflower-oil-1-6-liter,In Stock,9/14/2026 18:21
1044,Seoudi Supermarket,Crystal Sunflower Oil,Crystal,77.25,,EGP,Sunflower Oil,Oil,Sunflower Oil,700,ml,,https://seoudisupermarket.com/en/crystal-sunflower-oil-700-ml,In Stock,9/14/2026 18:21
1045,Seoudi Supermarket,Al Asil Sunflower Oil,Al Asil,71.75,,EGP,Sunflower Oil,Oil,Sunflower Oil,700,ml,,https://seoudisupermarket.com/en/al-asil-sunflower-oil-700-ml,In Stock,9/14/2026 18:21
1046,Seoudi Supermarket,"Zitouna Extra Virgin Olive Oil, Plastic Bottle",Zitouna,309.95,,EGP,Olive Oil,Oil,Olive Oil,500,ml,,https://seoudisupermarket.com/en/zitouna-extra-virgin-olive-oil-plastic-bottle-500-ml,In Stock,9/14/2026 18:21
1047,Seoudi Supermarket,Wadi Food Extra Virgin Olive Oil,Wadi Food,312.45,,EGP,Olive Oil,Oil,Olive Oil,250,ml,,https://seoudisupermarket.com/en/wadi-food-extra-virgin-olive-oil-250-ml,In Stock,9/14/2026 18:21
1048,Seoudi Supermarket,Sunny Mixed Oil for Cooking & Frying,Sunny,224.95,,EGP,Mixed Oil,Oil,Mixed Oil,2.4,l,,https://seoudisupermarket.com/en/sunny-sunflower-oil-2-4-liter,In Stock,9/14/2026 18:21
1049,Seoudi Supermarket,Crystal Corn Oil,Crystal,443.95,,EGP,Corn Oil,Oil,Corn Oil,3.5,l,,https://seoudisupermarket.com/en/crystal-corn-oil-3-5-liters,In Stock,9/14/2026 18:21
1050,Seoudi Supermarket,Mazzetti Organic Apple Vinegar,Mazzetti,364.95,,EGP,Other Oil,Oil,Other Oil,500,ml,,https://seoudisupermarket.com/en/mazzetti-organic-apple-vinegar-500-ml,In Stock,9/14/2026 18:21
1051,Seoudi Supermarket,Wadi Food Extra Virgin Olive Oil,Wadi Food,239.95,273.45,EGP,Olive Oil,Oil,Olive Oil,250,ml,12,https://seoudisupermarket.com/en/%D9%88%D8%A7%D8%AF%D9%89-%D9%81%D9%88%D8%AF-%D8%B2%D9%8A%D8%AA-%D8%B2%D9%8A%D8%AA%D9%88%D9%86-%D9%85%D9%85%D8%AA%D8%A7%D8%B2250%D9%85%D9%84-6223000190623,In Stock,9/14/2026 18:21
1052,Seoudi Supermarket,Helwa Cooking Oil,Helwa,366.5,,EGP,Cooking Oil,Oil,Cooking Oil,4.5,l,,https://seoudisupermarket.com/en/helwa-cooking-oil-4-5-liter,In Stock,9/14/2026 18:21
1053,Seoudi Supermarket,Crystal Corn Oil,Crystal,134.25,,EGP,Corn Oil,Oil,Corn Oil,1,l,,https://seoudisupermarket.com/en/crystal-corn-oil-1-liter,In Stock,9/14/2026 18:21
1054,Seoudi Supermarket,Sunny Mixed Oil for Cooking & Frying,Sunny,399.95,,EGP,Mixed Oil,Oil,Mixed Oil,4.4,l,,https://seoudisupermarket.com/en/sunny-sunflower-oil-4-4-liter,In Stock,9/14/2026 18:21
1055,Seoudi Supermarket,Afia Sunflower Oil,Afia,237.25,,EGP,Sunflower Oil,Oil,Sunflower Oil,2.2,l,,https://seoudisupermarket.com/en/afia-sunflower-oil-2-2-liter,In Stock,9/14/2026 18:21
1056,Seoudi Supermarket,Helwa Cooking Oil,Helwa,178.45,181.25,EGP,Cooking Oil,Oil,Cooking Oil,2.25,l,2,https://seoudisupermarket.com/en/helwa-cooking-oil-2-25-liter,In Stock,9/14/2026 18:21
1057,Seoudi Supermarket,Qaleya Cooking Oil,Qaleya,366.75,,EGP,Cooking Oil,Oil,Cooking Oil,4.5,l,,https://seoudisupermarket.com/en/qaleya-cooking-oil-4-5-liter,In Stock,9/14/2026 18:21
1058,Seoudi Supermarket,Wadi Food Vergin Olive Oil,Wadi Food,224.95,253.95,EGP,Olive Oil,Oil,Olive Oil,250,ml,11,https://seoudisupermarket.com/en/wadi-food-vergin-olive-oil-250-ml,In Stock,9/14/2026 18:21
1059,Seoudi Supermarket,El Momtaz Mixed Oil for Cooking & Frying,El Momtaz,83.95,,EGP,Mixed Oil,Oil,Mixed Oil,1,l,,https://seoudisupermarket.com/en/el-momtaz-cooking-oil-1-liter,In Stock,9/14/2026 18:21
1060,Seoudi Supermarket,Hedya Oil,Hedaya,175.75,,EGP,Other Oil,Oil,Other Oil,2.1,l,,https://seoudisupermarket.com/en/hedya-oil-2-1-liter,In Stock,9/14/2026 18:21
1061,Seoudi Supermarket,Afia Corn Oil,Afia,95.25,,EGP,Corn Oil,Oil,Corn Oil,700,ml,,https://seoudisupermarket.com/en/afia-corn-oil-700-ml,In Stock,9/14/2026 18:21
1062,Seoudi Supermarket,Spritz Sunflower Oil Spray,Spritz,179.95,,EGP,Sunflower Oil,Oil,Sunflower Oil,200,ml,,https://seoudisupermarket.com/en/spritz-sunflower-oil-spray-200-ml,In Stock,9/14/2026 18:21
1063,Seoudi Supermarket,Karma Foods Black Seed Oil,Karma Foods,264.95,,EGP,Black Seed Oil,Oil,Black Seed Oil,250,ml,,https://seoudisupermarket.com/en/karma-foods-black-seed-oil-250-ml,In Stock,9/14/2026 18:21
1064,Seoudi Supermarket,Helwa Cooking Oil,Helwa,55,64.25,EGP,Cooking Oil,Oil,Cooking Oil,700,ml,14,https://seoudisupermarket.com/en/helwa-cooking-oil-700-ml,In Stock,9/14/2026 18:21
1065,Seoudi Supermarket,Qalyea Cooking Oil,Qaleya,175.75,,EGP,Cooking Oil,Oil,Cooking Oil,2.1,l,,https://seoudisupermarket.com/en/qalyea-cooking-oil-2-1-liter,In Stock,9/14/2026 18:21
1066,Seoudi Supermarket,Al Asil Oil for Cooking & Frying,Al Asil,146.75,,EGP,Mixed Oil,Oil,Mixed Oil,1.5,l,,https://seoudisupermarket.com/en/al-asil-sunflower-oil-1-5-liter,In Stock,9/14/2026 18:21
1067,Seoudi Supermarket,Karma Foods Sesame Oil,Karma Foods,164.95,,EGP,Sesame Oil,Oil,Sesame Oil,250,ml,,https://seoudisupermarket.com/en/karma-foods-sesame-oil-250-ml,In Stock,9/14/2026 18:21
1068,Seoudi Supermarket,Helwa Sunflower Oil,Helwa,456.5,,EGP,Sunflower Oil,Oil,Sunflower Oil,4.5,l,,https://seoudisupermarket.com/en/helwa-sunflower-oil-4-5-liter,In Stock,9/14/2026 18:21
1069,Seoudi Supermarket,Karma Foods Pure Virgin Olive Oil,Karma Foods,274.95,,EGP,Olive Oil,Oil,Olive Oil,500,ml,,https://seoudisupermarket.com/en/karma-foods-pure-virgin-olive-oil-500-ml,In Stock,9/14/2026 18:21
1070,Seoudi Supermarket,Wadi Food Extra Virgin Olive Oil,Wadi Food,1631.95,,EGP,Olive Oil,Oil,Olive Oil,2,l,,https://seoudisupermarket.com/en/wadi-food-extra-virgin-olive-oil-2-liter,In Stock,9/14/2026 18:21
1071,Seoudi Supermarket,Katfa Sunflower Oil + Corn Oil,Katfa,134.95,180,EGP,Sunflower Oil,Oil,Sunflower Oil,700,ml,25,https://seoudisupermarket.com/en/katfa-sunflower-oil-700-ml-corn-oil-700-ml,Out of Stock,9/14/2026 18:21
1072,Seoudi Supermarket,Imtenan Natural Coconut Oil,Imtenan,294.95,,EGP,Coconut Oil,Oil,Coconut Oil,250,ml,,https://seoudisupermarket.com/en/imtenan-natural-coconut-oil-250-ml,Out of Stock,9/14/2026 18:21
1073,Seoudi Supermarket,Imtenan Sesame Oil,Imtenan,249.95,,EGP,Sesame Oil,Oil,Sesame Oil,250,ml,,https://seoudisupermarket.com/en/imtenan-sesame-oil-250-ml,Out of Stock,9/14/2026 18:21
1074,Seoudi Supermarket,Le Blanc Sunflower Oil,Le Blanc,309.95,339.95,EGP,Sunflower Oil,Oil,Sunflower Oil,3,l,9,https://seoudisupermarket.com/en/le-blanc-sunflower-oil-3-liter,Out of Stock,9/14/2026 18:21
1075,Seoudi Supermarket,lliada Gold Extra Virgin Olive Oil,Iliada,1124.95,,EGP,Olive Oil,Oil,Olive Oil,1,l,,https://seoudisupermarket.com/en/%D8%A7%D9%84%D9%8A%D8%A7%D8%AF%D8%A7-%D8%AC%D9%88%D9%84%D8%AF-%D8%A7%D9%83%D8%B3%D8%AA%D8%B1%D8%A7-%D9%81%D9%8A%D8%B1%D8%AC%D9%86-1%D9%84%D8%AA%D8%B1-5201043112476,Out of Stock,9/14/2026 18:21
1076,Seoudi Supermarket,Seoudi Extra Virgin Olive Oil,Seoudi,499,,EGP,Olive Oil,Oil,Olive Oil,500,ml,,https://seoudisupermarket.com/en/seoudi-extra-virgin-olive-oil-500-ml,Out of Stock,9/14/2026 18:21
1077,Seoudi Supermarket,Borges Extra Virgin Olive Oil,Borges,554.95,,EGP,Olive Oil,Oil,Olive Oil,500,ml,,https://seoudisupermarket.com/en/borges-extra-virgin-olive-oil-500ml,Out of Stock,9/14/2026 18:21
1078,Seoudi Supermarket,Katfa Sunflower Oil,Katfa,204.95,227.75,EGP,Sunflower Oil,Oil,Sunflower Oil,2.1,l,10,https://seoudisupermarket.com/en/katfa-sunflower-oil-2-1-liters,Out of Stock,9/14/2026 18:21
1079,Seoudi Supermarket,Katfa Corn Oil,Katfa,174.95,197.45,EGP,Corn Oil,Oil,Corn Oil,1.5,l,11,https://seoudisupermarket.com/en/katfa-corn-oil-1-5-liters,Out of Stock,9/14/2026 18:21
1080,Seoudi Supermarket,Monini Basil Olive Oil,Monini,327.75,,EGP,Olive Oil,Oil,Olive Oil,250,ml,,https://seoudisupermarket.com/en/monini-basil-olive-oil-250-ml,Out of Stock,9/14/2026 18:21
1081,Seoudi Supermarket,iliada Extra Olive Oil,Iliada,354.95,,EGP,Olive Oil,Oil,Olive Oil,250,g,,https://seoudisupermarket.com/en/iliada-extra-olive-oil-250-g,Out of Stock,9/14/2026 18:21
1082,Seoudi Supermarket,Isis Extra Virgin Olive Oil,Isis,574.95,674.95,EGP,Olive Oil,Oil,Olive Oil,750,ml,15,https://seoudisupermarket.com/en/isis-extra-virgin-olive-oil-750-ml,Out of Stock,9/14/2026 18:21
1083,Seoudi Supermarket,Karma Foods Virgin Olive Oil,Karma Foods,519.95,,EGP,Olive Oil,Oil,Olive Oil,1,l,,https://seoudisupermarket.com/en/karma-foods-virgin-olive-oil-1-liter,Out of Stock,9/14/2026 18:21
1084,Seoudi Supermarket,Slite Sunflower Oil,Slite,61.95,,EGP,Sunflower Oil,Oil,Sunflower Oil,700,ml,,https://seoudisupermarket.com/en/slite-sunflower-oil-700-ml,Out of Stock,9/14/2026 18:21
1085,Seoudi Supermarket,Devine Coconut Oil for Cooking,Divine,199.95,,EGP,Coconut Oil,Oil,Coconut Oil,300,ml,,https://seoudisupermarket.com/en/devine-coconut-oil-for-cooking-300-ml,Out of Stock,9/14/2026 18:21
1086,Seoudi Supermarket,Fahd Mixed Oil for Cooking & Frying,Fahd,48.45,,EGP,Mixed Oil,Oil,Mixed Oil,700,ml,,https://seoudisupermarket.com/en/fahd-mixed-oil-700-ml,Out of Stock,9/14/2026 18:21
1087,Seoudi Supermarket,Choice Flax Seed Oil,Choice,108.95,,EGP,Flaxseed Oil,Oil,Flaxseed Oil,250,ml,,https://seoudisupermarket.com/en/choice-flax-seed-oil-250-ml,Out of Stock,9/14/2026 18:21
1088,Seoudi Supermarket,Borges Canola Oil,Borges,379.95,,EGP,Canola Oil,Oil,Canola Oil,2,l,,https://seoudisupermarket.com/en/borges-canola-oil-2-liter,Out of Stock,9/14/2026 18:21
1089,Seoudi Supermarket,Borges Classic Olive Oil,Borges,449.75,,EGP,Olive Oil,Oil,Olive Oil,500,ml,,https://seoudisupermarket.com/en/borges-classic-olive-oil-500-ml,Out of Stock,9/14/2026 18:21
1090,Seoudi Supermarket,iliada Extra Virigin Olive Oil,Iliada,1062.95,,EGP,Olive Oil,Oil,Olive Oil,750,ml,,https://seoudisupermarket.com/en/iliada-extra-virigin-olive-oil-750-ml,Out of Stock,9/14/2026 18:21
1091,Seoudi Supermarket,iliada Gentle Extra Virgin Olive Oil,Iliada,479.95,687.95,EGP,Olive Oil,Oil,Olive Oil,500,ml,30,https://seoudisupermarket.com/en/iliada-gentle-extra-virgin-olive-oil-500-ml,Out of Stock,9/14/2026 18:21
1092,Seoudi Supermarket,Colavita Olive Oil,Colavita,549.95,,EGP,Olive Oil,Oil,Olive Oil,500,ml,,https://seoudisupermarket.com/en/colavita-olive-oil-500-ml,Out of Stock,9/14/2026 18:21
1093,Seoudi Supermarket,Iliada Blue Olive Oil,Iliada,564.95,812.95,EGP,Olive Oil,Oil,Olive Oil,750,ml,31,https://seoudisupermarket.com/en/iliada-blue-olive-oil-750-ml,Out of Stock,9/14/2026 18:21
1094,Seoudi Supermarket,"Wadi Food Extra Virgin Olive Oil, + Virgin Olive Oil",Wadi Food,888.95,,EGP,Olive Oil,Oil,Olive Oil,1,l,,https://seoudisupermarket.com/en/wadi-food-extra-virgin-olive-oil-1-liter-virgin-olive-oil-250-ml,Out of Stock,9/14/2026 18:21
1095,Seoudi Supermarket,Sunny Sunflower Oil,Sunny,241.45,,EGP,Sunflower Oil,Oil,Sunflower Oil,2.4,l,,https://seoudisupermarket.com/en/sunny-sunflower-oil-2-4-liters,Out of Stock,9/14/2026 18:21
1096,Seoudi Supermarket,Monini Classic Olive Oil,Monini,1149.95,,EGP,Olive Oil,Oil,Olive Oil,1,l,,https://seoudisupermarket.com/en/monini-classic-olive-oil-1-liter,Out of Stock,9/14/2026 18:21
1097,Seoudi Supermarket,Loro Corn Oil,Loro,134.95,,EGP,Corn Oil,Oil,Corn Oil,1,l,,https://seoudisupermarket.com/en/loro-corn-oil-1-liter,Out of Stock,9/14/2026 18:21
1098,Seoudi Supermarket,Marvel Coconut Oil,Marvel,119.95,134.95,EGP,Coconut Oil,Oil,Coconut Oil,250,ml,11,https://seoudisupermarket.com/en/marvel-coconut-oil-250-ml,Out of Stock,9/14/2026 18:21
1099,Seoudi Supermarket,Riviere d'Or Extra Virgin Olive Oil,Riviere d'Or,654.95,,EGP,Olive Oil,Oil,Olive Oil,1,l,,https://seoudisupermarket.com/en/riviere-dor-virgin-olive-oil-1-liter,Out of Stock,9/14/2026 18:21
1100,Seoudi Supermarket,"Afia Sunflower Oil, + Al Osra Sugar Gift",Afia,212.25,,EGP,Sunflower Oil,Oil,Sunflower Oil,2.2,l,,https://seoudisupermarket.com/en/afia-sunflower-oil-2-2-liters-al-osra-sugar-gift-1-kg,Out of Stock,9/14/2026 18:21
1101,Seoudi Supermarket,Borges Picual Olive Oil,Borges,504.95,,EGP,Olive Oil,Oil,Olive Oil,500,ml,,https://seoudisupermarket.com/en/borges-picual-olive-oil-500-ml,Out of Stock,9/14/2026 18:21
1102,Seoudi Supermarket,Al Asil Corn Oil,Al Asil,83.75,,EGP,Corn Oil,Oil,Corn Oil,750,ml,,https://seoudisupermarket.com/en/al-asil-corn-oil-750-ml,Out of Stock,9/14/2026 18:21
1103,Seoudi Supermarket,El Aghsan Virgin Olive Oil,El Aghsan,554.95,,EGP,Olive Oil,Oil,Olive Oil,1,l,,https://seoudisupermarket.com/en/el-aghsan-virgin-olive-oil-1-liter,Out of Stock,9/14/2026 18:21
1104,Seoudi Supermarket,Afia Corn Oil,Afia,283.95,,EGP,Corn Oil,Oil,Corn Oil,2.2,l,,https://seoudisupermarket.com/en/afia-corn-oil-2-2-liter,Out of Stock,9/14/2026 18:21
1105,Seoudi Supermarket,Loro Corn Oil,Loro,287.75,,EGP,Corn Oil,Oil,Corn Oil,2.25,l,,https://seoudisupermarket.com/en/loro-corn-oil-2-25-liter,Out of Stock,9/14/2026 18:21
1106,Seoudi Supermarket,RS Olive Oil,RS,375.75,,EGP,Olive Oil,Oil,Olive Oil,250,ml,,https://seoudisupermarket.com/en/rs-olive-oil-250-ml,Out of Stock,9/14/2026 18:21
1107,Seoudi Supermarket,Illada Organic Olive Oil Squeeze,Iliada,479.95,687.45,EGP,Olive Oil,Oil,Olive Oil,500,ml,30,https://seoudisupermarket.com/en/illada-organic-olive-oil-squeeze-500-ml,Out of Stock,9/14/2026 18:21
1108,Seoudi Supermarket,Slite Corn Oil,Slite,79.95,,EGP,Corn Oil,Oil,Corn Oil,700,ml,,https://seoudisupermarket.com/en/slite-corn-oil-700-ml,Out of Stock,9/14/2026 18:21
1109,Seoudi Supermarket,Iliada Olive Oil with Chili,Iliada,229.95,330.95,EGP,Olive Oil,Oil,Olive Oil,250,ml,31,https://seoudisupermarket.com/en/iliada-olive-oil-with-chili-250-ml,Out of Stock,9/14/2026 18:21
1110,Seoudi Supermarket,iliada Native Olive Oil,Iliada,593.95,,EGP,Olive Oil,Oil,Olive Oil,500,ml,,https://seoudisupermarket.com/en/iliada-native-olive-oil-500-ml,Out of Stock,9/14/2026 18:21
1111,Seoudi Supermarket,Karma Mustard Oil,Karma,169.95,,EGP,Mustard Oil,Oil,Mustard Oil,250,ml,,https://seoudisupermarket.com/en/karma-mustard-oil-250-ml,Out of Stock,9/14/2026 18:21
1112,Seoudi Supermarket,Organic Nation Sweet Almond Oil,Organic Nation,299.95,,EGP,Sweet Almond Oil,Oil,Sweet Almond Oil,100,ml,,https://seoudisupermarket.com/en/organic-nation-sweet-almond-oil-100-ml,Out of Stock,9/14/2026 18:21
1113,Seoudi Supermarket,Dora Mixed Oil for Cooking & Frying,Dora,51.95,,EGP,Mixed Oil,Oil,Mixed Oil,700,ml,,https://seoudisupermarket.com/en/dora-mixed-oil-700-ml,Out of Stock,9/14/2026 18:21
1114,Seoudi Supermarket,Greek Extra Virgin Olive Oil,Greek,714.95,,EGP,Olive Oil,Oil,Olive Oil,1,l,,https://seoudisupermarket.com/en/greek-extra-virgin-olive-oil-1-liter,Out of Stock,9/14/2026 18:21
1115,Seoudi Supermarket,iliada Extra Virgin Olive Oil Spray,Iliada,362.95,,EGP,Olive Oil,Oil,Olive Oil,200,ml,,https://seoudisupermarket.com/en/iliada-extra-virgin-olive-oil-spray-200-ml,Out of Stock,9/14/2026 18:21
1116,Seoudi Supermarket,Crisco Original No Stick Spray,Crisco,369.95,,EGP,Oil Spray,Oil,Oil Spray,170,g,,https://seoudisupermarket.com/en/crisco-original-no-stick-spray-170-g,Out of Stock,9/14/2026 18:21
1117,Seoudi Supermarket,Sunny Mixed Oil for Cooking & Frying,Sunny,65.75,,EGP,Mixed Oil,Oil,Mixed Oil,750,ml,,https://seoudisupermarket.com/en/sunny-sunflower-oil-750-ml,Out of Stock,9/14/2026 18:21
1118,Seoudi Supermarket,Slite Corn Oil,Slite,141.75,,EGP,Corn Oil,Oil,Corn Oil,1.5,l,,https://seoudisupermarket.com/en/slite-corn-oil-1-5-liters,Out of Stock,9/14/2026 18:21
1119,Seoudi Supermarket,"Shahd Sunflower Oil, + Shahd Vinegar",Shahd,86.95,,EGP,Sunflower Oil,Oil,Sunflower Oil,800,ml,,https://seoudisupermarket.com/en/shahd-sunflower-oil-800-ml-shahd-vinegar-900-ml,Out of Stock,9/14/2026 18:21
1120,Seoudi Supermarket,"Afia Corn Oil, + Osra Free Sugar",Afia,249.45,,EGP,Corn Oil,Oil,Corn Oil,2.2,l,,https://seoudisupermarket.com/en/afia-corn-oil-2-2-liter-osra-free-sugar-1-kg,Out of Stock,9/14/2026 18:21
1121,Seoudi Supermarket,Imtenan Fractionated Coconut Oil,Imtenan,324.95,,EGP,Coconut Oil,Oil,Coconut Oil,250,ml,,https://seoudisupermarket.com/en/imtenan-fractionated-coconut-oil-250-ml,Out of Stock,9/14/2026 18:21
1122,Seoudi Supermarket,Choice Sesame Oil,Choice,177.95,,EGP,Sesame Oil,Oil,Sesame Oil,250,ml,,https://seoudisupermarket.com/en/choice-sesame-oil-250-ml,Out of Stock,9/14/2026 18:21
1123,Seoudi Supermarket,Roots Black Seed Oil,Roots,209.95,,EGP,Black Seed Oil,Oil,Black Seed Oil,250,ml,,https://seoudisupermarket.com/en/roots-black-seed-oil-250-ml,Out of Stock,9/14/2026 18:21
1124,Seoudi Supermarket,Slite Corn Oil,Slite,179.95,,EGP,Corn Oil,Oil,Corn Oil,2.25,l,,https://seoudisupermarket.com/en/slite-corn-oil-2-25-liters,Out of Stock,9/14/2026 18:21
1125,Seoudi Supermarket,Riviere Dor Extra Virgin Olive Oil,Riviere d'Or,344.95,,EGP,Olive Oil,Oil,Olive Oil,500,ml,,https://seoudisupermarket.com/en/riviere-dor-extra-virgin-olive-oil-500-ml,Out of Stock,9/14/2026 18:21
1126,Seoudi Supermarket,Marvel Greek Olive Oil,Marvel,219.95,,EGP,Olive Oil,Oil,Olive Oil,250,ml,,https://seoudisupermarket.com/en/marvel-greek-olive-oil-250-ml,Out of Stock,9/14/2026 18:21
1127,Seoudi Supermarket,Khoshala Extra Virgin Olive Oil,Khoshala,209.95,,EGP,Olive Oil,Oil,Olive Oil,250,ml,,https://seoudisupermarket.com/en/khoshala-extra-virgin-olive-oil-250-ml,Out of Stock,9/14/2026 18:21
1128,Seoudi Supermarket,Slite Sunflower Oil,Slite,204.95,,EGP,Sunflower Oil,Oil,Sunflower Oil,2.25,l,,https://seoudisupermarket.com/en/slite-sunflower-oil-2-25-liter,Out of Stock,9/14/2026 18:21
1129,Seoudi Supermarket,Borges Extra Virgin Olive Oil + 50% ml,Borges,534.95,,EGP,Olive Oil,Oil,Olive Oil,500,ml,,https://seoudisupermarket.com/en/borges-extra-virgin-olive-oil-500-ml-50-ml,Out of Stock,9/14/2026 18:21
1130,Seoudi Supermarket,Sunny Sunflower Oil,Sunny,164.95,,EGP,Sunflower Oil,Oil,Sunflower Oil,1.5,l,,https://seoudisupermarket.com/en/sunny-sunflower-oil-1-5-liters,Out of Stock,9/14/2026 18:21
1131,Seoudi Supermarket,Borges Extra Virgin Olive Oil,Borges,249.95,,EGP,Olive Oil,Oil,Olive Oil,250,ml,,https://seoudisupermarket.com/en/borges-extra-virgin-olive-oil-250-ml,Out of Stock,9/14/2026 18:21
1132,Seoudi Supermarket,Sindbad Mixed Oil for Cooking & Frying,Sindbad,84.95,,EGP,Mixed Oil,Oil,Mixed Oil,1,l,,https://seoudisupermarket.com/en/sindbad-mixed-oil-1-liter,Out of Stock,9/14/2026 18:21
1133,Seoudi Supermarket,"Mafaza Extra Virgin Olive Oil, Glass Bottle",Mafaza,582.45,,EGP,Olive Oil,Oil,Olive Oil,500,ml,,https://seoudisupermarket.com/en/mafaza-extra-virgin-olive-oil-glass-bottle-500-ml,Out of Stock,9/14/2026 18:21
1134,Seoudi Supermarket,Gold River Olive Oil,Gold River,634.95,,EGP,Olive Oil,Oil,Olive Oil,1,l,,https://seoudisupermarket.com/en/gold-river-olive-oil-1-liter,Out of Stock,9/14/2026 18:21
1135,Seoudi Supermarket,Shahd Corn Oil,Shahd,99.96,,EGP,Corn Oil,Oil,Corn Oil,800,ml,,https://seoudisupermarket.com/en/shahd-corn-oil-800-ml,Out of Stock,9/14/2026 18:21
1136,Seoudi Supermarket,Crystal Corn Oil,Crystal,283.95,,EGP,Corn Oil,Oil,Corn Oil,2.2,l,,https://seoudisupermarket.com/en/crystal-corn-oil-2-2-liter,Out of Stock,9/14/2026 18:21
1137,Seoudi Supermarket,"Borges Extra Virgin Olive Oil, + 33% ml",Borges,754.95,,EGP,Olive Oil,Oil,Olive Oil,750,ml,,https://seoudisupermarket.com/en/borges-extra-virgin-olive-oil-750-ml-33-ml,Out of Stock,9/14/2026 18:21
1138,Seoudi Supermarket,Hla Sunflower Oil,Hla,71.95,,EGP,Sunflower Oil,Oil,Sunflower Oil,750,ml,,https://seoudisupermarket.com/en/hla-sunflower-oil-750-ml,Out of Stock,9/14/2026 18:21
1139,Seoudi Supermarket,Iliada Virgin Olive Oil,Iliada,612.45,,EGP,Olive Oil,Oil,Olive Oil,1,l,,https://seoudisupermarket.com/en/iliada-extra-virgin-olive-oil-1-liter,Out of Stock,9/14/2026 18:21
1140,Seoudi Supermarket,RS Spanish Olive Oil,RS,506.95,,EGP,Olive Oil,Oil,Olive Oil,500,ml,,https://seoudisupermarket.com/en/rs-spanish-olive-oil-500-ml,Out of Stock,9/14/2026 18:21
1141,Seoudi Supermarket,Haboba Mixed Oil for Cooking & Frying,Haboba,55.45,,EGP,Mixed Oil,Oil,Mixed Oil,700,ml,,https://seoudisupermarket.com/en/haboba-mixed-oil-700-ml,Out of Stock,9/14/2026 18:21
1142,Seoudi Supermarket,Mafaza Extra Virgin Olive Oil,Mafaza,364.95,404.95,EGP,Olive Oil,Oil,Olive Oil,350,ml,10,https://seoudisupermarket.com/en/mafaza-extra-virgin-olive-oil-350-ml,Out of Stock,9/14/2026 18:21
1143,Seoudi Supermarket,Golden Alfa Mixed Oil for Cooking & Frying,Golden Alfa,51.95,,EGP,Mixed Oil,Oil,Mixed Oil,700,ml,,https://seoudisupermarket.com/en/golden-alfa-mixed-oil-700-ml,Out of Stock,9/14/2026 18:21
1144,Seoudi Supermarket,Borges Olive Oil,Borges,673.95,,EGP,Olive Oil,Oil,Olive Oil,750,ml,,https://seoudisupermarket.com/en/borges-olive-oil-750-ml,Out of Stock,9/14/2026 18:21
1145,Seoudi Supermarket,Pam Olive Oil Spray,Pam,389.45,,EGP,Olive Oil,Oil,Olive Oil,141,g,,https://seoudisupermarket.com/en/pam-olive-oil-spray-141-g,Out of Stock,9/14/2026 18:21
1146,Seoudi Supermarket,Sunny Sunflower Oil,Sunny,75.45,,EGP,Sunflower Oil,Oil,Sunflower Oil,750,ml,,https://seoudisupermarket.com/en/sunny-sunflower-oil-750-ml-l,Out of Stock,9/14/2026 18:21
1147,Seoudi Supermarket,Mafaza Extra Virgin Olive Oil,Mafaza,419.95,464.95,EGP,Olive Oil,Oil,Olive Oil,500,ml,10,https://seoudisupermarket.com/en/mafaza-extra-virgin-olive-oil-500-ml,Out of Stock,9/14/2026 18:21
1148,Seoudi Supermarket,Colavita Olive Oil,Colavita,289.95,,EGP,Olive Oil,Oil,Olive Oil,250,ml,,https://seoudisupermarket.com/en/colavita-olive-oil-250-ml,Out of Stock,9/14/2026 18:21
1149,Seoudi Supermarket,Monini Classic Olive Oil,Monini,399.95,,EGP,Olive Oil,Oil,Olive Oil,250,ml,,https://seoudisupermarket.com/en/monini-classic-olive-oil-250-ml,Out of Stock,9/14/2026 18:21
1150,Seoudi Supermarket,Isis Extra Virgin Olive Oil,Isis,389.95,459.95,EGP,Olive Oil,Oil,Olive Oil,500,ml,15,https://seoudisupermarket.com/en/isis-extra-virgin-olive-oil-500-ml,Out of Stock,9/14/2026 18:21
1151,Seoudi Supermarket,Iliada Organic Olive Oil,Iliada,687.95,,EGP,Olive Oil,Oil,Olive Oil,500,ml,,https://seoudisupermarket.com/en/iliada-organic-olive-oil-500-ml,Out of Stock,9/14/2026 18:21
1152,Seoudi Supermarket,Morgana Oil,Morgana,49.95,59.95,EGP,Other Oil,Oil,Other Oil,700,ml,17,https://seoudisupermarket.com/en/morgana-oil-700-ml,Out of Stock,9/14/2026 18:21
1153,Seoudi Supermarket,Loro Sunflower Oil,Loro,104.95,,EGP,Sunflower Oil,Oil,Sunflower Oil,1,l,,https://seoudisupermarket.com/en/loro-sunflower-oil-1-liter,Out of Stock,9/14/2026 18:21
1154,Seoudi Supermarket,Afia Sunflower Oil,Afia,63.95,,EGP,Sunflower Oil,Oil,Sunflower Oil,800,ml,,https://seoudisupermarket.com/en/afia-sunflower-oil-800-ml,Out of Stock,9/14/2026 18:21
1155,Seoudi Supermarket,Borges Hojiblanca Olive Oil,Borges,504.95,,EGP,Olive Oil,Oil,Olive Oil,500,ml,,https://seoudisupermarket.com/en/borges-hojiblanca-olive-oil-500-ml,Out of Stock,9/14/2026 18:21
1156,Seoudi Supermarket,El Aghsan Extra Virgin Olive Oil,El Aghsan,149.95,,EGP,Olive Oil,Oil,Olive Oil,250,g,,https://seoudisupermarket.com/en/el-aghsan-extra-virgin-olive-oil-250-g,Out of Stock,9/14/2026 18:21
1157,Seoudi Supermarket,Wadi Food Virgin Olive Oil,Wadi Food,1521.75,,EGP,Olive Oil,Oil,Olive Oil,2,l,,https://seoudisupermarket.com/en/wadi-food-virgin-olive-oil-2-liter,Out of Stock,9/14/2026 18:21
1158,Seoudi Supermarket,Loro Sunflower Oil,Loro,232.91,,EGP,Sunflower Oil,Oil,Sunflower Oil,2.25,l,,https://seoudisupermarket.com/en/loro-sunflower-oil-2-25-liter,Out of Stock,9/14/2026 18:21
1159,Seoudi Supermarket,Divine Organic Virgin Coconut Oil,Divine,349.95,,EGP,Coconut Oil,Oil,Coconut Oil,300,ml,,https://seoudisupermarket.com/en/divine-organic-virgin-coconut-oil-300-ml,Out of Stock,9/14/2026 18:21
1160,Seoudi Supermarket,Borges Olive Oil,Borges,239.45,,EGP,Olive Oil,Oil,Olive Oil,250,ml,,https://seoudisupermarket.com/en/borges-olive-oil-250-ml,Out of Stock,9/14/2026 18:21
1161,Seoudi Supermarket,Iliada Extra Olive Oil,Iliada,905.95,,EGP,Olive Oil,Oil,Olive Oil,750,ml,,https://seoudisupermarket.com/en/iliada-extra-olive-oil-750-ml,Out of Stock,9/14/2026 18:21
1162,Seoudi Supermarket,Boulos Olive Oil Squeeze,Boulos,309.95,,EGP,Olive Oil,Oil,Olive Oil,250,ml,,https://seoudisupermarket.com/en/boulos-olive-oil-squeeze-250-ml,Out of Stock,9/14/2026 18:21
1163,Seoudi Supermarket,Aroma Sunflower Oil,Aroma,80.75,,EGP,Sunflower Oil,Oil,Sunflower Oil,900,ml,,https://seoudisupermarket.com/en/aroma-sunflower-oil-900-ml,Out of Stock,9/14/2026 18:21
1164,Seoudi Supermarket,De Cecco Extra Virgin Olive Oil,De Cecco,624.95,,EGP,Olive Oil,Oil,Olive Oil,750,ml,,https://seoudisupermarket.com/en/de-cecco-extra-virgin-olive-oil-750-ml,Out of Stock,9/14/2026 18:21
1165,Seoudi Supermarket,Slite Sunflower Oil,Slite,71.95,,EGP,Sunflower Oil,Oil,Sunflower Oil,750,ml,,https://seoudisupermarket.com/en/slite-sunflower-oil-750-ml,Out of Stock,9/14/2026 18:21
1166,Seoudi Supermarket,Slite Ultimate Purity Pure Corn Oil,Slite,83.75,,EGP,Corn Oil,Oil,Corn Oil,750,ml,,https://seoudisupermarket.com/en/slite-ultimate-purity-pure-corn-oil-750-ml,Out of Stock,9/14/2026 18:21
1167,Seoudi Supermarket,Iliada Premium Olive Oil,Iliada,414.95,593.95,EGP,Olive Oil,Oil,Olive Oil,500,ml,30,https://seoudisupermarket.com/en/iliada-premium-olive-oil-500-ml,Out of Stock,9/14/2026 18:21
1168,Seoudi Supermarket,Borges Extra Light Olive Oil,Borges,479.95,,EGP,Olive Oil,Oil,Olive Oil,500,ml,,https://seoudisupermarket.com/en/borges-extra-light-olive-oil-500-ml,Out of Stock,9/14/2026 18:21
1169,Seoudi Supermarket,Mafaza Olive Oil with Garlic,Mafaza,239.95,272.45,EGP,Olive Oil,Oil,Olive Oil,250,ml,12,https://seoudisupermarket.com/en/mafaza-olive-oil-with-garlic-250-ml,Out of Stock,9/14/2026 18:21
1170,Seoudi Supermarket,Borges Arbequina Olive Oil,Borges,504.95,,EGP,Olive Oil,Oil,Olive Oil,500,ml,,https://seoudisupermarket.com/en/borges-arbequina-olive-oil-500-ml,Out of Stock,9/14/2026 18:21
1171,Seoudi Supermarket,Wadi Food Extra Virgin Olive Oil + Virgin Olive Oil,Wadi Food,888.95,,EGP,Olive Oil,Oil,Olive Oil,1,l,,https://seoudisupermarket.com/en/wadi-food-extra-virgin-olive-oil-1-liter-plus-500-ml,Out of Stock,9/14/2026 18:21
1172,Seoudi Supermarket,El Aghsan Extra Virgin Olive Oil,El Aghsan,284.95,,EGP,Olive Oil,Oil,Olive Oil,500,g,,https://seoudisupermarket.com/en/el-aghsan-extra-virgin-olive-oil-500-g,Out of Stock,9/14/2026 18:21
1173,Seoudi Supermarket,Gold River Organic Olive Oil,Gold River,714.95,,EGP,Olive Oil,Oil,Olive Oil,1,l,,https://seoudisupermarket.com/en/gold-river-organic-olive-oil-1-liter,Out of Stock,9/14/2026 18:21
1174,Seoudi Supermarket,Terra Extra Virgin Olive Oil,Terra,319.95,,EGP,Olive Oil,Oil,Olive Oil,250,ml,,https://seoudisupermarket.com/en/terra-extra-virgin-olive-oil-250-ml,Out of Stock,9/14/2026 18:21
1175,Seoudi Supermarket,"Afia Plus Corn Oil, + Osra Free Sugar",Afia,229.45,,EGP,Corn Oil,Oil,Corn Oil,2.2,l,,https://seoudisupermarket.com/en/afia-plus-corn-oil-2-2-liter-osra-free-sugar-1-kg,Out of Stock,9/14/2026 18:21
1176,Seoudi Supermarket,Borges Canola Oil,Borges,199.95,,EGP,Canola Oil,Oil,Canola Oil,1,l,,https://seoudisupermarket.com/en/borges-canola-oil-1-liter,Out of Stock,9/14/2026 18:21
1177,Seoudi Supermarket,RS Olive Oil,RS,709.95,,EGP,Olive Oil,Oil,Olive Oil,500,ml,,https://seoudisupermarket.com/en/rs-olive-oil-500-ml,Out of Stock,9/14/2026 18:21
1178,Seoudi Supermarket,Monini GranFruttato Extra Virgin Olive Oil,Monini,816.45,,EGP,Olive Oil,Oil,Olive Oil,500,ml,,https://seoudisupermarket.com/en/monini-granfruttato-extra-virgin-olive-oil-500-ml,Out of Stock,9/14/2026 18:21
1179,Seoudi Supermarket,El Mazraa Flax Oil,El Mazraa,86.75,,EGP,Flaxseed Oil,Oil,Flaxseed Oil,250,ml,,https://seoudisupermarket.com/en/el-mazraa-flax-oil-250-ml,Out of Stock,9/14/2026 18:21
1180,Seoudi Supermarket,Illada Kalamata Olive Oil Squeeze,Iliada,479.95,687.45,EGP,Olive Oil,Oil,Olive Oil,500,ml,30,https://seoudisupermarket.com/en/illada-kalamata-olive-oil-squeeze-500-ml,Out of Stock,9/14/2026 18:21
1181,Seoudi Supermarket,iliada Extra Virgin Light Olive Oil,Iliada,687.95,,EGP,Olive Oil,Oil,Olive Oil,500,ml,,https://seoudisupermarket.com/en/iliada-extra-virgin-lite-olive-oil-500-ml,Out of Stock,9/14/2026 18:21
1182,Seoudi Supermarket,Afia Sunflower Oil,Afia,173.95,,EGP,Sunflower Oil,Oil,Sunflower Oil,1.6,l,,https://seoudisupermarket.com/en/afia-sunflower-oil-1-6-liter,Out of Stock,9/14/2026 18:21
1183,Seoudi Supermarket,Karma Foods Pure Virgin Olive Oil,Karma Foods,144.95,,EGP,Olive Oil,Oil,Olive Oil,250,ml,,https://seoudisupermarket.com/en/karma-foods-pure-virgin-olive-oil-250-ml,Out of Stock,9/14/2026 18:21
1184,Seoudi Supermarket,Mafaza Olive Oil with Basil,Mafaza,239.95,272.45,EGP,Olive Oil,Oil,Olive Oil,250,ml,12,https://seoudisupermarket.com/en/mafaza-olive-oil-with-basil-250-ml,Out of Stock,9/14/2026 18:21
1185,Seoudi Supermarket,Afia Corn Oil,Afia,73.95,,EGP,Corn Oil,Oil,Corn Oil,800,ml,,https://seoudisupermarket.com/en/afia-corn-oil-800-ml,Out of Stock,9/14/2026 18:21
1186,Seoudi Supermarket,Karma Natural Chili Oil,Karma,229.95,,EGP,Chili Oil,Oil,Chili Oil,250,ml,,https://seoudisupermarket.com/en/karma-natural-chili-oil-250-ml,Out of Stock,9/14/2026 18:21
1187,Seoudi Supermarket,Borges Extra Virgin Olive Oil,Borges,704.95,,EGP,Olive Oil,Oil,Olive Oil,750,ml,,https://seoudisupermarket.com/en/borges-extra-virgin-olive-oil-750-ml,Out of Stock,9/14/2026 18:21
1188,Seoudi Supermarket,Borges Extra Virgin Olive Oil,Borges,469.95,,EGP,Olive Oil,Oil,Olive Oil,500,ml,,https://seoudisupermarket.com/en/borges-extra-virgin-olive-oil-500-ml,Out of Stock,9/14/2026 18:21
1189,Seoudi Supermarket,City Oil Mixed Oil for Cooking & Frying,,43.25,,EGP,Mixed Oil,Oil,Mixed Oil,600,ml,,https://seoudisupermarket.com/en/city-oil-mixed-oil-600-ml,Out of Stock,9/14/2026 18:21
1190,Seoudi Supermarket,Iliada Lakonia Olive Oil,Iliada,593.95,,EGP,Olive Oil,Oil,Olive Oil,500,ml,,https://seoudisupermarket.com/en/iliada-lakonia-olive-oil-500-ml,Out of Stock,9/14/2026 18:21
1191,Seoudi Supermarket,iliada Extra Virgin Olive Oil,Iliada,687.95,,EGP,Olive Oil,Oil,Olive Oil,500,ml,,https://seoudisupermarket.com/en/%D8%A7%D9%84%D9%8A%D8%A7%D8%AF%D8%A7-%D8%AC%D9%88%D9%84%D8%AF-%D8%B3%D9%8A%D8%AA%D9%8A%D8%A7-%D8%A7%D9%83%D8%B3%D8%AA%D8%B1%D8%A7-500%D9%85%D9%84-5201043113022,Out of Stock,9/14/2026 18:21
1192,Seoudi Supermarket,Shahd Sunflower Oil,Shahd,162.93,,EGP,Sunflower Oil,Oil,Sunflower Oil,1.5,l,,https://seoudisupermarket.com/en/shahd-sunflower-oil-1-5-liters,Out of Stock,9/14/2026 18:21
1193,Seoudi Supermarket,Terra Organic Olive Oil,Terra,589.95,,EGP,Olive Oil,Oil,Olive Oil,500,ml,,https://seoudisupermarket.com/en/terra-organic-olive-oil-500-ml,Out of Stock,9/14/2026 18:21
1194,Seoudi Supermarket,Boulos Extra Virgin Olive Oil,Boulos,269.95,,EGP,Olive Oil,Oil,Olive Oil,250,ml,,https://seoudisupermarket.com/en/boulos-extra-virgin-olive-oil-250-ml,Out of Stock,9/14/2026 18:21
1195,Seoudi Supermarket,Roots Sesame Oil,Roots,172.45,,EGP,Sesame Oil,Oil,Sesame Oil,250,ml,,https://seoudisupermarket.com/en/roots-sesame-oil-250-ml,Out of Stock,9/14/2026 18:21
1196,Seoudi Supermarket,Borges Classic Olive Oil,Borges,863.75,,EGP,Olive Oil,Oil,Olive Oil,1,l,,https://seoudisupermarket.com/en/borges-classic-olive-oil-1-liter,Out of Stock,9/14/2026 18:21
1197,Seoudi Supermarket,Mafaza Extra Virgin Olive Oil,Mafaza,259.95,268.75,EGP,Olive Oil,Oil,Olive Oil,250,ml,3,https://seoudisupermarket.com/en/mafaza-extra-virgin-olive-oil-250-ml,Out of Stock,9/14/2026 18:21
1198,Seoudi Supermarket,Sunny Cooking & Frying Oil Enriched with Vitamins,Sunny,499.95,,EGP,Mixed Oil,Oil,Mixed Oil,5,l,,https://seoudisupermarket.com/en/sunny-cooking-and-frying-oil-enriched-with-vitamins-5-liters,Out of Stock,9/14/2026 18:21
1199,Seoudi Supermarket,Gold River Organic Olive Oil,Gold River,399.95,,EGP,Olive Oil,Oil,Olive Oil,500,ml,,https://seoudisupermarket.com/en/gold-river-organic-olive-oil-500-ml,Out of Stock,9/14/2026 18:21
1200,Seoudi Supermarket,Domaine Natroun Extra Virgin Olive Oil,Domaine Natroun,1044.75,,EGP,Olive Oil,Oil,Olive Oil,500,ml,,https://seoudisupermarket.com/en/domaine-natroun-extra-virgin-olive-oil-500-ml,Out of Stock,9/14/2026 18:21
1201,Seoudi Supermarket,Riviere Dor Extra Virgin Olive Oil,Riviere d'Or,194.95,,EGP,Olive Oil,Oil,Olive Oil,250,ml,,https://seoudisupermarket.com/en/riviere-dor-extra-virgin-olive-oil-250-ml,Out of Stock,9/14/2026 18:21
1202,Seoudi Supermarket,Shahd Sunflower Oil,Shahd,78.97,,EGP,Sunflower Oil,Oil,Sunflower Oil,800,ml,,https://seoudisupermarket.com/en/shahd-sunflower-oil-800-ml,Out of Stock,9/14/2026 18:21
1203,Seoudi Supermarket,Al Asil Corn Oil,Al Asil,239.5,,EGP,Corn Oil,Oil,Corn Oil,2.25,l,,https://seoudisupermarket.com/en/al-asil-corn-oil-2-25-liter,Out of Stock,9/14/2026 18:21
1204,Seoudi Supermarket,Venecia Small Rings Pasta,Venecia,49.95,,EGP,Rings,Pasta,Regular Pasta,1,kg,,https://seoudisupermarket.com/en/venecia-small-rings-pasta-1-kg,In Stock,9/14/2026 18:35
1205,Seoudi Supermarket,Al Doha Mac & Cheese with Jalapeno,Al Doha,32.95,36.45,EGP,Mac & Cheese,Pasta,Ready Meal / Instant Pasta,175,g,10,https://seoudisupermarket.com/en/al-doha-mac-cheese-with-jalapeno-175-g,In Stock,9/14/2026 18:35
1206,Seoudi Supermarket,Al Doha Mebakbaka Pasta,Al Doha,32.95,35.95,EGP,Mebakbaka,Pasta,Regular Pasta,180,g,8,https://seoudisupermarket.com/en/al-doha-mbakbaka-pasta-180-g,In Stock,9/14/2026 18:35
1207,Seoudi Supermarket,Al Doha Truffle Pasta,Al Doha,35.95,39.45,EGP,Other Pasta,Pasta,Regular Pasta,165,g,9,https://seoudisupermarket.com/en/al-doha-truffle-pasta-165-g,In Stock,9/14/2026 18:35
1208,Seoudi Supermarket,Ankara Penne Pasta,Ankara,34.95,37.95,EGP,Penne,Pasta,Regular Pasta,400,g,8,https://seoudisupermarket.com/en/ankara-penne-pasta-400-g,In Stock,9/14/2026 18:35
1209,Seoudi Supermarket,Pastazara Spaghetti Pasta N.11,Pastazara,109.95,,EGP,Spaghetti,Pasta,Regular Pasta,500,g,,https://seoudisupermarket.com/en/pastazara-spaghetti-pasta-n-11-500-g,In Stock,9/14/2026 18:35
1210,Seoudi Supermarket,Italiano Lasagna Pasta,Italiano,45,,EGP,Lasagna,Pasta,Lasagna,400,g,,https://seoudisupermarket.com/en/italiano-lasagna-pasta-400-g,In Stock,9/14/2026 18:35
1211,Seoudi Supermarket,Ankara Fusilli Pasta,Ankara,34.95,37.95,EGP,Fusilli,Pasta,Regular Pasta,400,g,8,https://seoudisupermarket.com/en/ankara-fusilli-pasta-400-g,In Stock,9/14/2026 18:35
1212,Seoudi Supermarket,El Maleka Small Rings Pasta,El Maleka,35,,EGP,Rings,Pasta,Regular Pasta,1,kg,,https://seoudisupermarket.com/en/el-maleka-small-rings-pasta-1-kg,In Stock,9/14/2026 18:35
1213,Seoudi Supermarket,Hawaa Rings Pasta,Hawaa,15.25,,EGP,Rings,Pasta,Regular Pasta,400,g,,https://seoudisupermarket.com/en/hawaa-rings-pasta-400-g,In Stock,9/14/2026 18:35
1214,Seoudi Supermarket,Hawaa Small Rings Pasta,Hawaa,15.25,,EGP,Rings,Pasta,Regular Pasta,400,g,,https://seoudisupermarket.com/en/hawaa-small-rings-pasta-400-g,In Stock,9/14/2026 18:35
1215,Seoudi Supermarket,Ankara Elbows Pasta,Ankara,34.95,37.95,EGP,Elbows,Pasta,Regular Pasta,400,g,8,https://seoudisupermarket.com/en/ankara-elbows-pasta-400-g,In Stock,9/14/2026 18:35
1216,Seoudi Supermarket,El Maleka Elbows Pasta,El Maleka,35,,EGP,Elbows,Pasta,Regular Pasta,1,kg,,https://seoudisupermarket.com/en/el-maleka-elbows-pasta-1-kg,In Stock,9/14/2026 18:35
1217,Seoudi Supermarket,Hawaa Elbows Pasta,Hawaa,15.25,,EGP,Elbows,Pasta,Regular Pasta,400,g,,https://seoudisupermarket.com/en/hawaa-elbows-pasta-400-g,In Stock,9/14/2026 18:35
1218,Seoudi Supermarket,Ankara Vermicelli,Ankara,34.95,37.95,EGP,Vermicelli,Pasta,Regular Pasta,400,g,8,https://seoudisupermarket.com/en/ankara-vermicelli-400-g,In Stock,9/14/2026 18:35
1219,Seoudi Supermarket,Hawaa Vermicelli,Hawaa,15.25,,EGP,Vermicelli,Pasta,Regular Pasta,400,g,,https://seoudisupermarket.com/en/hawaa-vermicelli-400-g,In Stock,9/14/2026 18:35
1220,Seoudi Supermarket,Ankara Risoni,Ankara,34.95,37.95,EGP,Risoni,Pasta,Regular Pasta,400,g,8,https://seoudisupermarket.com/en/ankara-risoni-400-g,In Stock,9/14/2026 18:35
1221,Seoudi Supermarket,Italiano Cannelloni,Italiano,43,,EGP,Cannelloni,Pasta,Filled / Tube Pasta,250,g,,https://seoudisupermarket.com/en/italiano-cannelloni-250-g,In Stock,9/14/2026 18:35
1222,Seoudi Supermarket,Italiano Big Shells Pasta,Italiano,43,,EGP,Shells,Pasta,Regular Pasta,250,g,,https://seoudisupermarket.com/en/italiano-big-shells-pasta-250-g,In Stock,9/14/2026 18:35
1223,Seoudi Supermarket,Lino Gluten - Free Oat Pasta Vermicelli,Lino,69.95,84.95,EGP,Oat Pasta,Pasta,Specialty Pasta,250,g,18,https://seoudisupermarket.com/en/lino-gluten-free-oat-pasta-vermicelli-250-g,In Stock,9/14/2026 18:35
1224,Seoudi Supermarket,Lino Oat Small Rings Pasta,Lino,69.95,84.95,EGP,Rings,Pasta,Regular Pasta,250,g,18,https://seoudisupermarket.com/en/lino-oat-small-rings-pasta-250-g,In Stock,9/14/2026 18:35
1225,Seoudi Supermarket,Regina Rigatoni Pasta,Regina,30.75,,EGP,Rigatoni,Pasta,Regular Pasta,400,g,,https://seoudisupermarket.com/en/regina-rigatoni-pasta-400-g,In Stock,9/14/2026 18:35
1226,Seoudi Supermarket,Al Doha Easy Pasta with Mac and Cheese Sauce,Al Doha,34.95,,EGP,Mac & Cheese,Pasta,Ready Meal / Instant Pasta,175,g,,https://seoudisupermarket.com/en/al-doha-easy-pasta-with-mac-and-cheese-sauce-175-g,In Stock,9/14/2026 18:35
1227,Seoudi Supermarket,Al Doha Easy Pasta with Mushroom Sauce,Al Doha,24.45,,EGP,Easy Pasta,Pasta,Regular Pasta,158,g,,https://seoudisupermarket.com/en/al-doha-easy-pasta-mushroom-sauce-158-g,In Stock,9/14/2026 18:35
1228,Seoudi Supermarket,Al Doha Easy Pasta with Creamy Pesto Sauce,Al Doha,24.45,,EGP,Easy Pasta,Pasta,Regular Pasta,158,g,,https://seoudisupermarket.com/en/al-doha-easy-pasta-with-creamy-pesto-sauce-158-g,In Stock,9/14/2026 18:35
1229,Seoudi Supermarket,Al Doha Easy Pasta with Alfredo Sauce,Al Doha,25.45,,EGP,Easy Pasta,Pasta,Regular Pasta,158,g,,https://seoudisupermarket.com/en/al-doha-easy-pasta-with-alfredo-sauce-158-g,In Stock,9/14/2026 18:35
1230,Seoudi Supermarket,Al Doha Easy Pasta with Italian Tomato Sauce,Al Doha,27.45,,EGP,Easy Pasta,Pasta,Regular Pasta,185,g,,https://seoudisupermarket.com/en/al-doha-easy-pasta-with-italian-tomato-sauce-185-g,In Stock,9/14/2026 18:35
1231,Seoudi Supermarket,Delicia Masreya Linguini Pasta,Delicia Masreya,48.95,,EGP,Linguine,Pasta,Regular Pasta,1,kg,,https://seoudisupermarket.com/en/delicia-masreya-linguini-pasta-1-kg,In Stock,9/14/2026 18:35
1232,Seoudi Supermarket,Delicia Masreya Fusilli Pasta,Delicia Masreya,48.95,,EGP,Fusilli,Pasta,Regular Pasta,1,kg,,https://seoudisupermarket.com/en/delicia-masreya-fusilli-pasta-1-kg,In Stock,9/14/2026 18:35
1233,Seoudi Supermarket,Delicia Masreya Snails Pasta,Delicia Masreya,48.95,,EGP,Snails,Pasta,Regular Pasta,1,kg,,https://seoudisupermarket.com/en/delicia-masreya-snails-pasta-1-kg,In Stock,9/14/2026 18:35
1234,Seoudi Supermarket,Delicia Masreya Risoni,Delicia Masreya,48.95,,EGP,Risoni,Pasta,Regular Pasta,1,kg,,https://seoudisupermarket.com/en/delicia-masreya-risoni-1-kg,In Stock,9/14/2026 18:35
1235,Seoudi Supermarket,Delicia Masreya Risoni,Delicia Masreya,21.45,,EGP,Risoni,Pasta,Regular Pasta,350,g,,https://seoudisupermarket.com/en/delicia-masreya-risoni-350-g,In Stock,9/14/2026 18:35
1236,Seoudi Supermarket,Al Doha Penne Rigate Pasta,Al Doha,22.95,27.45,EGP,Penne,Pasta,Regular Pasta,400,g,16,https://seoudisupermarket.com/en/al-doha-penne-rigate-pasta-400-g,In Stock,9/14/2026 18:35
1237,Seoudi Supermarket,Al Doha Elbows Pasta,Al Doha,22.95,27.45,EGP,Elbows,Pasta,Regular Pasta,400,g,16,https://seoudisupermarket.com/en/al-doha-elbows-pasta-400-g,In Stock,9/14/2026 18:35
1238,Seoudi Supermarket,Al Doha Spaghetti Pasta,Al Doha,22.95,27.45,EGP,Spaghetti,Pasta,Regular Pasta,400,g,16,https://seoudisupermarket.com/en/al-doha-spaghetti-pasta-400-g,In Stock,9/14/2026 18:35
1239,Seoudi Supermarket,Al Doha Vermicelli,Al Doha,22.95,27.45,EGP,Vermicelli,Pasta,Regular Pasta,400,g,16,https://seoudisupermarket.com/en/al-doha-vermicelli-400-g,In Stock,9/14/2026 18:35
1240,Seoudi Supermarket,Al Doha Risoni,Al Doha,22.95,27.45,EGP,Risoni,Pasta,Regular Pasta,400,g,16,https://seoudisupermarket.com/en/al-doha-risoni-400-g,In Stock,9/14/2026 18:35
1241,Seoudi Supermarket,Italiano Spaghetti Pasta,Italiano,27,,EGP,Spaghetti,Pasta,Regular Pasta,400,g,,https://seoudisupermarket.com/en/italiano-spaghetti-pasta-400-g,In Stock,9/14/2026 18:35
1242,Seoudi Supermarket,Italiano Penne Pasta,Italiano,27,,EGP,Penne,Pasta,Regular Pasta,400,g,,https://seoudisupermarket.com/en/italiano-penne-pasta-400-g,In Stock,9/14/2026 18:35
1243,Seoudi Supermarket,Italiano Risoni,Italiano,27,,EGP,Risoni,Pasta,Regular Pasta,400,g,,https://seoudisupermarket.com/en/italiano-risoni-400-g,In Stock,9/14/2026 18:35
1244,Seoudi Supermarket,Italiano Fettuccini Pasta,Italiano,27,,EGP,Fettuccine,Pasta,Regular Pasta,400,g,,https://seoudisupermarket.com/en/italiano-fettuccini-pasta-400-g,In Stock,9/14/2026 18:35
1245,Seoudi Supermarket,Italiano Ziti Pasta,Italiano,27,,EGP,Ziti,Pasta,Regular Pasta,400,g,,https://seoudisupermarket.com/en/italiano-ziti-pasta-400-g,In Stock,9/14/2026 18:35
1246,Seoudi Supermarket,Italiano Shells Pasta,Italiano,27,,EGP,Shells,Pasta,Regular Pasta,400,g,,https://seoudisupermarket.com/en/italiano-shells-pasta-400-g,In Stock,9/14/2026 18:35
1247,Seoudi Supermarket,Italiano Fusilli Pasta,Italiano,27,,EGP,Fusilli,Pasta,Regular Pasta,400,g,,https://seoudisupermarket.com/en/italiano-fusilli-pasta-400-g,In Stock,9/14/2026 18:35
1248,Seoudi Supermarket,Italiano Big Rings Pasta,Italiano,27,,EGP,Rings,Pasta,Regular Pasta,400,g,,https://seoudisupermarket.com/en/italiano-big-rings-pasta-400-g,In Stock,9/14/2026 18:35
1249,Seoudi Supermarket,Italiano Vermicelli,Italiano,27,,EGP,Vermicelli,Pasta,Regular Pasta,400,g,,https://seoudisupermarket.com/en/italiano-vermicelli-400-g,In Stock,9/14/2026 18:35
1250,Seoudi Supermarket,"Regina Spaghetti Pasta, 1.6 mm",Regina,30.75,,EGP,Spaghetti,Pasta,Regular Pasta,400,g,,https://seoudisupermarket.com/en/regina-spaghetti-pasta-1-6-mm-400-g,Out of Stock,9/14/2026 18:35
1251,Seoudi Supermarket,Regina Risoni,Regina,30.75,,EGP,Risoni,Pasta,Regular Pasta,400,g,,https://seoudisupermarket.com/en/regina-risoni-400-g,In Stock,9/14/2026 18:35
1252,Seoudi Supermarket,Regina Letters Shape Pasta,Regina,30.75,,EGP,Letters,Pasta,Regular Pasta,400,g,,https://seoudisupermarket.com/en/regina-letters-shape-pasta-400-g,In Stock,9/14/2026 18:35
1253,Seoudi Supermarket,Regina Rings Pasta,Regina,30.75,,EGP,Rings,Pasta,Regular Pasta,400,g,,https://seoudisupermarket.com/en/regina-rings-pasta-400-g,In Stock,9/14/2026 18:35
1254,Seoudi Supermarket,El Maleka Elbows Pasta,El Maleka,15,,EGP,Elbows,Pasta,Regular Pasta,400,g,,https://seoudisupermarket.com/en/el-maleka-elbows-pasta-400-g,In Stock,9/14/2026 18:35
1255,Seoudi Supermarket,El Maleka Big Rings Pasta,El Maleka,15,,EGP,Rings,Pasta,Regular Pasta,400,g,,https://seoudisupermarket.com/en/el-maleka-big-rings-pasta-400-g,In Stock,9/14/2026 18:35
1256,Seoudi Supermarket,El Maleka Vermicelli,El Maleka,15,,EGP,Vermicelli,Pasta,Regular Pasta,400,g,,https://seoudisupermarket.com/en/el-maleka-vermicelli-400-g,In Stock,9/14/2026 18:35
1257,Seoudi Supermarket,El Maleka Risoni,El Maleka,15,,EGP,Risoni,Pasta,Regular Pasta,400,g,,https://seoudisupermarket.com/en/el-maleka-risoni-400-g,In Stock,9/14/2026 18:35
1258,Seoudi Supermarket,El Maleka Small Rings Pasta,El Maleka,15,,EGP,Rings,Pasta,Regular Pasta,400,g,,https://seoudisupermarket.com/en/el-maleka-small-rings-pasta-400-g,In Stock,9/14/2026 18:35
1259,Seoudi Supermarket,El Maleka Penne Pasta,El Maleka,15,,EGP,Penne,Pasta,Regular Pasta,400,g,,https://seoudisupermarket.com/en/el-maleka-penne-pasta-400-g,In Stock,9/14/2026 18:35
1260,Seoudi Supermarket,El Maleka Spaghetti Pasta,El Maleka,15,,EGP,Spaghetti,Pasta,Regular Pasta,400,g,,https://seoudisupermarket.com/en/el-maleka-spaghetti-pasta-400-g,In Stock,9/14/2026 18:35
1261,Seoudi Supermarket,Lametna Elbow Pasta,Lametna,26.95,,EGP,Elbows,Pasta,Regular Pasta,1,kg,,https://seoudisupermarket.com/en/lametna-elbow-pasta-1-kg,In Stock,9/14/2026 18:35
1262,Seoudi Supermarket,Delicia Masreya Fettuccini Pasta,Delicia Masreya,21.45,,EGP,Fettuccine,Pasta,Regular Pasta,350,g,,https://seoudisupermarket.com/en/delicia-masreya-fettuccine-pasta-350-g,In Stock,9/14/2026 18:35
1263,Seoudi Supermarket,Ankara Small Rings,Ankara,34.95,37.95,EGP,Rings,Pasta,Regular Pasta,400,g,8,https://seoudisupermarket.com/en/ankara-small-rings-400-g,In Stock,9/14/2026 18:35
1264,Seoudi Supermarket,Ankara Fettuccine Pasta,Ankara,34.95,37.95,EGP,Fettuccine,Pasta,Regular Pasta,400,g,8,https://seoudisupermarket.com/en/ankara-fettuccine-pasta-400-g,In Stock,9/14/2026 18:35
1265,Seoudi Supermarket,Delicia Masreya Elbow Pasta,Delicia Masreya,21.45,,EGP,Elbows,Pasta,Regular Pasta,350,g,,https://seoudisupermarket.com/en/delicia-masreya-elbow-pasta-350-g,In Stock,9/14/2026 18:35
1266,Seoudi Supermarket,Delicia Masreya Fusilli Pasta,Delicia Masreya,21.45,,EGP,Fusilli,Pasta,Regular Pasta,350,g,,https://seoudisupermarket.com/en/delicia-masreya-fusilli-pasta-350-g,In Stock,9/14/2026 18:35
1267,Seoudi Supermarket,Masreya Shell Pasta,Masreya,21.45,,EGP,Shells,Pasta,Regular Pasta,350,g,,https://seoudisupermarket.com/en/masreya-shell-pasta-350-g,In Stock,9/14/2026 18:35
1268,Seoudi Supermarket,Delicia Masreya Twist Pasta,Delicia Masreya,21.45,,EGP,Twist,Pasta,Regular Pasta,350,g,,https://seoudisupermarket.com/en/delicia-masreya-twist-pasta-350-g,In Stock,9/14/2026 18:35
1269,Seoudi Supermarket,Delicia Masreya Spaghetti Pasta,Delicia Masreya,48.95,,EGP,Spaghetti,Pasta,Regular Pasta,1,kg,,https://seoudisupermarket.com/en/delicia-masreya-spaghetti-pasta-1-kg,In Stock,9/14/2026 18:35
1270,Seoudi Supermarket,Delicia Masreya Penne Pasta,Delicia Masreya,48.95,,EGP,Penne,Pasta,Regular Pasta,1,kg,,https://seoudisupermarket.com/en/delicia-masreya-penne-pasta-1-kg,In Stock,9/14/2026 18:35
1271,Seoudi Supermarket,Delicia Masreya Pipe Pasta,Delicia Masreya,21.45,,EGP,Pipe,Pasta,Regular Pasta,350,g,,https://seoudisupermarket.com/en/delicia-masreya-pipe-pasta-350-g,In Stock,9/14/2026 18:35
1272,Seoudi Supermarket,Delicia Masreya Shells Pasta,Delicia Masreya,21.45,,EGP,Shells,Pasta,Regular Pasta,350,g,,https://seoudisupermarket.com/en/delicia-masreya-shells-pasta-350-g,In Stock,9/14/2026 18:35
1273,Seoudi Supermarket,Regina Pipe Pasta,Regina,30.75,,EGP,Pipe,Pasta,Regular Pasta,400,g,,https://seoudisupermarket.com/en/regina-pipe-pasta-400-g,In Stock,9/14/2026 18:35
1274,Seoudi Supermarket,Regina Fusilli Pasta,Regina,65.95,,EGP,Fusilli,Pasta,Regular Pasta,1,kg,,https://seoudisupermarket.com/en/regina-fusilli-pasta-1-kg,In Stock,9/14/2026 18:35
1275,Seoudi Supermarket,Regina Shells Pasta,Regina,65.95,,EGP,Shells,Pasta,Regular Pasta,1,kg,,https://seoudisupermarket.com/en/regina-shells-pasta-1-kg,In Stock,9/14/2026 18:35
1276,Seoudi Supermarket,Italiano Penne Pasta,Italiano,60,,EGP,Penne,Pasta,Regular Pasta,1,kg,,https://seoudisupermarket.com/en/italiano-penne-pasta-1-kg,In Stock,9/14/2026 18:35
1277,Seoudi Supermarket,Delicia Masreya Rings Pasta,Delicia Masreya,48.95,,EGP,Rings,Pasta,Regular Pasta,1,kg,,https://seoudisupermarket.com/en/delicia-masreya-rings-pasta-1-kg,In Stock,9/14/2026 18:35
1278,Seoudi Supermarket,Italiano Spaghetti Pasta,Italiano,60,,EGP,Spaghetti,Pasta,Regular Pasta,1,kg,,https://seoudisupermarket.com/en/italiano-spaghetti-pasta-1-kg,In Stock,9/14/2026 18:35
1279,Seoudi Supermarket,El Maleka Lasagna Pasta,El Maleka,30,,EGP,Lasagna,Pasta,Lasagna,400,g,,https://seoudisupermarket.com/en/el-maleka-lasagna-pasta-400-g,In Stock,9/14/2026 18:35
1280,Seoudi Supermarket,Delicia Masreya Small Rings Pasta,Delicia Masreya,48.95,,EGP,Rings,Pasta,Regular Pasta,1,kg,,https://seoudisupermarket.com/en/delicia-masreya-small-rings-pasta-1-kg,In Stock,9/14/2026 18:35
1281,Seoudi Supermarket,Delicia Masreya Vermicelli,Delicia Masreya,48.95,,EGP,Vermicelli,Pasta,Regular Pasta,1,kg,,https://seoudisupermarket.com/en/delicia-masreya-vermicelli-1-kg,In Stock,9/14/2026 18:35
1282,Seoudi Supermarket,Italiano Rings Pasta,Italiano,60,,EGP,Rings,Pasta,Regular Pasta,1,kg,,https://seoudisupermarket.com/en/italiano-rings-pasta-1-kg,In Stock,9/14/2026 18:35
1283,Seoudi Supermarket,Italiano Vermicelli,Italiano,60,,EGP,Vermicelli,Pasta,Regular Pasta,1,kg,,https://seoudisupermarket.com/en/italiano-vermicelli-1-kg,In Stock,9/14/2026 18:35
1284,Seoudi Supermarket,Italiano Small Rings Pasta,Italiano,60,,EGP,Rings,Pasta,Regular Pasta,1,kg,,https://seoudisupermarket.com/en/italiano-small-rings-pasta-1-kg,In Stock,9/14/2026 18:35
1285,Seoudi Supermarket,Hawaa Fettuccine Pasta,Hawaa,15.25,,EGP,Fettuccine,Pasta,Regular Pasta,400,g,,https://seoudisupermarket.com/en/hawaa-fettuccine-pasta-400-g,In Stock,9/14/2026 18:35
1286,Seoudi Supermarket,El Maleka Melouky Penne Pasta,El Maleka,15,,EGP,Penne,Pasta,Regular Pasta,400,g,,https://seoudisupermarket.com/en/el-maleka-melouky-penne-pasta-400-g,In Stock,9/14/2026 18:35
1287,Seoudi Supermarket,El Maleka Melouky Small Rings Pasta,El Maleka,15,,EGP,Rings,Pasta,Regular Pasta,400,g,,https://seoudisupermarket.com/en/el-maleka-melouky-small-rings-pasta-400-g,In Stock,9/14/2026 18:35
1288,Seoudi Supermarket,El Maleka Melouky Elbows Pasta,El Maleka,15,,EGP,Elbows,Pasta,Regular Pasta,400,g,,https://seoudisupermarket.com/en/el-maleka-melouky-elbows-pasta-400-g,In Stock,9/14/2026 18:35
1289,Seoudi Supermarket,El Maleka Melouky Big Rings Pasta,El Maleka,15,,EGP,Rings,Pasta,Regular Pasta,400,g,,https://seoudisupermarket.com/en/el-maleka-melouky-big-rings-pasta-400-g,In Stock,9/14/2026 18:35
1290,Seoudi Supermarket,Golden Mills Spaghetti Pasta,Golden Mills,67.45,,EGP,Spaghetti,Pasta,Regular Pasta,500,g,,https://seoudisupermarket.com/en/golden-mills-spaghetti-pasta-500-g,In Stock,9/14/2026 18:35
1291,Seoudi Supermarket,Golden Mills Fettuccine pasta,Golden Mills,67.45,,EGP,Fettuccine,Pasta,Regular Pasta,500,g,,https://seoudisupermarket.com/en/golden-mills-fettuccine-pasta-500-g,In Stock,9/14/2026 18:35
1292,Seoudi Supermarket,Golden Mills Penne Pasta,Golden Mills,67.45,,EGP,Penne,Pasta,Regular Pasta,500,g,,https://seoudisupermarket.com/en/golden-mills-penne-pasta-500-g,In Stock,9/14/2026 18:35
1293,Seoudi Supermarket,Golden Mills Fusilli Pasta,Golden Mills,67.45,,EGP,Fusilli,Pasta,Regular Pasta,500,g,,https://seoudisupermarket.com/en/golden-mills-fusilli-pasta-500-g,In Stock,9/14/2026 18:35
1294,Seoudi Supermarket,Al Doha Oat Pasta,Al Doha,84.95,,EGP,Oat Pasta,Pasta,Specialty Pasta,400,g,,https://seoudisupermarket.com/en/al-doha-oat-pasta-400-g,In Stock,9/14/2026 18:35
1295,Seoudi Supermarket,Al Doha Lentile Pasta,Al Doha,84.95,,EGP,Lentil Pasta,Pasta,Specialty Pasta,400,g,,https://seoudisupermarket.com/en/al-doha-lentil-pasta-400-g,In Stock,9/14/2026 18:35
1296,Seoudi Supermarket,Al Doha Vegetables Pasta,Al Doha,84.95,,EGP,Vegetable Pasta,Pasta,Specialty Pasta,400,g,,https://seoudisupermarket.com/en/al-doha-vegetables-pasta-400-g,In Stock,9/14/2026 18:35
1297,Seoudi Supermarket,Delicia Masreya Fusilli Pasta,Delicia Masreya,24.95,,EGP,Fusilli,Pasta,Regular Pasta,500,g,,https://seoudisupermarket.com/en/delicia-masreya-fusilli-pasta-500-g,In Stock,9/14/2026 18:35
1298,Seoudi Supermarket,Delicia Masreya Rings Pasta,Delicia Masreya,24.95,,EGP,Rings,Pasta,Regular Pasta,500,g,,https://seoudisupermarket.com/en/delicia-masreya-rings-pasta-500-g,In Stock,9/14/2026 18:35
1299,Seoudi Supermarket,Delicia Masreya Snails Pasta,Delicia Masreya,24.95,,EGP,Snails,Pasta,Regular Pasta,500,g,,https://seoudisupermarket.com/en/delicia-masreya-snails-pasta-500-g,In Stock,9/14/2026 18:35
1300,Seoudi Supermarket,Delicia Masreya Small Rings Pasta,Delicia Masreya,24.95,,EGP,Rings,Pasta,Regular Pasta,500,g,,https://seoudisupermarket.com/en/delicia-masreya-small-rings-pasta-500-g,In Stock,9/14/2026 18:35
1301,Seoudi Supermarket,Al Doha Adventure Pasta,Al Doha,23.75,,EGP,Other Pasta,Pasta,Regular Pasta,250,g,,https://seoudisupermarket.com/en/al-doha-adventure-pasta-250-g,In Stock,9/14/2026 18:35
1302,Seoudi Supermarket,Al Doha Mini Chef Little Shells Pasta,Al Doha,23.75,,EGP,Shells,Pasta,Regular Pasta,250,g,,https://seoudisupermarket.com/en/al-doha-mini-chef-shells-pasta-250-g,In Stock,9/14/2026 18:35
1303,Seoudi Supermarket,Al Doha Farfalle Pasta,Al Doha,23.75,,EGP,Farfalle,Pasta,Regular Pasta,250,g,,https://seoudisupermarket.com/en/al-doha-farfalle-pasta-250-g,In Stock,9/14/2026 18:35
1304,Seoudi Supermarket,Al Doha Fairy Tale Pasta,Al Doha,23.75,,EGP,Other Pasta,Pasta,Regular Pasta,250,g,,https://seoudisupermarket.com/en/al-doha-fairy-tale-pasta-250-g,In Stock,9/14/2026 18:35
1305,Seoudi Supermarket,Hawaa Mini Penne Pasta,Hawaa,15.25,,EGP,Penne,Pasta,Regular Pasta,400,g,,https://seoudisupermarket.com/en/hawaa-mini-penne-pasta-400-g,In Stock,9/14/2026 18:35
1306,Seoudi Supermarket,Hawaa Shell Pasta,Hawaa,15.25,,EGP,Shells,Pasta,Regular Pasta,400,g,,https://seoudisupermarket.com/en/hawaa-shell-pasta-400-g,In Stock,9/14/2026 18:35
1307,Seoudi Supermarket,Hawaa Fusilli Pasta,Hawaa,15.25,,EGP,Fusilli,Pasta,Regular Pasta,400,g,,https://seoudisupermarket.com/en/hawaa-fusilli-pasta-400-g,In Stock,9/14/2026 18:35
1308,Seoudi Supermarket,Venecia Risoni,Venecia,20.45,,EGP,Risoni,Pasta,Regular Pasta,400,g,,https://seoudisupermarket.com/en/venecia-risoni-400-g,In Stock,9/14/2026 18:35
1309,Seoudi Supermarket,Venecia Small Rings Pasta,Venecia,20.45,,EGP,Rings,Pasta,Regular Pasta,400,g,,https://seoudisupermarket.com/en/venecia-small-rings-pasta-400-g,In Stock,9/14/2026 18:35
1310,Seoudi Supermarket,Venecia Spaghetti Pasta,Venecia,20.45,,EGP,Spaghetti,Pasta,Regular Pasta,400,g,,https://seoudisupermarket.com/en/venecia-spaghetti-pasta-400-g,In Stock,9/14/2026 18:35
1311,Seoudi Supermarket,Venecia Elbow Pasta,Venecia,20.45,,EGP,Elbows,Pasta,Regular Pasta,400,g,,https://seoudisupermarket.com/en/venecia-elbow-pasta-400-g,In Stock,9/14/2026 18:35
1312,Seoudi Supermarket,Venecia Vermicelli,Venecia,20.45,,EGP,Vermicelli,Pasta,Regular Pasta,400,g,,https://seoudisupermarket.com/en/venecia-vermicelli-400-g,In Stock,9/14/2026 18:35
1313,Seoudi Supermarket,El Maleka Penne Pasta,El Maleka,35,,EGP,Penne,Pasta,Regular Pasta,1,kg,,https://seoudisupermarket.com/en/el-maleka-penne-pasta-1-kg,In Stock,9/14/2026 18:35
1314,Seoudi Supermarket,El Maleka Big Rings Pasta,El Maleka,35,,EGP,Rings,Pasta,Regular Pasta,1,kg,,https://seoudisupermarket.com/en/el-maleka-big-rings-pasta-1-kg,In Stock,9/14/2026 18:35
1315,Seoudi Supermarket,Hawaa Penne Pasta,Hawaa,15.25,,EGP,Penne,Pasta,Regular Pasta,400,g,,https://seoudisupermarket.com/en/hawaa-penne-pasta-400-g,In Stock,9/14/2026 18:35
1316,Seoudi Supermarket,Hawaa Spaghetti Pasta,Hawaa,15.25,,EGP,Spaghetti,Pasta,Regular Pasta,400,g,,https://seoudisupermarket.com/en/hawaa-spaghetti-pasta-400-g,In Stock,9/14/2026 18:35
1317,Seoudi Supermarket,Hawaa Risoni,Hawaa,15.25,,EGP,Risoni,Pasta,Regular Pasta,400,g,,https://seoudisupermarket.com/en/hawaa-risoni-400-g,In Stock,9/14/2026 18:35
1318,Seoudi Supermarket,Italiano Serpentini Pasta,Italiano,27,,EGP,Other Pasta,Pasta,Regular Pasta,400,g,,https://seoudisupermarket.com/en/italiano-serpentini-pasta-400-g,In Stock,9/14/2026 18:35
1319,Seoudi Supermarket,Al Doha Big Rings Pasta,Al Doha,22.95,27.45,EGP,Rings,Pasta,Regular Pasta,400,g,16,https://seoudisupermarket.com/en/al-doha-big-rings-pasta-400-g,In Stock,9/14/2026 18:35
1320,Seoudi Supermarket,Al Doha Small Rings Pasta,Al Doha,22.95,27.45,EGP,Rings,Pasta,Regular Pasta,400,g,16,https://seoudisupermarket.com/en/al-doha-small-rings-pasta-400-g,In Stock,9/14/2026 18:35
1321,Seoudi Supermarket,Al Doha Fusilli Pasta,Al Doha,22.95,27.45,EGP,Fusilli,Pasta,Regular Pasta,400,g,16,https://seoudisupermarket.com/en/al-doha-fusilli-pasta-400-g,In Stock,9/14/2026 18:35
1322,Seoudi Supermarket,Lino Oat Fusilli Pasta,Lino,99.95,119.95,EGP,Fusilli,Pasta,Regular Pasta,400,g,17,https://seoudisupermarket.com/en/lino-oat-fusilli-pasta-400-g,In Stock,9/14/2026 18:35
1323,Seoudi Supermarket,Lino Oat Penne Pasta,Lino,99.95,119.95,EGP,Penne,Pasta,Regular Pasta,400,g,17,https://seoudisupermarket.com/en/lino-oat-penne-pasta-400-g,In Stock,9/14/2026 18:35
1324,Seoudi Supermarket,El Maleka Vermicelli,El Maleka,35,,EGP,Vermicelli,Pasta,Regular Pasta,1,kg,,https://seoudisupermarket.com/en/el-maleka-vermicelli-1-kg,In Stock,9/14/2026 18:35
1325,Seoudi Supermarket,El Maleka Spaghetti Pasta,El Maleka,35,,EGP,Spaghetti,Pasta,Regular Pasta,1,kg,,https://seoudisupermarket.com/en/el-maleka-spaghetti-pasta-1-kg,In Stock,9/14/2026 18:35
1326,Seoudi Supermarket,Regina Spagetti Pasta 1.6 mm,Regina,65.95,,EGP,Other Pasta,Pasta,Regular Pasta,1,kg,,https://seoudisupermarket.com/en/regina-spagetti-pasta-1-6-mm-1-kg,In Stock,9/14/2026 18:35
1327,Seoudi Supermarket,Regina Risoni,Regina,65.95,,EGP,Risoni,Pasta,Regular Pasta,1,kg,,https://seoudisupermarket.com/en/regina-risoni-1-kg,In Stock,9/14/2026 18:35
1328,Seoudi Supermarket,Regina Twist Pasta,Regina,30.75,,EGP,Twist,Pasta,Regular Pasta,400,g,,https://seoudisupermarket.com/en/regina-twist-pasta-400-g,In Stock,9/14/2026 18:35
1329,Seoudi Supermarket,Regina Big Rings Pasta,Regina,65.95,,EGP,Rings,Pasta,Regular Pasta,1,kg,,https://seoudisupermarket.com/en/regina-big-rings-pasta-1-kg,In Stock,9/14/2026 18:35
1330,Seoudi Supermarket,Regina Linguini Pasta,Regina,65.95,,EGP,Linguine,Pasta,Regular Pasta,1,kg,,https://seoudisupermarket.com/en/regina-linguini-pasta-1-kg,In Stock,9/14/2026 18:35
1331,Seoudi Supermarket,Regina Vermicelli,Regina,65.95,,EGP,Vermicelli,Pasta,Regular Pasta,1,kg,,https://seoudisupermarket.com/en/regina-vermicelli-1-kg,In Stock,9/14/2026 18:35
1332,Seoudi Supermarket,Regina Penne Pasta,Regina,65.95,,EGP,Penne,Pasta,Regular Pasta,1,kg,,https://seoudisupermarket.com/en/regina-penne-pasta-1-kg,In Stock,9/14/2026 18:35
1333,Seoudi Supermarket,Regina Snails Pasta,Regina,30.75,,EGP,Snails,Pasta,Regular Pasta,400,g,,https://seoudisupermarket.com/en/regina-snails-pasta-400-g,In Stock,9/14/2026 18:35
1334,Seoudi Supermarket,Regina Lasagna Pasta,Regina,67.45,,EGP,Lasagna,Pasta,Lasagna,500,g,,https://seoudisupermarket.com/en/regina-lasagna-pasta-500-g,In Stock,9/14/2026 18:35
1335,Seoudi Supermarket,Regina Small Rings Pasta,Regina,65.95,,EGP,Rings,Pasta,Regular Pasta,1,kg,,https://seoudisupermarket.com/en/regina-small-rings-pasta-1-kg,In Stock,9/14/2026 18:35
1336,Seoudi Supermarket,Regina Macaroni Pasta,Regina,30.75,,EGP,Other Pasta,Pasta,Regular Pasta,400,g,,https://seoudisupermarket.com/en/regina-macaroni-pasta-400-g,In Stock,9/14/2026 18:35
1337,Seoudi Supermarket,Regina Shells Pasta,Regina,30.75,,EGP,Shells,Pasta,Regular Pasta,400,g,,https://seoudisupermarket.com/en/regina-shells-pasta-400-g,In Stock,9/14/2026 18:35
1338,Seoudi Supermarket,Regina Big Elbows Pasta,Regina,30.75,,EGP,Elbows,Pasta,Regular Pasta,400,g,,https://seoudisupermarket.com/en/regina-big-elbows-pasta-400-g,Out of Stock,9/14/2026 18:35
1339,Seoudi Supermarket,"Delicia Masreya Vermicelli, 1mm",Delicia Masreya,21.45,,EGP,Vermicelli,Pasta,Regular Pasta,350,g,,https://seoudisupermarket.com/en/delicia-masreya-vermicelli-1mm-350-g,In Stock,9/14/2026 18:35
1340,Seoudi Supermarket,Delicia Masreya Big Rings Pasta,Delicia Masreya,21.45,,EGP,Rings,Pasta,Regular Pasta,350,g,,https://seoudisupermarket.com/en/delicia-masreya-big-rings-pasta-350-g,In Stock,9/14/2026 18:35
1341,Seoudi Supermarket,Delicia Masreya Penne Pasta 10m,Delicia Masreya,21.45,,EGP,Penne,Pasta,Regular Pasta,350,g,,https://seoudisupermarket.com/en/delicia-masreya-penne-pasta-350-g,In Stock,9/14/2026 18:35
1342,Seoudi Supermarket,Delicia Masreya Small Rings Pasta,Delicia Masreya,21.45,,EGP,Rings,Pasta,Regular Pasta,350,g,,https://seoudisupermarket.com/en/delicia-masreya-small-rings-pasta-350-g,In Stock,9/14/2026 18:35
1343,Seoudi Supermarket,Organic Nation Oat Fusilli Pasta,,109.95,,EGP,Fusilli,Pasta,Regular Pasta,400,g,,https://seoudisupermarket.com/en/organic-nation-oat-fusilli-pasta-400-g,Out of Stock,9/14/2026 18:35
1344,Seoudi Supermarket,De Cecco Potato Pasta,De Cecco,169.95,,EGP,Other Pasta,Pasta,Regular Pasta,500,g,,https://seoudisupermarket.com/en/de-cecco-potato-pasta-500-g,Out of Stock,9/14/2026 18:35
1345,Seoudi Supermarket,Bertagni Triangoli Mushroom & Truffle Pasta,,294.95,,EGP,Other Pasta,Pasta,Regular Pasta,250,g,,https://seoudisupermarket.com/en/bertagni-triangoli-mushroom-truffle-pasta-250-g,Out of Stock,9/14/2026 18:35
1346,Seoudi Supermarket,Granoro Dedicato Mezzi Paccheri Pasta,Granoro,141.45,,EGP,Other Pasta,Pasta,Regular Pasta,500,g,,https://seoudisupermarket.com/en/%D8%AC%D8%B1%D8%A7%D9%86%D9%88%D8%B1%D9%88-%D9%85%D9%83%D8%B1%D9%88%D9%86%D8%A9-%D8%A8%D8%A7%D8%AA%D8%B4%D9%8A%D8%B1%D9%89-500%D8%AC%D9%85,Out of Stock,9/14/2026 18:35
1347,Seoudi Supermarket,Barilla Risoni Pasta,Barilla,174.95,,EGP,Risoni,Pasta,Regular Pasta,500,g,,https://seoudisupermarket.com/en/barilla-risoni-pasta-500-g,Out of Stock,9/14/2026 18:35
1348,Seoudi Supermarket,La Fabbrica Della Straccetti Pasta,La Fabbrica Della,539.95,,EGP,Other Pasta,Pasta,Regular Pasta,500,g,,https://seoudisupermarket.com/en/la-fabbrica-della-straccetti-pasta-500-g,Out of Stock,9/14/2026 18:35
1349,Seoudi Supermarket,La Fabbrica Della Rigatoni Pasta,La Fabbrica Della,539.95,,EGP,Rigatoni,Pasta,Regular Pasta,500,g,,https://seoudisupermarket.com/en/la-fabbrica-della-rigatoni-pasta-500-g,Out of Stock,9/14/2026 18:35
1350,Seoudi Supermarket,La Fabbrica Della Miez Paccheri Rigati Pasta,La Fabbrica Della,482.95,,EGP,Other Pasta,Pasta,Regular Pasta,500,g,,https://seoudisupermarket.com/en/la-fabbrica-della-miez-paccheri-rigati-pasta-500-g,Out of Stock,9/14/2026 18:35
1351,Seoudi Supermarket,La Fabbrica Della Elicopenne Pasta,La Fabbrica Della,539.95,,EGP,Penne,Pasta,Regular Pasta,500,g,,https://seoudisupermarket.com/en/la-fabbrica-della-elicopenne-pasta-500-g,Out of Stock,9/14/2026 18:35
1352,Seoudi Supermarket,La Fabbrica Della Linguine Pasta,La Fabbrica Della,482.95,,EGP,Linguine,Pasta,Regular Pasta,500,g,,https://seoudisupermarket.com/en/la-fabbrica-della-linguine-pasta-500-g,Out of Stock,9/14/2026 18:35
1353,Seoudi Supermarket,La Fabbrica Della Spaghetti Pasta,La Fabbrica Della,482.95,,EGP,Spaghetti,Pasta,Regular Pasta,500,g,,https://seoudisupermarket.com/en/la-fabbrica-della-spaghetti-pasta-500-g,Out of Stock,9/14/2026 18:35
1354,Seoudi Supermarket,Armando Colored Oven Pasta,Armando,189.95,,EGP,Other Pasta,Pasta,Regular Pasta,500,g,,https://seoudisupermarket.com/en/armando-colored-oven-pasta-500-g,Out of Stock,9/14/2026 18:35
1355,Seoudi Supermarket,Armando Colored Farfalle Pasta,Armando,179.95,,EGP,Farfalle,Pasta,Regular Pasta,500,g,,https://seoudisupermarket.com/en/armando-colored-farfalle-pasta-500-g,Out of Stock,9/14/2026 18:35
1356,Seoudi Supermarket,Armando Colored Fusilli Pasta,Armando,179.95,,EGP,Fusilli,Pasta,Regular Pasta,500,g,,https://seoudisupermarket.com/en/armando-colored-fusilli-pasta-500-g,Out of Stock,9/14/2026 18:35
1357,Seoudi Supermarket,Armando Organic Fusilli Pasta,Armando,189.95,,EGP,Fusilli,Pasta,Regular Pasta,500,g,,https://seoudisupermarket.com/en/armando-organic-fusilli-pasta-500-g,Out of Stock,9/14/2026 18:35
1358,Seoudi Supermarket,Armando Lumaconi Pasta,Armando,179.95,,EGP,Other Pasta,Pasta,Regular Pasta,500,g,,https://seoudisupermarket.com/en/armando-lumaconi-pasta-500-g,Out of Stock,9/14/2026 18:35
1359,Seoudi Supermarket,Armando Rigatoni Pasta,Armando,169.95,,EGP,Rigatoni,Pasta,Regular Pasta,500,g,,https://seoudisupermarket.com/en/armando-rigatoni-pasta-500-g,Out of Stock,9/14/2026 18:35
1360,Seoudi Supermarket,Armando Rigata Oven Pasta,Armando,159.95,,EGP,Other Pasta,Pasta,Regular Pasta,500,g,,https://seoudisupermarket.com/en/armando-rigata-oven-pasta-500-g,Out of Stock,9/14/2026 18:35
1361,Seoudi Supermarket,Armando Organic Spaghetti No.2,Armando,164.95,,EGP,Spaghetti,Pasta,Regular Pasta,500,g,,https://seoudisupermarket.com/en/armando-organic-spaghetti-no-2-500-g,Out of Stock,9/14/2026 18:35
1362,Seoudi Supermarket,Armando Organic Spaghetti Pasta,Armando,189.95,,EGP,Spaghetti,Pasta,Regular Pasta,500,g,,https://seoudisupermarket.com/en/armando-organic-spaghetti-pasta-500-g,Out of Stock,9/14/2026 18:35
1363,Seoudi Supermarket,Armando Organic Oven Pasta,Armando,189.95,,EGP,Other Pasta,Pasta,Regular Pasta,500,g,,https://seoudisupermarket.com/en/armando-organic-oven-pasta-500-g,Out of Stock,9/14/2026 18:35
1364,Seoudi Supermarket,Armando Organic Farfalle Pasta,Armando,189.95,,EGP,Farfalle,Pasta,Regular Pasta,500,g,,https://seoudisupermarket.com/en/armando-organic-farfalle-pasta-500-g,Out of Stock,9/14/2026 18:35
1365,Seoudi Supermarket,Venecia Lasagna Pasta,Venecia,35.75,,EGP,Lasagna,Pasta,Lasagna,400,g,,https://seoudisupermarket.com/en/venecia-lasagna-pasta-400-g,Out of Stock,9/14/2026 18:35
1366,Seoudi Supermarket,Venecia Ribbon Pasta,Venecia,49.95,,EGP,Other Pasta,Pasta,Regular Pasta,1,kg,,https://seoudisupermarket.com/en/venecia-ribbon-pasta-1-kg,Out of Stock,9/14/2026 18:35
1367,Seoudi Supermarket,Venecia Shell Pasta,Venecia,49.95,,EGP,Shells,Pasta,Regular Pasta,1,kg,,https://seoudisupermarket.com/en/venecia-shell-pasta-1-kg,Out of Stock,9/14/2026 18:35
1368,Seoudi Supermarket,Venecia Fusilli Pasta,Venecia,49.95,,EGP,Fusilli,Pasta,Regular Pasta,1,kg,,https://seoudisupermarket.com/en/venecia-fusilli-pasta-1-kg,Out of Stock,9/14/2026 18:35
1369,Seoudi Supermarket,Venecia Vermicelli,Venecia,49.95,,EGP,Vermicelli,Pasta,Regular Pasta,1,kg,,https://seoudisupermarket.com/en/venecia-vermicelli-1-kg,Out of Stock,9/14/2026 18:35
1370,Seoudi Supermarket,Venecia Crescent Pasta,Venecia,49.95,,EGP,Other Pasta,Pasta,Regular Pasta,1,kg,,https://seoudisupermarket.com/en/venecia-crescent-pasta-1-kg,Out of Stock,9/14/2026 18:35
1371,Seoudi Supermarket,Venecia Rings Pasta,Venecia,49.95,,EGP,Rings,Pasta,Regular Pasta,1,kg,,https://seoudisupermarket.com/en/venecia-rings-pasta-1-kg,Out of Stock,9/14/2026 18:35
1372,Seoudi Supermarket,Venecia Penne Pasta,Venecia,49.95,,EGP,Penne,Pasta,Regular Pasta,1,kg,,https://seoudisupermarket.com/en/venecia-penne-pasta-1-kg,Out of Stock,9/14/2026 18:35
1373,Seoudi Supermarket,Venecia Spaghetti Pasta,Venecia,49.95,,EGP,Spaghetti,Pasta,Regular Pasta,1,kg,,https://seoudisupermarket.com/en/venecia-spaghetti-pasta-1-kg,Out of Stock,9/14/2026 18:35
1374,Seoudi Supermarket,Lametna Fusilli Pasta,Lametna,26.95,,EGP,Fusilli,Pasta,Regular Pasta,1,kg,,https://seoudisupermarket.com/en/lametna-fusilli-pasta-1-kg,Out of Stock,9/14/2026 18:35
1375,Seoudi Supermarket,Maltagliati Fettuccine Pasta,Maltagliati,204.95,,EGP,Fettuccine,Pasta,Regular Pasta,500,g,,https://seoudisupermarket.com/en/maltagliati-fettuccine-pasta-500-g,Out of Stock,9/14/2026 18:35
1376,Seoudi Supermarket,Bertagni Pasta with Eggplant & Tomato,Bertagni,270,,EGP,Other Pasta,Pasta,Regular Pasta,250,g,,https://seoudisupermarket.com/en/bertagni-pasta-with-eggplant-tomato-250-g,Out of Stock,9/14/2026 18:35
1377,Seoudi Supermarket,Bertagni Pasta with Pumpkin & Cheese,Bertagni,270,,EGP,Other Pasta,Pasta,Regular Pasta,250,g,,https://seoudisupermarket.com/en/bertagni-pasta-with-pumpkin-cheese-250-g,Out of Stock,9/14/2026 18:35
1378,Seoudi Supermarket,Bertagni Pasta with Egg & Black Pepper,Bertagni,294.95,,EGP,Other Pasta,Pasta,Regular Pasta,250,g,,https://seoudisupermarket.com/en/bertagni-pasta-with-egg-black-pepper-250-g,Out of Stock,9/14/2026 18:35
1379,Seoudi Supermarket,Bertagni Pasta with Goat Cheese & Onion,Bertagni,270,,EGP,Other Pasta,Pasta,Regular Pasta,250,g,,https://seoudisupermarket.com/en/bertagni-pasta-with-goat-cheese-onion-250-g,Out of Stock,9/14/2026 18:35
1380,Seoudi Supermarket,Bertagni Pasta with Tomato & Basil,Bertagni,294.95,,EGP,Other Pasta,Pasta,Regular Pasta,250,g,,https://seoudisupermarket.com/en/bertagni-pasta-with-tomato-basil-250-g,Out of Stock,9/14/2026 18:35
1381,Seoudi Supermarket,Bertagni Tortellini Pasta with Mushroom,Bertagni,294.95,,EGP,Other Pasta,Pasta,Regular Pasta,250,g,,https://seoudisupermarket.com/en/bertagni-tortellini-pasta-with-mushroom-250-g,Out of Stock,9/14/2026 18:35
1382,Seoudi Supermarket,Bertagni Pasta with Ricotta & Spinach,Bertagni,294.95,,EGP,Other Pasta,Pasta,Regular Pasta,250,g,,https://seoudisupermarket.com/en/bertagni-pasta-with-ricotta-spinach-250-g,Out of Stock,9/14/2026 18:35
1383,Seoudi Supermarket,Pastazara Conchiglie Pasta,Pastazara,123.45,,EGP,Other Pasta,Pasta,Regular Pasta,500,g,,https://seoudisupermarket.com/en/pastazara-conchiglie-pasta-500-g,Out of Stock,9/14/2026 18:35
1384,Seoudi Supermarket,Pastazara Penne Pasta N.60,Pastazara,123.45,,EGP,Penne,Pasta,Regular Pasta,500,g,,https://seoudisupermarket.com/en/pastazara-penne-pasta-n-60-500-g,Out of Stock,9/14/2026 18:35
1385,Seoudi Supermarket,"Barilla Penne Rigate Pasta, N.73",Barilla,174.95,,EGP,Penne,Pasta,Regular Pasta,500,g,,https://seoudisupermarket.com/en/barilla-penne-rigate-pasta-n-73-500-g,Out of Stock,9/14/2026 18:35
1386,Seoudi Supermarket,Pastazara Penne Rigata N.45,Pastazara,123.45,,EGP,Penne,Pasta,Regular Pasta,500,g,,https://seoudisupermarket.com/en/pastazara-penne-rigata-n-45-500-g,Out of Stock,9/14/2026 18:35
1387,Seoudi Supermarket,Pastazara Penne Rigate Pasta N.49,Pastazara,123.45,,EGP,Penne,Pasta,Regular Pasta,500,g,,https://seoudisupermarket.com/en/pastazara-penne-rigate-pasta-n-49-500-g,Out of Stock,9/14/2026 18:35
1388,Seoudi Supermarket,Pastazara Penne Rigate Pasta N.50,Pastazara,123.45,,EGP,Penne,Pasta,Regular Pasta,500,g,,https://seoudisupermarket.com/en/pastazara-penne-rigate-pasta-n-50-500-g,Out of Stock,9/14/2026 18:35
1389,Seoudi Supermarket,Schar Penne Pasta,Schär,179.95,,EGP,Penne,Pasta,Regular Pasta,250,g,,https://seoudisupermarket.com/en/schar-penne-pasta-250-g,Out of Stock,9/14/2026 18:35
1390,Seoudi Supermarket,Agnesi Penne Rigate Pasta,Agnesi,179.95,,EGP,Penne,Pasta,Regular Pasta,500,g,,https://seoudisupermarket.com/en/agnesi-penne-rigate-pasta-500-g,Out of Stock,9/14/2026 18:35
1391,Seoudi Supermarket,Garofalo Penne Pasta,Garofalo,144.95,,EGP,Penne,Pasta,Regular Pasta,500,g,,https://seoudisupermarket.com/en/garofalo-penne-pasta-500-g,Out of Stock,9/14/2026 18:35
1392,Seoudi Supermarket,Riscossa Brown Penne Pasta,Riscossa,209.95,,EGP,Penne,Pasta,Regular Pasta,500,g,,https://seoudisupermarket.com/en/riscossa-brown-penne-pasta-500-g,Out of Stock,9/14/2026 18:35
1393,Seoudi Supermarket,Riscossa Gluten Free Penne Pasta N.27,Riscossa,454.95,,EGP,Gluten-Free Pasta,Pasta,Specialty Pasta,340,g,,https://seoudisupermarket.com/en/riscossa-gluten-free-penne-pasta-n-27-340-g,Out of Stock,9/14/2026 18:35
1394,Seoudi Supermarket,Riscossa Penne Pasta N.27,Riscossa,174.95,,EGP,Penne,Pasta,Regular Pasta,500,g,,https://seoudisupermarket.com/en/riscossa-penne-pasta-n-27-500-g,Out of Stock,9/14/2026 18:35
1395,Seoudi Supermarket,Agnesi Penne Pasta,Agnesi,179.95,,EGP,Penne,Pasta,Regular Pasta,500,g,,https://seoudisupermarket.com/en/agnesi-penne-pasta-500-g,Out of Stock,9/14/2026 18:35
1396,Seoudi Supermarket,Pastazara Spaghetti Pasta N.1,Pastazara,119.95,,EGP,Spaghetti,Pasta,Regular Pasta,500,g,,https://seoudisupermarket.com/en/pastazara-spaghetti-pasta-n-1-500-g,Out of Stock,9/14/2026 18:35
1397,Seoudi Supermarket,Pastazara Spaghetti Pasta N.3,Pastazara,109.95,,EGP,Spaghetti,Pasta,Regular Pasta,500,g,,https://seoudisupermarket.com/en/pastazara-spaghetti-pasta-n-3-500-g,Out of Stock,9/14/2026 18:35
1398,Seoudi Supermarket,Pastazara Spaghetti Pasta N.4,Pastazara,109.95,,EGP,Spaghetti,Pasta,Regular Pasta,500,g,,https://seoudisupermarket.com/en/pastazara-spaghetti-pasta-n-4-500-g,Out of Stock,9/14/2026 18:35
1399,Seoudi Supermarket,Barilla Spaghetti Pasta N.5,Barilla,174.95,,EGP,Spaghetti,Pasta,Regular Pasta,500,g,,https://seoudisupermarket.com/en/barilla-spaghetti-pasta-n-5-500-g,Out of Stock,9/14/2026 18:35
1400,Seoudi Supermarket,Ankara Spaghetti Pasta,Ankara,34.95,37.95,EGP,Spaghetti,Pasta,Regular Pasta,400,g,8,https://seoudisupermarket.com/en/ankara-spaghetti-pasta-400-g,Out of Stock,9/14/2026 18:35
1401,Seoudi Supermarket,Pastazara Spaghetti Pasta N.2,Pastazara,109.95,,EGP,Spaghetti,Pasta,Regular Pasta,500,g,,https://seoudisupermarket.com/en/pastazara-spaghetti-pasta-n-2-500-g,Out of Stock,9/14/2026 18:35
1402,Seoudi Supermarket,Schar Spaghetti Pasta,Schär,184.95,,EGP,Spaghetti,Pasta,Regular Pasta,250,g,,https://seoudisupermarket.com/en/schar-spaghetti-pasta-250-g,Out of Stock,9/14/2026 18:35
1403,Seoudi Supermarket,Garofalo Spaghetti Pasta N.4,Garofalo,144.95,,EGP,Spaghetti,Pasta,Regular Pasta,500,g,,https://seoudisupermarket.com/en/garofalo-spaghetti-pasta-n-4-500-g,Out of Stock,9/14/2026 18:35
1404,Seoudi Supermarket,Garofalo Spaghetti Pasta N.9,Garofalo,144.95,,EGP,Spaghetti,Pasta,Regular Pasta,500,g,,https://seoudisupermarket.com/en/garofalo-spaghetti-pasta-n-9-500-g,Out of Stock,9/14/2026 18:35
1405,Seoudi Supermarket,Riscossa Brown Spaghetti Pasta,Riscossa,214.95,,EGP,Spaghetti,Pasta,Regular Pasta,500,g,,https://seoudisupermarket.com/en/riscossa-brown-spaghetti-pasta-500-g,Out of Stock,9/14/2026 18:35
1406,Seoudi Supermarket,Pastazara Lasagna,Pastazara,218.95,,EGP,Lasagna,Pasta,Lasagna,500,g,,https://seoudisupermarket.com/en/pastazara-lasagna-500-g,Out of Stock,9/14/2026 18:35
1407,Seoudi Supermarket,Agnesi Semolina Lasagna,Agnesi,229.95,,EGP,Lasagna,Pasta,Lasagna,500,g,,https://seoudisupermarket.com/en/agnesi-semolina-lasagna-500-g,Out of Stock,9/14/2026 18:35
1408,Seoudi Supermarket,Riscossa Lasagna,Riscossa,259.95,,EGP,Lasagna,Pasta,Lasagna,500,g,,https://seoudisupermarket.com/en/riscossa-lasagna-500-g,Out of Stock,9/14/2026 18:35
1409,Seoudi Supermarket,Garofalo Lasagna,Garofalo,199.95,,EGP,Lasagna,Pasta,Lasagna,500,g,,https://seoudisupermarket.com/en/garofalo-lasagna-500-g,Out of Stock,9/14/2026 18:35
1410,Seoudi Supermarket,Garofalo Fusilli Tricolor Pasta,Garofalo,154.95,,EGP,Fusilli,Pasta,Regular Pasta,500,g,,https://seoudisupermarket.com/en/garofalo-fusilli-tricolor-pasta-500-g,Out of Stock,9/14/2026 18:35
1411,Seoudi Supermarket,Pastazara Fusilli Pasta N.57,Pastazara,123.45,,EGP,Fusilli,Pasta,Regular Pasta,500,g,,https://seoudisupermarket.com/en/pastazara-fusilli-pasta-57-500-g,Out of Stock,9/14/2026 18:35
1412,Seoudi Supermarket,Pastazara Fusilli Pasta N.573,Pastazara,167.95,,EGP,Fusilli,Pasta,Regular Pasta,500,g,,https://seoudisupermarket.com/en/pastazara-fusilli-pasta-n-573-500-g,Out of Stock,9/14/2026 18:35
1413,Seoudi Supermarket,Agnesi Fusilli Pasta,Agnesi,179.95,,EGP,Fusilli,Pasta,Regular Pasta,500,g,,https://seoudisupermarket.com/en/agnesi-fusilli-pasta-500-g,Out of Stock,9/14/2026 18:35
1414,Seoudi Supermarket,Barilla Fusilli Pasta,Barilla,174.95,,EGP,Fusilli,Pasta,Regular Pasta,500,g,,https://seoudisupermarket.com/en/barilla-fusilli-pasta-500-g,Out of Stock,9/14/2026 18:35
1415,Seoudi Supermarket,Schar Fusilli Pasta,Schär,179.95,,EGP,Fusilli,Pasta,Regular Pasta,250,g,,https://seoudisupermarket.com/en/schar-fusilli-pasta-250-g,Out of Stock,9/14/2026 18:35
1416,Seoudi Supermarket,Garofalo Fusilli Pasta,Garofalo,144.95,,EGP,Fusilli,Pasta,Regular Pasta,500,g,,https://seoudisupermarket.com/en/garofalo-fusilli-pasta-500-g,Out of Stock,9/14/2026 18:35
1417,Seoudi Supermarket,Agnesi Farfalle Pasta N46,Agnesi,179.95,,EGP,Farfalle,Pasta,Regular Pasta,500,g,,https://seoudisupermarket.com/en/agnesi-farfalle-pasta-n46-500-g,Out of Stock,9/14/2026 18:35
1418,Seoudi Supermarket,Pastazara Farfalle N.31,Pastazara,123.45,,EGP,Farfalle,Pasta,Regular Pasta,500,g,,https://seoudisupermarket.com/en/pastazara-farfalle-n-31-500-g,Out of Stock,9/14/2026 18:35
1419,Seoudi Supermarket,Garofalo Farfalle Pasta,Garofalo,144.95,,EGP,Farfalle,Pasta,Regular Pasta,500,g,,https://seoudisupermarket.com/en/garofalo-farfalle-pasta-500-g,Out of Stock,9/14/2026 18:35
1420,Seoudi Supermarket,Pastazara Risoni N.22,Pastazara,129.95,,EGP,Risoni,Pasta,Regular Pasta,500,g,,https://seoudisupermarket.com/en/pastazara-risoni-n-22-500-g,Out of Stock,9/14/2026 18:35
1421,Seoudi Supermarket,Pastazara Shells Pasta N.56,Pastazara,123.45,,EGP,Shells,Pasta,Regular Pasta,500,g,,https://seoudisupermarket.com/en/pastazara-shells-pasta-n-56-500-g,Out of Stock,9/14/2026 18:35
1422,Seoudi Supermarket,Pastazara Rigatoni N.43,Pastazara,123.45,,EGP,Rigatoni,Pasta,Regular Pasta,500,g,,https://seoudisupermarket.com/en/pastazara-rigatoni-n-43-500-g,Out of Stock,9/14/2026 18:35
1423,Seoudi Supermarket,Pastazara Tagliatelle Pasta N.13,Pastazara,123.45,,EGP,Other Pasta,Pasta,Regular Pasta,500,g,,https://seoudisupermarket.com/en/pastazara-tagliatelle-pasta-n-13-500-g,Out of Stock,9/14/2026 18:35
1424,Seoudi Supermarket,Agnesi Cannelloni,Agnesi,179.95,,EGP,Cannelloni,Pasta,Filled / Tube Pasta,250,g,,https://seoudisupermarket.com/en/agnesi-cannelloni-250-g,Out of Stock,9/14/2026 18:35
1425,Seoudi Supermarket,Agnesi Linguine Pasta Number 10,Agnesi,179.95,,EGP,Linguine,Pasta,Regular Pasta,500,g,,https://seoudisupermarket.com/en/agnesi-linguine-pasta-number-10-500-g,Out of Stock,9/14/2026 18:35
1426,Seoudi Supermarket,Garofalo Rigatoni Pasta,Garofalo,144.95,,EGP,Rigatoni,Pasta,Regular Pasta,500,g,,https://seoudisupermarket.com/en/garofalo-rigatoni-pasta-500-g,Out of Stock,9/14/2026 18:35
1427,Seoudi Supermarket,Agnesi Rigatoni Pasta,Agnesi,179.95,,EGP,Rigatoni,Pasta,Regular Pasta,500,g,,https://seoudisupermarket.com/en/agnesi-rigatoni-pasta-500-g,Out of Stock,9/14/2026 18:35
1428,Seoudi Supermarket,Garofalo Tagliatelle Pasta,Garofalo,159.95,,EGP,Other Pasta,Pasta,Regular Pasta,500,g,,https://seoudisupermarket.com/en/garofalo-tagliatelle-pasta-500-g,Out of Stock,9/14/2026 18:35
1429,Seoudi Supermarket,Agnesi Fettuccine Pasta,Agnesi,179.95,,EGP,Fettuccine,Pasta,Regular Pasta,500,g,,https://seoudisupermarket.com/en/agnesi-fettuccine-pasta-500-g,Out of Stock,9/14/2026 18:35
1430,Seoudi Supermarket,Garofalo Fettucce Pasta,Garofalo,144.95,,EGP,Other Pasta,Pasta,Regular Pasta,500,g,,https://seoudisupermarket.com/en/garofalo-fettucce-pasta-500-g,Out of Stock,9/14/2026 18:35
1431,Seoudi Supermarket,Garofalo Linguine Pasta,Garofalo,144.95,,EGP,Linguine,Pasta,Regular Pasta,500,g,,https://seoudisupermarket.com/en/garofalo-linguine-pasta-500-g,Out of Stock,9/14/2026 18:35
1432,Seoudi Supermarket,De Cecco Fettuccine Pasta,De Cecco,174.95,,EGP,Fettuccine,Pasta,Regular Pasta,500,g,,https://seoudisupermarket.com/en/de-cecco-fettuccine-pasta-500-g,Out of Stock,9/14/2026 18:35
1433,Seoudi Supermarket,De Cecco Pappardelle Pasta,De Cecco,174.95,,EGP,Other Pasta,Pasta,Regular Pasta,500,g,,https://seoudisupermarket.com/en/de-cecco-pappardelle-pasta-500-g,Out of Stock,9/14/2026 18:35
1434,Seoudi Supermarket,Liguori Tagliatelle Pasta,Liguori,239.95,,EGP,Other Pasta,Pasta,Regular Pasta,500,g,,https://seoudisupermarket.com/en/liguori-tagliatelle-pasta-500-g,Out of Stock,9/14/2026 18:35
1435,Seoudi Supermarket,Liguori Chifferini Pasta,Liguori,187.95,,EGP,Other Pasta,Pasta,Regular Pasta,500,g,,https://seoudisupermarket.com/en/liguori-chifferini-pasta-500-g,Out of Stock,9/14/2026 18:35
1436,Seoudi Supermarket,Maltagliati Linguine Pasta,Maltagliati,139.95,,EGP,Linguine,Pasta,Regular Pasta,500,g,,https://seoudisupermarket.com/en/maltagliati-linguine-pasta-500-g,Out of Stock,9/14/2026 18:35
1437,Seoudi Supermarket,Granoro Farfalloni Pasta,Granoro,128.95,,EGP,Other Pasta,Pasta,Regular Pasta,500,g,,https://seoudisupermarket.com/en/granoro-farfalloni-pasta-500-g,Out of Stock,9/14/2026 18:35
1438,Seoudi Supermarket,Golden Breeze Mac & Cheese Smoked Cheese Pasta,Golden Breeze,79.95,,EGP,Mac & Cheese,Pasta,Ready Meal / Instant Pasta,200,g,,https://seoudisupermarket.com/en/golden-breeze-mac-and-cheese-smoked-cheese-pasta-250-g,Out of Stock,9/14/2026 18:35
1439,Seoudi Supermarket,Golden Breeze Mac & Cheese Ranch Sauce Pasta,Golden Breeze,79.95,,EGP,Mac & Cheese,Pasta,Ready Meal / Instant Pasta,200,g,,https://seoudisupermarket.com/en/golden-breeze-mac-and-cheese-ranch-sauce-pasta-250-g,Out of Stock,9/14/2026 18:35
1440,Seoudi Supermarket,Golden Breeze Mac & Cheese Sour Cream Pasta,Golden Breeze,79.95,,EGP,Mac & Cheese,Pasta,Ready Meal / Instant Pasta,200,g,,https://seoudisupermarket.com/en/golden-breeze-mac-and-cheese-sour-cream-pasta-250-g,Out of Stock,9/14/2026 18:35
1441,Seoudi Supermarket,Golden Breeze Mac & Cheese Four Cheese Pasta,Golden Breeze,79.95,,EGP,Mac & Cheese,Pasta,Ready Meal / Instant Pasta,200,g,,https://seoudisupermarket.com/en/golden-breeze-mac-and-cheese-four-cheese-pasta-250-g,Out of Stock,9/14/2026 18:35
1442,Seoudi Supermarket,Granoro Rigatoni Pasta,Granoro,116.95,,EGP,Rigatoni,Pasta,Regular Pasta,500,g,,https://seoudisupermarket.com/en/granoro-rigatoni-pasta-500-g,Out of Stock,9/14/2026 18:35
1443,Seoudi Supermarket,Garofalo Gluten - Free Spaghetti,Garofalo,244.95,,EGP,Spaghetti,Pasta,Regular Pasta,400,g,,https://seoudisupermarket.com/en/garofalo-gluten-free-spaghetti-400-g,Out of Stock,9/14/2026 18:35
1444,Seoudi Supermarket,Liguori Gluten Free Penne Rigate,Liguori,279.95,,EGP,Gluten-Free Pasta,Pasta,Specialty Pasta,400,g,,https://seoudisupermarket.com/en/liguori-gluten-free-penne-rigate-400-g,Out of Stock,9/14/2026 18:35
1445,Seoudi Supermarket,Lino Gluten - Free Oat Shells Pasta,Lino,69.95,84.95,EGP,Shells,Pasta,Regular Pasta,250,g,18,https://seoudisupermarket.com/en/lino-gluten-free-oat-rings-pasta-shells-250%E2%80%AFg,Out of Stock,9/14/2026 18:35
1446,Seoudi Supermarket,Pastazara Cannelloni Pasta,Pastazara,129.95,,EGP,Cannelloni,Pasta,Filled / Tube Pasta,250,g,,https://seoudisupermarket.com/en/pastazara-cannelloni-pasta-250-g,Out of Stock,9/14/2026 18:35
1447,Seoudi Supermarket,Batchelors Instant Mac and Cheese Pasta,Batchelors,154.95,,EGP,Mac & Cheese,Pasta,Ready Meal / Instant Pasta,99,g,,https://seoudisupermarket.com/en/batchelors-instant-mac-and-cheese-pasta-99-g,Out of Stock,9/14/2026 18:35
1448,Seoudi Supermarket,"Batchelors Instant Tomato, Onion & Herbs Pasta",Batchelors,154.95,,EGP,Other Pasta,Pasta,Regular Pasta,99,g,,https://seoudisupermarket.com/en/batchelors-instant-tomato-onion-and-herbs-pasta-99-g,Out of Stock,9/14/2026 18:35
1449,Seoudi Supermarket,Batchelors Instant Chicken & Mushroom Pasta,Batchelors,159.95,,EGP,Other Pasta,Pasta,Regular Pasta,99,g,,https://seoudisupermarket.com/en/batchelors-instant-chicken-and-mushroom-pasta-99-g,Out of Stock,9/14/2026 18:35
1450,Seoudi Supermarket,Maltagliati Rigatoni Pasta,Maltagliati,139.95,,EGP,Rigatoni,Pasta,Regular Pasta,500,g,,https://seoudisupermarket.com/en/maltagliati-rigatoni-pasta-500-g,Out of Stock,9/14/2026 18:35
1451,Seoudi Supermarket,Maltagliati Spaghetti Pasta,Maltagliati,139.95,,EGP,Spaghetti,Pasta,Regular Pasta,500,g,,https://seoudisupermarket.com/en/maltagliati-spaghetti-pasta-500-g,Out of Stock,9/14/2026 18:35
1452,Seoudi Supermarket,Garofalo Cannelloni Pasta,Garofalo,144.95,,EGP,Cannelloni,Pasta,Filled / Tube Pasta,250,g,,https://seoudisupermarket.com/en/garofalo-cannelloni-pasta-250-g,Out of Stock,9/14/2026 18:35
1453,Seoudi Supermarket,Kayy Oat Pasta with Pesto,Kayy,59.95,,EGP,Oat Pasta,Pasta,Specialty Pasta,300,g,,https://seoudisupermarket.com/en/kayy-oat-pasta-with-pesto-300-g,Out of Stock,9/14/2026 18:35
1454,Seoudi Supermarket,Lino Gluten - Free Oat Pasta Risoni,Lino,69.95,84.95,EGP,Oat Pasta,Pasta,Specialty Pasta,250,g,18,https://seoudisupermarket.com/en/lino-gluten-free-oat-pasta-risoni-250-g,Out of Stock,9/14/2026 18:36
1455,Seoudi Supermarket,Lino Gluten - Free Oat Pasta Large Rings,Lino,69.95,84.95,EGP,Oat Pasta,Pasta,Specialty Pasta,250,g,18,https://seoudisupermarket.com/en/lino-gluten-free-oat-pasta-large-rings-250-g,Out of Stock,9/14/2026 18:36
1456,Seoudi Supermarket,Lino Oat Penne Pasta,Lino,69.95,84.95,EGP,Penne,Pasta,Regular Pasta,250,g,18,https://seoudisupermarket.com/en/lino-oat-penne-pasta-250-g,Out of Stock,9/14/2026 18:36
1457,Seoudi Supermarket,Wasaya Risoni Pasta,Wasaya,9.95,,EGP,Risoni,Pasta,Regular Pasta,300,g,,https://seoudisupermarket.com/en/wasaya-risoni-pasta-300-g,Out of Stock,9/14/2026 18:36
1458,Seoudi Supermarket,Wasaya Elbows Pasta,Wasaya,9.95,,EGP,Elbows,Pasta,Regular Pasta,300,g,,https://seoudisupermarket.com/en/wasaya-elbows-pasta-300-g,Out of Stock,9/14/2026 18:36
1459,Seoudi Supermarket,Wasaya Small Rings Pasta,Wasaya,9.95,,EGP,Rings,Pasta,Regular Pasta,300,g,,https://seoudisupermarket.com/en/wasaya-small-rings-pasta-300-g,Out of Stock,9/14/2026 18:36
1460,Seoudi Supermarket,Pastazara Spaghetti,Pastazara,136.95,,EGP,Spaghetti,Pasta,Regular Pasta,500,g,,https://seoudisupermarket.com/en/pastazara-spaghetti-500-g,Out of Stock,9/14/2026 18:36
1461,Seoudi Supermarket,Pastazara Mezze Maniche Pasta,Pastazara,123.45,,EGP,Other Pasta,Pasta,Regular Pasta,500,g,,https://seoudisupermarket.com/en/pastazara-mezze-maniche-pasta-500-g,Out of Stock,9/14/2026 18:36
1462,Seoudi Supermarket,Garofalo Macaroni Pasta,Garofalo,144.95,,EGP,Other Pasta,Pasta,Regular Pasta,500,g,,https://seoudisupermarket.com/en/garofalo-macaroni-pasta-500-g,Out of Stock,9/14/2026 18:36
1463,Seoudi Supermarket,Riscossa Gluten Free Fusilli Pasta,Riscossa,454.95,,EGP,Gluten-Free Pasta,Pasta,Specialty Pasta,340,g,,https://seoudisupermarket.com/en/%D8%B1%D9%8A%D8%B3%D9%83%D9%88%D8%B3%D8%A7-%D9%81%D9%8A%D9%88%D8%B2%D9%8A%D9%84%D9%84%D9%89-%D8%AC%D9%84%D9%88%D8%AA%D9%86-%D9%81%D8%B1%D9%89340%D8%AC,Out of Stock,9/14/2026 18:36
1464,Seoudi Supermarket,Pastazara Lumaconi Pasta,Pastazara,123.45,,EGP,Other Pasta,Pasta,Regular Pasta,500,g,,https://seoudisupermarket.com/en/pastazara-lumaconi-pasta-500-g,Out of Stock,9/14/2026 18:36
1465,Seoudi Supermarket,Pastazara Assorted Shapes Pasta,Pastazara,123.45,,EGP,Other Pasta,Pasta,Regular Pasta,500,g,,https://seoudisupermarket.com/en/pastazara-assorted-shapes-pasta-500-g,Out of Stock,9/14/2026 18:36
1466,Seoudi Supermarket,Pastazara Fusilli Pasta,Pastazara,136.95,,EGP,Fusilli,Pasta,Regular Pasta,500,g,,https://seoudisupermarket.com/en/pastazara-fusilli-pasta-500-g,Out of Stock,9/14/2026 18:36
1467,Seoudi Supermarket,Pastazara Rigate Pasta,Pastazara,136.95,,EGP,Other Pasta,Pasta,Regular Pasta,500,g,,https://seoudisupermarket.com/en/pastazara-rigate-pasta-500-g,Out of Stock,9/14/2026 18:36
1468,Seoudi Supermarket,Delicia Masreya Risoni,Delicia Masreya,24.95,,EGP,Risoni,Pasta,Regular Pasta,500,g,,https://seoudisupermarket.com/en/delicia-masreya-risoni-500-g,Out of Stock,9/14/2026 18:36
1469,Seoudi Supermarket,Delicia Masreya Vermicelli,Delicia Masreya,24.95,,EGP,Vermicelli,Pasta,Regular Pasta,500,g,,https://seoudisupermarket.com/en/delicia-masreya-vermicelli-500-g,Out of Stock,9/14/2026 18:36
1470,Seoudi Supermarket,Wasaya Vermicelli,,9.95,,EGP,Vermicelli,Pasta,Regular Pasta,300,g,,https://seoudisupermarket.com/en/wasaya-vermicelli-300-g,Out of Stock,9/14/2026 18:36
1471,Seoudi Supermarket,De Cecco Penne Rigate Pasta,De Cecco,159.95,,EGP,Penne,Pasta,Regular Pasta,500,g,,https://seoudisupermarket.com/en/de-cecco-penne-rigate-pasta-500-g,Out of Stock,9/14/2026 18:36
1472,Seoudi Supermarket,De Cecco Rigatoni Pasta,De Cecco,144.95,159.95,EGP,Rigatoni,Pasta,Regular Pasta,500,g,9,https://seoudisupermarket.com/en/de-cecco-rigatoni-pasta-500-g,Out of Stock,9/14/2026 18:36
1473,Seoudi Supermarket,De Cecco Spaghetti Pasta,De Cecco,144.95,159.95,EGP,Spaghetti,Pasta,Regular Pasta,500,g,9,https://seoudisupermarket.com/en/de-cecco-spaghetti-pasta-500-g,Out of Stock,9/14/2026 18:36
1474,Seoudi Supermarket,De Cecco Linguine Pasta,De Cecco,144.95,159.95,EGP,Linguine,Pasta,Regular Pasta,500,g,9,https://seoudisupermarket.com/en/de-cecco-linguine-pasta-500-g,Out of Stock,9/14/2026 18:36
1475,Seoudi Supermarket,Basata Small Rings Pasta,,29.95,,EGP,Rings,Pasta,Regular Pasta,1,kg,,https://seoudisupermarket.com/en/basata-small-rings-pasta-1-kg,Out of Stock,9/14/2026 18:36
1476,Seoudi Supermarket,Liguori Rigatoni Pasta,Liguori,199.95,,EGP,Rigatoni,Pasta,Regular Pasta,500,g,,https://seoudisupermarket.com/en/liguori-rigatoni-pasta-500-g,Out of Stock,9/14/2026 18:36
1477,Seoudi Supermarket,Stefano Rigatte Organic Penne Pasta,,144.95,,EGP,Penne,Pasta,Regular Pasta,500,g,,https://seoudisupermarket.com/en/stefano-rigatte-organic-penne-pasta-500-g,Out of Stock,9/14/2026 18:36
1478,Seoudi Supermarket,Liguori Brown Farfelle Pasta,Liguori,194.95,,EGP,Farfalle,Pasta,Regular Pasta,500,g,,https://seoudisupermarket.com/en/liguori-brown-farfelle-pasta-500-g,Out of Stock,9/14/2026 18:36
1479,Seoudi Supermarket,Pastazara Penne Pasta,Pastazara,123.45,,EGP,Penne,Pasta,Regular Pasta,500,g,,https://seoudisupermarket.com/en/pastazara-penne-pasta-500-g,Out of Stock,9/14/2026 18:36
1480,Seoudi Supermarket,Pastazara Fettuccine N205,Pastazara,169.95,,EGP,Fettuccine,Pasta,Regular Pasta,500,g,,https://seoudisupermarket.com/en/pastazara-fettuccine-n205-500-g,Out of Stock,9/14/2026 18:36
1481,Seoudi Supermarket,Lametna Big Rings Pasta,Lametna,26.95,,EGP,Rings,Pasta,Regular Pasta,1,kg,,https://seoudisupermarket.com/en/lametna-big-rings-pasta-1-kg,Out of Stock,9/14/2026 18:36
1482,Seoudi Supermarket,Regina Linguini Pasta,Regina,30.75,,EGP,Linguine,Pasta,Regular Pasta,400,g,,https://seoudisupermarket.com/en/regina-linguini-pasta-400-g,Out of Stock,9/14/2026 18:36
1483,Seoudi Supermarket,"Regina Vermicelli, 1 mm",Regina,30.75,,EGP,Vermicelli,Pasta,Regular Pasta,400,g,,https://seoudisupermarket.com/en/regina-vermicelli-1-mm-400-g,Out of Stock,9/14/2026 18:36
1484,Seoudi Supermarket,Regina Small Rings Pasta,Regina,30.75,,EGP,Rings,Pasta,Regular Pasta,400,g,,https://seoudisupermarket.com/en/regina-small-rings-pasta-400-g,Out of Stock,9/14/2026 18:36
1485,Seoudi Supermarket,Regina Penne Pasta,Regina,30.75,,EGP,Penne,Pasta,Regular Pasta,400,g,,https://seoudisupermarket.com/en/regina-penne-pasta-400-g,Out of Stock,9/14/2026 18:36
1486,Seoudi Supermarket,Regina Fusilli Pasta,Regina,30.75,,EGP,Fusilli,Pasta,Regular Pasta,400,g,,https://seoudisupermarket.com/en/regina-fusilli-pasta-400-g,Out of Stock,9/14/2026 18:36
1487,Seoudi Supermarket,Lametna Small Rings Pasta,Lametna,26.95,,EGP,Rings,Pasta,Regular Pasta,1,kg,,https://seoudisupermarket.com/en/lametna-small-rings-pasta-1-kg,Out of Stock,9/14/2026 18:36
1488,Seoudi Supermarket,Lametna Penne Pasta,Lametna,26.95,,EGP,Penne,Pasta,Regular Pasta,1,kg,,https://seoudisupermarket.com/en/lametna-penne-pasta-1-kg,Out of Stock,9/14/2026 18:36
1489,Seoudi Supermarket,Lite Bite Gluten Free Penne Pasta,Lite Bite,64.45,,EGP,Gluten-Free Pasta,Pasta,Specialty Pasta,250,g,,https://seoudisupermarket.com/en/lite-bite-gluten-free-penne-pasta-250-g,Out of Stock,9/14/2026 18:36
1490,Seoudi Supermarket,Lite Bite Gluten Free Vermicelli,Lite Bite,64.45,,EGP,Gluten-Free Pasta,Pasta,Specialty Pasta,250,g,,https://seoudisupermarket.com/en/lite-bite-gluten-free-vermicelli-250-g,Out of Stock,9/14/2026 18:36
1491,Seoudi Supermarket,Lite Bite Gluten Free Rings Pasta,Lite Bite,64.45,,EGP,Gluten-Free Pasta,Pasta,Specialty Pasta,250,g,,https://seoudisupermarket.com/en/lite-bite-gluten-free-rings-pasta-250-g,Out of Stock,9/14/2026 18:36
1492,Seoudi Supermarket,Lite Bite Spinach Fusilli Pasta,Lite Bite,63.95,,EGP,Fusilli,Pasta,Regular Pasta,250,g,,https://seoudisupermarket.com/en/lite-bite-spinach-fusilli-pasta-250-g,Out of Stock,9/14/2026 18:36
1493,Seoudi Supermarket,Lite Bite Red Lentil Spaghetti Pasta,Lite Bite,63.95,,EGP,Spaghetti,Pasta,Regular Pasta,250,g,,https://seoudisupermarket.com/en/lite-bite-red-lentil-spaghetti-pasta-250-g,Out of Stock,9/14/2026 18:36
1494,Seoudi Supermarket,Lite Bite Chickpea Penne Pasta,Lite Bite,63.95,,EGP,Penne,Pasta,Regular Pasta,250,g,,https://seoudisupermarket.com/en/lite-bite-chickpea-penne-pasta-250-g,Out of Stock,9/14/2026 18:36
1495,Seoudi Supermarket,Barilla Linguine Pasta n.13,Barilla,174.95,,EGP,Linguine,Pasta,Regular Pasta,500,g,,https://seoudisupermarket.com/en/barilla-linguine-pasta-n-13-500-g,Out of Stock,9/14/2026 18:36
1496,Seoudi Supermarket,Barilla Rigatoni Pasta,Barilla,174.95,,EGP,Rigatoni,Pasta,Regular Pasta,500,g,,https://seoudisupermarket.com/en/barilla-rigatoni-pasta-500-g,Out of Stock,9/14/2026 18:36
1497,Seoudi Supermarket,Pastazara Tagliatelle Pasta N204,Pastazara,169.95,,EGP,Other Pasta,Pasta,Regular Pasta,500,g,,https://seoudisupermarket.com/en/pastazara-tagliatelle-pasta-n204-500-g,Out of Stock,9/14/2026 18:36
1498,Seoudi Supermarket,Pastazara Fidellini Pasta N100,Pastazara,169.95,,EGP,Other Pasta,Pasta,Regular Pasta,500,g,,https://seoudisupermarket.com/en/pastazara-fidellini-pasta-n100-500-g,Out of Stock,9/14/2026 18:36
1499,Seoudi Supermarket,Pastazara Spaghetti Bucatini N7,Pastazara,144.95,,EGP,Spaghetti,Pasta,Regular Pasta,500,g,,https://seoudisupermarket.com/en/pastazara-spaghetti-bucatini-n7-500-g,Out of Stock,9/14/2026 18:36
1500,Seoudi Supermarket,Ankara Big Farfalle Pasta,Ankara,34.95,37.95,EGP,Farfalle,Pasta,Regular Pasta,400,g,8,https://seoudisupermarket.com/en/ankara-big-farfalle-pasta-400-g,Out of Stock,9/14/2026 18:36
1501,Seoudi Supermarket,Barilla Gluten Free Penne Pasta,Barilla,399.95,,EGP,Gluten-Free Pasta,Pasta,Specialty Pasta,400,g,,https://seoudisupermarket.com/en/barilla-gluten-free-penne-pasta-400-g,Out of Stock,9/14/2026 18:36
1502,Seoudi Supermarket,Dobella Fusilli Oat Pasta,Dobella,119.95,,EGP,Oat Pasta,Pasta,Specialty Pasta,400,g,,https://seoudisupermarket.com/en/dobella-fusilli-oat-pasta-400-g,Out of Stock,9/14/2026 18:36
1503,Seoudi Supermarket,Dobella Penne Oat Pasta,Dobella,119.95,,EGP,Oat Pasta,Pasta,Specialty Pasta,400,g,,https://seoudisupermarket.com/en/dobella-penne-oat-pasta-400-g,Out of Stock,9/14/2026 18:36
1504,Seoudi Supermarket,Riscossa Fettuccine Pasta,Riscossa,304.95,,EGP,Fettuccine,Pasta,Regular Pasta,500,g,,https://seoudisupermarket.com/en/riscossa-fettuccine-pasta-500-g,Out of Stock,9/14/2026 18:36
1505,Seoudi Supermarket,Barilla Gluten Free Spaghetti Pasta N5,Barilla,399.95,,EGP,Gluten-Free Pasta,Pasta,Specialty Pasta,400,g,,https://seoudisupermarket.com/en/barilla-gluten-free-spaghetti-pasta-n5-400-g,Out of Stock,9/14/2026 18:36
1506,Seoudi Supermarket,Mega Gluten Free Small Rings,Mega,68.95,,EGP,Gluten-Free Pasta,Pasta,Specialty Pasta,350,g,,https://seoudisupermarket.com/en/mega-gluten-free-small-rings-350-g,Out of Stock,9/14/2026 18:36
1507,Seoudi Supermarket,Riscossa Spaghetti Pasta N2,Riscossa,189.95,,EGP,Spaghetti,Pasta,Regular Pasta,500,g,,https://seoudisupermarket.com/en/riscossa-spaghetti-pasta-n2-500-g,Out of Stock,9/14/2026 18:36
1508,Seoudi Supermarket,Delicia Masreya Macaroni Pasta,Delicia Masreya,21.45,,EGP,Other Pasta,Pasta,Regular Pasta,350,g,,https://seoudisupermarket.com/en/delicia-masreya-macaroni-pasta-350-g,Out of Stock,9/14/2026 18:36
1509,Seoudi Supermarket,Riscossa Farfalle Pasta,Riscossa,199.95,,EGP,Farfalle,Pasta,Regular Pasta,500,g,,https://seoudisupermarket.com/en/riscossa-farfalle-pasta-500-g,Out of Stock,9/14/2026 18:36
1510,Seoudi Supermarket,Riscossa Cannelloni Pasta,Riscossa,174.95,,EGP,Cannelloni,Pasta,Filled / Tube Pasta,250,g,,https://seoudisupermarket.com/en/riscossa-cannelloni-pasta-250-g,Out of Stock,9/14/2026 18:36
1511,Seoudi Supermarket,Riscossa Lasagna Pasta with Egg,Riscossa,269.95,,EGP,Lasagna,Pasta,Lasagna,500,g,,https://seoudisupermarket.com/en/riscossa-lasagna-pasta-with-egg-500-g,Out of Stock,9/14/2026 18:36
1512,Seoudi Supermarket,Riscossa Fusilli Pasta,Riscossa,174.95,,EGP,Fusilli,Pasta,Regular Pasta,500,g,,https://seoudisupermarket.com/en/riscossa-fusilli-pasta-500-g,Out of Stock,9/14/2026 18:36
1513,Seoudi Supermarket,Riscossa Spaghetti Pasta,Riscossa,579.95,,EGP,Spaghetti,Pasta,Regular Pasta,500,g,,https://seoudisupermarket.com/en/riscossa-spaghetti-pasta-500-g,Out of Stock,9/14/2026 18:36
1514,Seoudi Supermarket,Riscossa Gluten Free Spaghetti Pasta,Riscossa,454.95,,EGP,Gluten-Free Pasta,Pasta,Specialty Pasta,400,g,,https://seoudisupermarket.com/en/%D8%B1%D9%8A%D8%B3%D9%83%D9%88%D8%B3%D8%A7-%D8%A7%D8%B3%D8%A8%D8%A7%D8%AC%D8%AA%D9%89-%D8%AC%D9%84%D9%88%D8%AA%D9%86-%D9%81%D8%B1%D9%89-400%D8%AC-022172902920,Out of Stock,9/14/2026 18:36
1515,Seoudi Supermarket,Delicia Masreya Spaghetti Pasta,Delicia Masreya,24.95,,EGP,Spaghetti,Pasta,Regular Pasta,500,g,,https://seoudisupermarket.com/en/delicia-masreya-spaghetti-pasta-500-g,Out of Stock,9/14/2026 18:36
1516,Seoudi Supermarket,Garofalo Capellini Pasta,Garofalo,144.95,,EGP,Other Pasta,Pasta,Regular Pasta,500,g,,https://seoudisupermarket.com/en/garofalo-capellini-pasta-500-g,Out of Stock,9/14/2026 18:36
1517,Seoudi Supermarket,Garofalo Gnocchi Pasta,Garofalo,144.95,,EGP,Other Pasta,Pasta,Regular Pasta,500,g,,https://seoudisupermarket.com/en/garofalo-gnocchi-pasta-500-g,Out of Stock,9/14/2026 18:36
1518,Seoudi Supermarket,Garofalo Farfalle Pasta,Garofalo,154.95,,EGP,Farfalle,Pasta,Regular Pasta,500,g,,https://seoudisupermarket.com/en/garofalo-farfalle-pasta-500g,Out of Stock,9/14/2026 18:36
1519,Seoudi Supermarket,Ankara Big Rings Pasta,Ankara,34.95,37.95,EGP,Rings,Pasta,Regular Pasta,400,g,8,https://seoudisupermarket.com/en/ankara-big-rings-pasta-400-g,Out of Stock,9/14/2026 18:36
1520,Seoudi Supermarket,Delicia Masreya Linguini Pasta,Delicia Masreya,24.95,,EGP,Linguine,Pasta,Regular Pasta,500,g,,https://seoudisupermarket.com/en/delicia-masreya-linguini-pasta-500-g,Out of Stock,9/14/2026 18:36
1521,Seoudi Supermarket,Liguori Brown Penne Pasta,Liguori,244.95,,EGP,Penne,Pasta,Regular Pasta,500,g,,https://seoudisupermarket.com/en/liguori-brown-penne-pasta-500-g,Out of Stock,9/14/2026 18:36
1522,Seoudi Supermarket,Liguori Brown Spaghetti Pasta,Liguori,244.95,,EGP,Spaghetti,Pasta,Regular Pasta,500,g,,https://seoudisupermarket.com/en/liguori-brown-spaghetti-pasta-500-g,Out of Stock,9/14/2026 18:36
1523,Seoudi Supermarket,Liguori Penne Pasta n.42,Liguori,187.95,,EGP,Penne,Pasta,Regular Pasta,500,g,,https://seoudisupermarket.com/en/liguori-penne-pasta-n-42-500-g,Out of Stock,9/14/2026 18:36
1524,Seoudi Supermarket,Liguori Farfelle Pasta n.30,Liguori,187.95,,EGP,Farfalle,Pasta,Regular Pasta,500,g,,https://seoudisupermarket.com/en/liguori-farfelle-pasta-n-30-500-g,Out of Stock,9/14/2026 18:36
1525,Seoudi Supermarket,Liguori Linguine Pasta n.7,Liguori,199.95,,EGP,Linguine,Pasta,Regular Pasta,500,g,,https://seoudisupermarket.com/en/liguori-linguine-pasta-n-7-500-g,Out of Stock,9/14/2026 18:36
1526,Seoudi Supermarket,Liguori Vermicelli Pasta n.4,Liguori,187.95,,EGP,Vermicelli,Pasta,Regular Pasta,500,g,,https://seoudisupermarket.com/en/liguori-vermicelli-pasta-n-4-500-g,Out of Stock,9/14/2026 18:36
1527,Seoudi Supermarket,Liguori Spaghetti Pasta n.3,Liguori,199.95,,EGP,Spaghetti,Pasta,Regular Pasta,500,g,,https://seoudisupermarket.com/en/liguori-spaghetti-pasta-n-3-500-g,Out of Stock,9/14/2026 18:36
1528,Seoudi Supermarket,El Maleka Melouky Vermicelli Pasta,El Maleka,15,,EGP,Vermicelli,Pasta,Regular Pasta,400,g,,https://seoudisupermarket.com/en/el-maleka-melouky-vermicelli-pasta-400-g,Out of Stock,9/14/2026 18:36
1529,Seoudi Supermarket,El Maleka Melouky Risoni Pasta,El Maleka,15,,EGP,Risoni,Pasta,Regular Pasta,400,g,,https://seoudisupermarket.com/en/el-maleka-melouky-risoni-pasta-400-g,Out of Stock,9/14/2026 18:36
1530,Seoudi Supermarket,El Maleka Melouky Spaghetti Pasta,El Maleka,15,,EGP,Spaghetti,Pasta,Regular Pasta,400,g,,https://seoudisupermarket.com/en/el-maleka-melouky-spaghetti-pasta-400-g,Out of Stock,9/14/2026 18:36
1531,Seoudi Supermarket,Liguori Fusilli Pasta n.31,Liguori,187.95,,EGP,Fusilli,Pasta,Regular Pasta,500,g,,https://seoudisupermarket.com/en/liguori-fusilli-pasta-n-31-500-g,Out of Stock,9/14/2026 18:36
1532,Seoudi Supermarket,Liguori Spaghetti Pasta n.2,Liguori,187.95,,EGP,Spaghetti,Pasta,Regular Pasta,500,g,,https://seoudisupermarket.com/en/liguori-spaghetti-pasta-n-2-500-g,Out of Stock,9/14/2026 18:36
1533,Seoudi Supermarket,Golden Mills Rigatoni Pasta,Golden Mills,67.45,,EGP,Rigatoni,Pasta,Regular Pasta,500,g,,https://seoudisupermarket.com/en/golden-mills-rigatoni-pasta-500-g,Out of Stock,9/14/2026 18:36
1534,Seoudi Supermarket,Delicia Masreya Penne Pasta,Delicia Masreya,24.95,,EGP,Penne,Pasta,Regular Pasta,500,g,,https://seoudisupermarket.com/en/delicia-masreya-penne-pasta-500-g,Out of Stock,9/14/2026 18:36
1535,Seoudi Supermarket,Delicia Masreya Elbow Pasta,Delicia Masreya,24.95,,EGP,Elbows,Pasta,Regular Pasta,500,g,,https://seoudisupermarket.com/en/delicia-masreya-elbow-pasta-500-g,Out of Stock,9/14/2026 18:36
1536,Seoudi Supermarket,Delicia Masreya Shell Pasta,Delicia Masreya,24.95,,EGP,Shells,Pasta,Regular Pasta,500,g,,https://seoudisupermarket.com/en/delicia-masreya-shell-pasta-500-g,Out of Stock,9/14/2026 18:36
1537,Seoudi Supermarket,Venecia Penne Pasta,Venecia,20.45,,EGP,Penne,Pasta,Regular Pasta,400,g,,https://seoudisupermarket.com/en/venecia-penne-pasta-400-g,Out of Stock,9/14/2026 18:36
1538,Seoudi Supermarket,Venecia Rings Pasta,Venecia,20.45,,EGP,Rings,Pasta,Regular Pasta,400,g,,https://seoudisupermarket.com/en/venecia-rings-pasta-400-g,Out of Stock,9/14/2026 18:36
1539,Seoudi Supermarket,Riscossa Spaghetti Pasta n.5,Riscossa,189.95,,EGP,Spaghetti,Pasta,Regular Pasta,500,g,,https://seoudisupermarket.com/en/riscossa-spaghetti-pasta-n-5-500-g,Out of Stock,9/14/2026 18:36
1540,Seoudi Supermarket,Italiano Small Rings Pasta,Italiano,27,,EGP,Rings,Pasta,Regular Pasta,400,g,,https://seoudisupermarket.com/en/italiano-small-rings-pasta-400-g,Out of Stock,9/14/2026 18:36
1541,Seoudi Supermarket,Lino Oat Spaghitti Pasta,Lino,99.95,119.95,EGP,Other Pasta,Pasta,Regular Pasta,400,g,17,https://seoudisupermarket.com/en/lino-oat-spaghetti-pasta-400-g,Out of Stock,9/14/2026 18:36
1542,Seoudi Supermarket,Regina Farfale Pasta,Regina,30.75,,EGP,Other Pasta,Pasta,Regular Pasta,400,g,,https://seoudisupermarket.com/en/regina-farfalle-pasta-400-g,Out of Stock,9/14/2026 18:36
1543,Seoudi Supermarket,Delicia Masreya Spaghetti Pasta,Delicia Masreya,21.45,,EGP,Spaghetti,Pasta,Regular Pasta,350,g,,https://seoudisupermarket.com/en/delicia-masreya-spaghetti-pasta-350-g,Out of Stock,9/14/2026 18:36
1544,Seoudi Supermarket,Al Doha Rice,Al Doha,35.95,40.95,EGP,Other Rice,Rice,Regular Rice,1,kg,12,https://seoudisupermarket.com/en/al-doha-rice-1-kg,In Stock,9/14/2026 18:09
1545,Seoudi Supermarket,Al Doha Rice,Al Doha,174.95,204,EGP,Other Rice,Rice,Regular Rice,5,kg,14,https://seoudisupermarket.com/en/al-doha-rice-5-kg,In Stock,9/14/2026 18:09
1546,Seoudi Supermarket,"Al Doha Alexanderina Koshary, Easy Rice Edition",Al Doha,36.75,,EGP,Other Rice,Rice,Regular Rice,320,g,,https://seoudisupermarket.com/en/al-doha-alexandrina-koshary-320-g,In Stock,9/14/2026 18:09
1547,Seoudi Supermarket,Al Doha Oriental Rice Mix,Al Doha,33.45,,EGP,Rice Mix,Rice,Rice Mix,324,g,,https://seoudisupermarket.com/en/al-doha-oriental-rice-mix-324-g,In Stock,9/14/2026 18:09
1548,Seoudi Supermarket,El Saqr Basmati Rice,Al Saqr,74.95,81.95,EGP,Basmati Rice,Rice,Basmati Rice,1,kg,9,https://seoudisupermarket.com/en/el-saqr-basmati-rice-1-kg,In Stock,9/14/2026 18:09
1549,Seoudi Supermarket,Kohinoor Extra Fine White Basmati Rice,Kohinoor,174.95,,EGP,Basmati Rice,Rice,Basmati Rice,1,kg,,https://seoudisupermarket.com/en/kohinoor-extra-fine-white-basmati-rice-1-kg,In Stock,9/14/2026 18:09
1550,Seoudi Supermarket,Shahy Basmati Rice,Shahy,759.95,,EGP,Basmati Rice,Rice,Basmati Rice,5,kg,,https://seoudisupermarket.com/en/shahy-basmati-rice-5-kg,In Stock,9/14/2026 18:09
1551,Seoudi Supermarket,Marvel Golden Basmati Rice,Basmati,119.95,136.75,EGP,Basmati Rice,Rice,Basmati Rice,1,kg,12,https://seoudisupermarket.com/en/marvel-golden-basmati-rice-1-kg,In Stock,9/14/2026 18:09
1552,Seoudi Supermarket,AlWalaem Golden Basmati Rice,Al Walaem,789.95,,EGP,Basmati Rice,Rice,Basmati Rice,5,kg,,https://seoudisupermarket.com/en/alwalaem-golden-basmati-rice-5-kg,In Stock,9/14/2026 18:09
1553,Seoudi Supermarket,Al Doha Sayadia Rice Mix,Al Doha,31.45,,EGP,Rice Mix,Rice,Rice Mix,327,g,,https://seoudisupermarket.com/en/al-doha-sayadia-rice-mix-327-g,In Stock,9/14/2026 18:09
1554,Seoudi Supermarket,Shahy Egyptian Rice,Shahy,40.45,,EGP,Egyptian Rice,Rice,Egyptian Rice,1,kg,,https://seoudisupermarket.com/en/shahy-egyptian-rice-1-kg,In Stock,9/14/2026 18:09
1555,Seoudi Supermarket,Abu Bint Golden Parboiled Rice,Abu Bint,155.95,,EGP,Parboiled Rice,Rice,Parboiled Rice,1,kg,,https://seoudisupermarket.com/en/abu-bint-golden-parboiled-rice-1-kg,In Stock,9/14/2026 18:09
1556,Seoudi Supermarket,Kohinoor Basmati Rice Gluten Free,Kohinoor,184.95,,EGP,Basmati Rice,Rice,Basmati Rice,1,kg,,https://seoudisupermarket.com/en/kohinoor-basmati-rice-gluten-free-1-kg,In Stock,9/14/2026 18:09
1557,Seoudi Supermarket,Rehana Rice,Rehana,199.95,,EGP,Other Rice,Rice,Regular Rice,5,kg,,https://seoudisupermarket.com/en/rehana-rice-5-kg,In Stock,9/14/2026 18:09
1558,Seoudi Supermarket,Rehana Thai Basmati Rice,Rehana,109.75,,EGP,Basmati Rice,Rice,Basmati Rice,1,kg,,https://seoudisupermarket.com/en/rehana-thai-basmati-rice-1-kg,In Stock,9/14/2026 18:09
1559,Seoudi Supermarket,Marvel Golden Long Grain Rice,Marvel,86.75,,EGP,Long Grain Rice,Rice,Long Grain Rice,1,kg,,https://seoudisupermarket.com/en/marvel-golden-long-grain-rice-1-kg,In Stock,9/14/2026 18:09
1560,Seoudi Supermarket,Curtiriso Black Rice,Curtiriso,394.95,,EGP,Black Rice,Rice,Specialty Rice,500,g,,https://seoudisupermarket.com/en/curtiriso-black-rice-500-g,In Stock,9/14/2026 18:09
1561,Seoudi Supermarket,"Al Doha Secret Recipe, Easy Rice Edition",Al Doha,41.45,,EGP,Other Rice,Rice,Regular Rice,320,g,,https://seoudisupermarket.com/en/al-doha-secret-recipe-rice-320-g,In Stock,9/14/2026 18:09
1562,Seoudi Supermarket,Al Doha Golden Rice,Al Doha,116.95,,EGP,Golden Rice,Rice,Regular Rice,1,kg,,https://seoudisupermarket.com/en/al-doha-golden-rice-1-kg,In Stock,9/14/2026 18:09
1563,Seoudi Supermarket,Al Walaem White Basmati Rice,Al Walaem,159.95,,EGP,Basmati Rice,Rice,Basmati Rice,1,kg,,https://seoudisupermarket.com/en/al-walaem-white-basmati-rice-1-kg,In Stock,9/14/2026 18:09
1564,Seoudi Supermarket,Al Sakr Rice,Al Sakr,31.95,34.95,EGP,Other Rice,Rice,Regular Rice,1,kg,9,https://seoudisupermarket.com/en/al-sakr-rice-1-kg,In Stock,9/14/2026 18:09
1565,Seoudi Supermarket,Mexicana Basmati Rice,Mexicana,90.75,,EGP,Basmati Rice,Rice,Basmati Rice,1,kg,,https://seoudisupermarket.com/en/mexicana-basmati-rice-1-kg,In Stock,9/14/2026 18:09
1566,Seoudi Supermarket,Abu Al Bent Rice,Abu Al Bent,310.95,,EGP,Other Rice,Rice,Regular Rice,2,kg,,https://seoudisupermarket.com/en/abu-al-bent-rice-2-kg,In Stock,9/14/2026 18:09
1567,Seoudi Supermarket,"Al Doha Beyti Rice, Easy Rice Edition",Al Doha,25.75,,EGP,Other Rice,Rice,Regular Rice,320,g,,https://seoudisupermarket.com/en/al-doha-beyti-rice-320-g,In Stock,9/14/2026 18:09
1568,Seoudi Supermarket,Abu Kas Basmati Rice,Abu Kas,154.95,169,EGP,Basmati Rice,Rice,Basmati Rice,1,kg,8,https://seoudisupermarket.com/en/abu-kas-basmati-rice-1-kg,In Stock,9/14/2026 18:09
1569,Seoudi Supermarket,Imtenan Brown Rice,Imtenan,94.95,,EGP,Brown Rice,Rice,Brown Rice,750,g,,https://seoudisupermarket.com/en/imtenan-brown-rice-750-g,In Stock,9/14/2026 18:09
1570,Seoudi Supermarket,Al Doha Mahshi Rice Mix,Al Doha,34.45,,EGP,Rice Mix,Rice,Rice Mix,342,g,,https://seoudisupermarket.com/en/al-doha-mahshi-rice-mix-342-g,In Stock,9/14/2026 18:09
1571,Seoudi Supermarket,Al Nakheel Indian Basmati Rice,Al Nakheel,64.95,,EGP,Basmati Rice,Rice,Basmati Rice,800,g,,https://seoudisupermarket.com/en/al-nakheel-indian-basmati-rice-800-g,In Stock,9/14/2026 18:09
1572,Seoudi Supermarket,Shahy Basmati Rice,Shahy,149.95,,EGP,Basmati Rice,Rice,Basmati Rice,1,kg,,https://seoudisupermarket.com/en/shahy-basmati-rice-1-kg,In Stock,9/14/2026 18:09
1573,Seoudi Supermarket,Safety Cargo Brown Rice,Safety Cargo,59.95,,EGP,Brown Rice,Rice,Brown Rice,500,g,,https://seoudisupermarket.com/en/safety-cargo-brown-rice-500-g,In Stock,9/14/2026 18:09
1574,Seoudi Supermarket,Al Walaem Golden Basmati Rice,Al Walaem,159.95,,EGP,Basmati Rice,Rice,Basmati Rice,1,kg,,https://seoudisupermarket.com/en/al-walaem-golden-basmati-rice-1-kg,In Stock,9/14/2026 18:09
1575,Seoudi Supermarket,Al Walaem White Basmati Rice,Al Walaem,789.95,,EGP,Basmati Rice,Rice,Basmati Rice,5,kg,,https://seoudisupermarket.com/en/al-walaem-white-basmati-rice-5-kg,In Stock,9/14/2026 18:09
1576,Seoudi Supermarket,Al Doha Kabsa Rice Mix,Al Doha,63.45,,EGP,Rice Mix,Rice,Rice Mix,336,g,,https://seoudisupermarket.com/en/al-doha-kabsa-rice-mix-336-g,In Stock,9/14/2026 18:09
1577,Seoudi Supermarket,Marvel Sella Basmati Rice,Marvel,119.95,136.75,EGP,Basmati Rice,Rice,Basmati Rice,1,kg,12,https://seoudisupermarket.com/en/marvel-sella-basmati-rice-1-kg,In Stock,9/14/2026 18:09
1578,Seoudi Supermarket,Rehana Rice,Rehana,40.45,,EGP,Other Rice,Rice,Regular Rice,1,kg,,https://seoudisupermarket.com/en/rehana-rice-1-kg,In Stock,9/14/2026 18:09
1579,Seoudi Supermarket,Al Doha Jasmine Rice,Al Doha,174.95,,EGP,Other Rice,Rice,Regular Rice,1,kg,,https://seoudisupermarket.com/en/al-doha-jasmine-rice-1-kg,In Stock,9/14/2026 18:09
1580,Seoudi Supermarket,Riso Scotti Classic Risotto,Riso Scotti,399.75,,EGP,Other Rice,Rice,Regular Rice,1,kg,,https://seoudisupermarket.com/en/riso-scotti-classic-risotto-1-kg,In Stock,9/14/2026 18:09
1581,Seoudi Supermarket,Ragab El Attar Basmati Rice,Ragab El Attar,109.95,136.95,EGP,Basmati Rice,Rice,Basmati Rice,1,kg,20,https://seoudisupermarket.com/en/ragab-el-attar-basmati-rice-1-kg,In Stock,9/14/2026 18:09
1582,Seoudi Supermarket,Abu Al Bent Golden Parboiled Rice,Abu Al Bent,776.45,,EGP,Parboiled Rice,Rice,Parboiled Rice,5,kg,,https://seoudisupermarket.com/en/abu-al-bent-golden-parboiled-rice-5-kg,In Stock,9/14/2026 18:09
1583,Seoudi Supermarket,Assem Rice,Assem,38.5,,EGP,Other Rice,Rice,Regular Rice,1,kg,,https://seoudisupermarket.com/en/assem-rice-1-kg,In Stock,9/14/2026 18:09
1584,Seoudi Supermarket,Asem Rice,Assem,189.95,,EGP,Other Rice,Rice,Regular Rice,5,kg,,https://seoudisupermarket.com/en/asem-rice-5-kg,In Stock,9/14/2026 18:09
1585,Seoudi Supermarket,Al Walimah Indian Mazza Basmati Rice,Al Walimah,165.75,,EGP,Basmati Rice,Rice,Basmati Rice,1,kg,,https://seoudisupermarket.com/en/walema-basmati-rice-1-kg,In Stock,9/14/2026 18:09
1586,Seoudi Supermarket,"Abu Kass White Basmati Rice, Punjabi Amber",Abu Kass,684.95,,EGP,Basmati Rice,Rice,Basmati Rice,5,kg,,https://seoudisupermarket.com/en/abu-kass-white-basmati-rice-punjabi-amber-5-kg,In Stock,9/14/2026 18:09
1587,Seoudi Supermarket,"Al Doha Rice with Vermicilli, Easy Rice Edition",Al Doha,28.95,,EGP,Other Rice,Rice,Regular Rice,320,g,,https://seoudisupermarket.com/en/al-doha-rice-with-vermicelli-320-g,In Stock,9/14/2026 18:09
1588,Seoudi Supermarket,Shahy Egyptian Rice,Shahy,177.75,199.95,EGP,Egyptian Rice,Rice,Egyptian Rice,5,kg,11,https://seoudisupermarket.com/en/shahy-egyptian-rice-5-kg,In Stock,9/14/2026 18:09
1589,Seoudi Supermarket,Kohinoor Golden Basmati Rice,Kohinoor,174.95,,EGP,Basmati Rice,Rice,Basmati Rice,1,kg,,https://seoudisupermarket.com/en/kohinoor-golden-basmati-rice-1-kg,In Stock,9/14/2026 18:09
1590,Seoudi Supermarket,Al Sakr Rice,Al Sakr,149.95,169.95,EGP,Other Rice,Rice,Regular Rice,5,kg,12,https://seoudisupermarket.com/en/al-sakr-rice-5-kg,In Stock,9/14/2026 18:09
1591,Seoudi Supermarket,"Abu Kass White Basmati Rice, Punjabi Amber",Abu Kass,277.75,,EGP,Basmati Rice,Rice,Basmati Rice,2,kg,,https://seoudisupermarket.com/en/abu-kass-white-basmati-rice-punjabi-amber-2-kg,Out of Stock,9/14/2026 18:09
1592,Seoudi Supermarket,507 Gold Indian Basmati Rice,507 Gold,144.95,,EGP,Basmati Rice,Rice,Basmati Rice,1,kg,,https://seoudisupermarket.com/en/507-gold-indian-basmati-rice-1-kg,Out of Stock,9/14/2026 18:09
1593,Seoudi Supermarket,Tilda Grand Basmati Rice,Tilda,179.95,,EGP,Basmati Rice,Rice,Basmati Rice,1,kg,,https://seoudisupermarket.com/en/tilda-grand-basmati-rice-1-kg,Out of Stock,9/14/2026 18:09
1594,Seoudi Supermarket,Altahya Basmati Rice,Altahya,189.95,,EGP,Basmati Rice,Rice,Basmati Rice,1,kg,,https://seoudisupermarket.com/en/altahya-basmati-rice-1-kg,Out of Stock,9/14/2026 18:09
1595,Seoudi Supermarket,AlHamd Egyptian Rice,AlHamd,30.95,,EGP,Egyptian Rice,Rice,Egyptian Rice,1,kg,,https://seoudisupermarket.com/en/alhamd-egyptian-rice-1-kg,Out of Stock,9/14/2026 18:09
1596,Seoudi Supermarket,Tilda Basmati Rice,Tilda,179.95,,EGP,Basmati Rice,Rice,Basmati Rice,1,kg,,https://seoudisupermarket.com/en/tilda-basmati-rice-1-kg,Out of Stock,9/14/2026 18:09
1597,Seoudi Supermarket,Abu Kas Basmati Rice,Abu Kas,334.95,,EGP,Basmati Rice,Rice,Basmati Rice,2,kg,,https://seoudisupermarket.com/en/abu-kas-basmati-rice-2-kg,Out of Stock,9/14/2026 18:09
1598,Seoudi Supermarket,Risovi Black Rice,Risovi,599.95,,EGP,Black Rice,Rice,Specialty Rice,1,kg,,https://seoudisupermarket.com/en/risovi-black-rice-1-kg,Out of Stock,9/14/2026 18:09
1599,Seoudi Supermarket,Al Walimah Indian Mazza Basmati Rice,Basmati,742.95,824.45,EGP,Basmati Rice,Rice,Basmati Rice,5,kg,10,https://seoudisupermarket.com/en/al-walimah-sella-basmati-rice-5-kg,Out of Stock,9/14/2026 18:09
1600,Seoudi Supermarket,Scotti Carnaroli Rice,Scotty,399.75,,EGP,Other Rice,Rice,Regular Rice,1,kg,,https://seoudisupermarket.com/en/scotti-carnaroli-rice-1-kg,Out of Stock,9/14/2026 18:09
1601,Seoudi Supermarket,Elmatbakh Rice,Elmatbakh,34.95,,EGP,Other Rice,Rice,Regular Rice,1,kg,,https://seoudisupermarket.com/en/elmatbakh-rice-1-kg,Out of Stock,9/14/2026 18:09
1602,Seoudi Supermarket,Gallo Risotto Saffron Rice,Gallo,155.95,,EGP,Other Rice,Rice,Regular Rice,175,g,,https://seoudisupermarket.com/en/gallo-risotto-saffron-rice-175-g,Out of Stock,9/14/2026 18:09
1603,Seoudi Supermarket,Al Doha Mexican Rice,Al Doha,59.45,,EGP,Other Rice,Rice,Regular Rice,238,g,,https://seoudisupermarket.com/en/al-doha-mexican-rice-238-g,Out of Stock,9/14/2026 18:09
1604,Seoudi Supermarket,Seoudi Basmati Rice,Basmati,665,,EGP,Basmati Rice,Rice,Basmati Rice,5,kg,,https://seoudisupermarket.com/en/seoudi-basmati-rice-5-kg,Out of Stock,9/14/2026 18:09
1605,Seoudi Supermarket,Gallo Risotto Four Cheese Rice,Gallo,155.95,,EGP,Other Rice,Rice,Regular Rice,175,g,,https://seoudisupermarket.com/en/gallo-risotto-four-cheese-rice-175-g,Out of Stock,9/14/2026 18:09
1606,Seoudi Supermarket,Mazza Risotto Rice with Mushrooms,Mazza,538.25,,EGP,Other Rice,Rice,Regular Rice,300,g,,https://seoudisupermarket.com/en/mazza-risotto-rice-with-mushrooms-300-g,Out of Stock,9/14/2026 18:09
1607,Seoudi Supermarket,Abu Kas Basmati Rice,Abu Kas,1660,,EGP,Basmati Rice,Rice,Basmati Rice,10,kg,,https://seoudisupermarket.com/en/abu-kas-basmati-rice-10-kg,Out of Stock,9/14/2026 18:09
1608,Seoudi Supermarket,Seoudi Basmati Rice,Basmati,139,,EGP,Basmati Rice,Rice,Basmati Rice,1,kg,,https://seoudisupermarket.com/en/seoudi-basmati-rice-1-kg,Out of Stock,9/14/2026 18:09
1609,Seoudi Supermarket,Mazza Carnaroli Rice for Soup,Mazza,374.45,,EGP,Other Rice,Rice,Regular Rice,1,kg,,https://seoudisupermarket.com/en/mazza-carnaroli-rice-for-soup-1-kg,Out of Stock,9/14/2026 18:09
1610,Seoudi Supermarket,"Abu Kass White Basmati Rice, Punjabi Amber",Basmati,139.95,,EGP,Basmati Rice,Rice,Basmati Rice,1,kg,,https://seoudisupermarket.com/en/abu-kass-white-basmati-rice-punjabi-amber-1-kg,Out of Stock,9/14/2026 18:09
1611,Seoudi Supermarket,Marvel White Long Grain Rice,Marvel,86.75,,EGP,Long Grain Rice,Rice,Long Grain Rice,1,kg,,https://seoudisupermarket.com/en/marvel-white-long-grain-rice-1-kg,Out of Stock,9/14/2026 18:09
1612,Seoudi Supermarket,Tilda Sella Basmati Rice,Basmati,358.95,,EGP,Basmati Rice,Rice,Basmati Rice,2,kg,,https://seoudisupermarket.com/en/tilda-sella-basmati-rice-2-kg,Out of Stock,9/14/2026 18:09
1613,Seoudi Supermarket,Tilda Basmati Rice,Basmati,346.75,,EGP,Basmati Rice,Rice,Basmati Rice,2,kg,,https://seoudisupermarket.com/en/tilda-basmati-rice-2-kg,Out of Stock,9/14/2026 18:09
1614,Seoudi Supermarket,Risovi Sushi Rice,Risovi,294.95,,EGP,Other Rice,Rice,Regular Rice,1,kg,,https://seoudisupermarket.com/en/risovi-sushi-rice-1-kg,Out of Stock,9/14/2026 18:09
1615,Seoudi Supermarket,Al Walimah Indian Mazza Basmati Rice,Basmati,299.95,330.75,EGP,Basmati Rice,Rice,Basmati Rice,2,kg,9,https://seoudisupermarket.com/en/al-walimah-basmati-rice-2-kg,Out of Stock,9/14/2026 18:09
1616,Seoudi Supermarket,Riso Scotti Hakumaki Sushi Rice,Riso Scotti,181.45,,EGP,Other Rice,Rice,Regular Rice,500,g,,https://seoudisupermarket.com/en/riso-scotti-hakumaki-sushi-rice-500-g,Out of Stock,9/14/2026 18:09
1617,Seoudi Supermarket,El Beit El Masri Rice,El Beit El Masri,25.95,,EGP,Other Rice,Rice,Regular Rice,1,kg,,https://seoudisupermarket.com/en/el-beit-el-masri-rice-1-kg,Out of Stock,9/14/2026 18:09
1618,Seoudi Supermarket,Enso Sushi Rice,Enso,161.95,,EGP,Other Rice,Rice,Regular Rice,250,g,,https://seoudisupermarket.com/enso-sushi-rice-250-g,Out of Stock,9/14/2026 18:09
1619,Seoudi Supermarket,Altahya Basmati Rice,Basmati,348.95,,EGP,Basmati Rice,Rice,Basmati Rice,2,kg,,https://seoudisupermarket.com/en/altahya-basmati-rice-2-kg,Out of Stock,9/14/2026 18:09
1620,Seoudi Supermarket,Joud Egyptian Rice,Joud,36.95,,EGP,Egyptian Rice,Rice,Egyptian Rice,1,kg,,https://seoudisupermarket.com/en/joud-egyptian-rice-1-kg,Out of Stock,9/14/2026 18:09
1621,Seoudi Supermarket,Riso Scotti Arborio Rice,Riso Scotti,349.95,,EGP,Other Rice,Rice,Regular Rice,1,kg,,https://seoudisupermarket.com/en/riso-scotti-arborio-rice-1-kg,Out of Stock,9/14/2026 18:09
1622,Seoudi Supermarket,Gallo Risotto Porcini Mushroom Rice,Gallo,155.95,,EGP,Other Rice,Rice,Regular Rice,175,g,,https://seoudisupermarket.com/en/gallo-risotto-porcini-mushroom-rice-175-g,Out of Stock,9/14/2026 18:09
1623,Seoudi Supermarket,Al Doha Easy Rice Egyptian Koshary,Al Doha,57.95,,EGP,Other Rice,Rice,Regular Rice,363,g,,https://seoudisupermarket.com/en/al-doha-easy-rice-koshary-363-g,Out of Stock,9/14/2026 18:09
1624,Seoudi Supermarket,Amira Rice,Amira,22.5,,EGP,Other Rice,Rice,Regular Rice,1,kg,,https://seoudisupermarket.com/en/al-amira-rice-1-kg,Out of Stock,9/14/2026 18:09
1625,Seoudi Supermarket,Abu Kas Basmati Rice,Abu Kas,830,,EGP,Basmati Rice,Rice,Basmati Rice,5,kg,,https://seoudisupermarket.com/en/abu-kas-basmati-rice-5-kg,Out of Stock,9/14/2026 18:09
1626,Seoudi Supermarket,Seoudi Basmati Rice,Basmati,270,,EGP,Basmati Rice,Rice,Basmati Rice,2,kg,,https://seoudisupermarket.com/en/seoudi-basmati-rice-2-kg,Out of Stock,9/14/2026 18:09
1627,Seoudi Supermarket,Gallo Risotto Truffle Rice,Gallo,155.95,,EGP,Other Rice,Rice,Regular Rice,175,g,,https://seoudisupermarket.com/en/gallo-risotto-truffle-rice-175-g,Out of Stock,9/14/2026 18:09
1628,Seoudi Supermarket,Mazza Arborio Rice for Soup,Mazza,366.25,,EGP,Other Rice,Rice,Regular Rice,1,kg,,https://seoudisupermarket.com/en/mazza-arborio-rice-for-soup-1-kg,Out of Stock,9/14/2026 18:09
1629,Seoudi Supermarket,Tilda Brown Basmati Rice,Tilda,179.95,,EGP,Basmati Rice,Rice,Basmati Rice,1,kg,,https://seoudisupermarket.com/en/tilda-brown-basmati-rice-1-kg,Out of Stock,9/14/2026 18:09
1630,Seoudi Supermarket,Tilda Sella Basmati Rice,Tilda,717.45,,EGP,Basmati Rice,Rice,Basmati Rice,4,kg,,https://seoudisupermarket.com/en/tilda-sella-basmati-rice-4-kg,Out of Stock,9/14/2026 18:09
1631,Seoudi Supermarket,Tilda Basmati Rice,Tilda,780.26,866.95,EGP,Basmati Rice,Rice,Basmati Rice,5,kg,10,https://seoudisupermarket.com/en/tilda-basmati-rice-5-kg,Out of Stock,9/14/2026 18:09
1632,Seoudi Supermarket,Punjabi Al Muhaidib Basmati Rice,Punjabi Al Muhaidib,744.95,,EGP,Basmati Rice,Rice,Basmati Rice,5,kg,,https://seoudisupermarket.com/en/punjabi-al-muhaidib-basmati-rice-5-kg,Out of Stock,9/14/2026 18:09
1633,Seoudi Supermarket,Riso Scotti Black Venere Rice,Riso Scotti,319.95,,EGP,Other Rice,Rice,Regular Rice,500,g,,https://seoudisupermarket.com/en/riso-scotti-black-venere-rice-500-g,Out of Stock,9/14/2026 18:09
1634,Seoudi Supermarket,Al Doha Sugar,Al Doha,35.95,38.95,EGP,White Sugar,Sugar,Regular Sugar,1,kg,8,https://seoudisupermarket.com/en/al-doha-sugar-1-kg,In Stock,9/14/2026 18:26
1635,Seoudi Supermarket,Goud Sugar,Goud,28.95,,EGP,White Sugar,Sugar,Regular Sugar,1,kg,,https://seoudisupermarket.com/en/goud-sugar-1-kg,In Stock,9/14/2026 18:26
1636,Seoudi Supermarket,Daimond Brown Sugar Sachets,Diamond,61.95,,EGP,Brown Sugar,Sugar,Brown Sugar,100,pieces,,https://seoudisupermarket.com/en/diamond-brown-sugar-sachets-100-sachets,In Stock,9/14/2026 18:26
1637,Seoudi Supermarket,Baheya Sugar,Baheya,28.95,,EGP,White Sugar,Sugar,Regular Sugar,1,kg,,https://seoudisupermarket.com/en/baheya-sugar-1-kg,In Stock,9/14/2026 18:26
1638,Seoudi Supermarket,Sugar Match Diet Sugar,Sugar Match,85.45,,EGP,Diet Sweetener,Sugar,Diet Sweetener,50,pieces,,https://seoudisupermarket.com/en/sugar-match-diet-sugar-50-sachets,In Stock,9/14/2026 18:26
1639,Seoudi Supermarket,Sweet & Slim Diet Sugar,Sweet & Slim,66.95,,EGP,Diet Sweetener,Sugar,Diet Sweetener,50,pieces,,https://seoudisupermarket.com/en/sweet-and-slim-diet-sugar-50-sachets,In Stock,9/14/2026 18:26
1640,Seoudi Supermarket,Al Doha Powder Sugar,Al Doha,40.45,,EGP,Powdered Sugar,Sugar,Powdered Sugar,500,g,,https://seoudisupermarket.com/en/al-doha-powder-sugar-500-g,In Stock,9/14/2026 18:26
1641,Seoudi Supermarket,Sweetal Zero Calories Sweetner,Sweetal,84.95,,EGP,Diet Sweetener,Sugar,Diet Sweetener,60,pieces,,https://seoudisupermarket.com/en/sweetal-zero-calories-sweetner-60-sachet,In Stock,9/14/2026 18:26
1642,Seoudi Supermarket,Sweet & Slim Sugar Diet Extra,Sweet & Slim,156.95,,EGP,Diet Sweetener,Sugar,Diet Sweetener,100,pieces,,https://seoudisupermarket.com/en/sweet-slim-sugar-diet-extra-100-sachets,In Stock,9/14/2026 18:26
1643,Seoudi Supermarket,Sweet & Slim Stevia Sugar,Sweet & Slim,161.95,,EGP,Stevia Sweetener,Sugar,Natural Sweetener,250,g,,https://seoudisupermarket.com/en/sweet-slim-stevia-sugar-250-g,In Stock,9/14/2026 18:26
1644,Seoudi Supermarket,Diamond Brown Sugar Cubes,Diamond,94.95,,EGP,Brown Sugar,Sugar,Brown Sugar,1,kg,,https://seoudisupermarket.com/en/diamond-brown-sugar-cubes-1-kg,In Stock,9/14/2026 18:26
1645,Seoudi Supermarket,Sugar Match Diet Sugar,Sugar Match,85.45,,EGP,Diet Sweetener,Sugar,Diet Sweetener,75,pieces,,https://seoudisupermarket.com/en/sugar-match-diet-sugar-75-sachet,In Stock,9/14/2026 18:26
1646,Seoudi Supermarket,Al Sukarya Brown Sugar,Al Sukarya,79.95,,EGP,Brown Sugar,Sugar,Brown Sugar,500,g,,https://seoudisupermarket.com/en/al-sukarya-brown-sugar-500-g,In Stock,9/14/2026 18:26
1647,Seoudi Supermarket,Sugar Match Diet Sugar,Sugar Match,79.75,,EGP,Diet Sweetener,Sugar,Diet Sweetener,50,pieces,,https://seoudisupermarket.com/en/sugar-match-diet-sugar-50-sachet,In Stock,9/14/2026 18:26
1648,Seoudi Supermarket,Sweetal Diet Sugar,Sweetal,94.95,,EGP,Diet Sweetener,Sugar,Diet Sweetener,2,g,,https://seoudisupermarket.com/en/sweetal-diet-sugar-50-sachet-2-g-per-sachet,In Stock,9/14/2026 18:26
1649,Seoudi Supermarket,Daimond Brown Sugar,Diamond,55.95,,EGP,Brown Sugar,Sugar,Brown Sugar,500,g,,https://seoudisupermarket.com/en/diamond-brown-sugar-500-g,In Stock,9/14/2026 18:26
1650,Seoudi Supermarket,Sweet & Slim Extra Diet Sweetener,Sweet & Slim,86.95,,EGP,Diet Sweetener,Sugar,Diet Sweetener,50,pieces,,https://seoudisupermarket.com/en/sweet-slim-extra-diet-sweetener-50-pieces,In Stock,9/14/2026 18:26
1651,Seoudi Supermarket,Sweetal Diet Sugar,Sweetal,129.95,,EGP,Diet Sweetener,Sugar,Diet Sweetener,100,pieces,,https://seoudisupermarket.com/en/sweetal-diet-sugar-100-stick,In Stock,9/14/2026 18:26
1652,Seoudi Supermarket,Sweetal Stevia Sugar,Sweetal,169.95,,EGP,Stevia Sweetener,Sugar,Natural Sweetener,250,g,,https://seoudisupermarket.com/en/sweetal-stevia-sugar-250-g,In Stock,9/14/2026 18:26
1653,Seoudi Supermarket,Stevia Castello Natural Sweetener,Stevia Castello,349.95,,EGP,Diet Sweetener,Sugar,Natural Sweetener,300,g,,https://seoudisupermarket.com/en/stevia-castello-natural-sweetener-300-g,In Stock,9/14/2026 18:26
1654,Seoudi Supermarket,Al Sakr Sugar,Al Sakr,25.95,,EGP,White Sugar,Sugar,Regular Sugar,1,kg,,https://seoudisupermarket.com/en/al-sakr-sugar-1-kg,In Stock,9/14/2026 18:26
1655,Seoudi Supermarket,Sugar Match Diet Sugar,Sugar Match,293.95,,EGP,Diet Sweetener,Sugar,Diet Sweetener,300,pieces,,https://seoudisupermarket.com/en/sugar-match-diet-sugar-300-sachet,In Stock,9/14/2026 18:26
1656,Seoudi Supermarket,Al Doha Powdered Sugar,Al Doha,74.95,,EGP,Powdered Sugar,Sugar,Powdered Sugar,1,kg,,https://seoudisupermarket.com/en/al-doha-powdered-sugar-1-kg,In Stock,9/14/2026 18:26
1657,Seoudi Supermarket,Imtenan Raw Brown Sugar,Imtenan,98.95,,EGP,Brown Sugar,Sugar,Brown Sugar,750,g,,https://seoudisupermarket.com/en/imtenan-raw-brown-sugar-750-g,In Stock,9/14/2026 18:26
1658,Seoudi Supermarket,Diamond White Sugar Cubes,Diamond,89.95,,EGP,Sugar Cubes,Sugar,Sugar Cubes,1,kg,,https://seoudisupermarket.com/en/diamond-white-sugar-cubes-1-kg,In Stock,9/14/2026 18:26
1659,Seoudi Supermarket,Stevia Liquid Natural Sweetener,Stevia,299.95,,EGP,Diet Sweetener,Sugar,Natural Sweetener,30,ml,,https://seoudisupermarket.com/en/stevia-liquid-natural-sweetener-30-ml,In Stock,9/14/2026 18:26
1660,Seoudi Supermarket,Sweet & Slim Diet Sugar,Sweet & Slim,36.95,,EGP,Diet Sweetener,Sugar,Diet Sweetener,25,pieces,,https://seoudisupermarket.com/en/sweet-slim-diet-sugar-25-sachet,In Stock,9/14/2026 18:26
1661,Seoudi Supermarket,Sweetal Diet Sugar,Sweetal,89.95,,EGP,Diet Sweetener,Sugar,Diet Sweetener,100,pieces,,https://seoudisupermarket.com/en/sweetal-diet-sugar-100-tablet,In Stock,9/14/2026 18:26
1662,Seoudi Supermarket,Sweetal Diet Sugar,Sweetal,169.95,,EGP,Diet Sweetener,Sugar,Diet Sweetener,250,g,,https://seoudisupermarket.com/en/sweetal-diet-sugar-250-gm,In Stock,9/14/2026 18:26
1663,Seoudi Supermarket,Sweet & Slim Stevia Zero Calories Sweetener,Sweet & Slim,86.95,,EGP,Diet Sweetener,Sugar,Natural Sweetener,50,pieces,,https://seoudisupermarket.com/en/sweet-slim-stevia-50-pieces,In Stock,9/14/2026 18:26
1664,Seoudi Supermarket,Sweet & Slim Diet Sugar,Sweet & Slim,141.95,,EGP,Diet Sweetener,Sugar,Diet Sweetener,250,g,,https://seoudisupermarket.com/en/sweet-slim-diet-sugar-250-g,In Stock,9/14/2026 18:26
1665,Seoudi Supermarket,Sweetal Diet Sugar,Sweetal,94.95,,EGP,Diet Sweetener,Sugar,Diet Sweetener,1,g,,https://seoudisupermarket.com/en/sweetal-diet-sugar-75-sachet-1-g-per-sachet,In Stock,9/14/2026 18:26
1666,Seoudi Supermarket,Sweet & Slim Stevia Natural Sweetener,Sweet & Slim,274.45,,EGP,Diet Sweetener,Sugar,Natural Sweetener,200,pieces,,https://seoudisupermarket.com/en/sweet-slim-stevia-natural-sweetener-200-pieces,In Stock,9/14/2026 18:26
1667,Seoudi Supermarket,Dobella Brown Sugar,Dobella,75.75,,EGP,Brown Sugar,Sugar,Brown Sugar,600,g,,https://seoudisupermarket.com/en/dobella-brown-sugar-600-g,In Stock,9/14/2026 18:26
1668,Seoudi Supermarket,Stevia Castello Natural Sweetener,Stevia Castello,249.95,,EGP,Diet Sweetener,Sugar,Natural Sweetener,100,pieces,,https://seoudisupermarket.com/en/stevia-castello-natural-sweetener-100-pieces,In Stock,9/14/2026 18:26
1669,Seoudi Supermarket,Sweet & Slim Stevia Diet Sugar,Sweet & Slim,49.95,,EGP,Diet Sweetener,Sugar,Natural Sweetener,25,pieces,,https://seoudisupermarket.com/en/sweet-slim-stevia-diet-sugar-25-sachets,In Stock,9/14/2026 18:26
1670,Seoudi Supermarket,Sweet & Slim Diet Sugar,Sweet & Slim,111.95,,EGP,Diet Sweetener,Sugar,Diet Sweetener,100,pieces,,https://seoudisupermarket.com/en/sweet-slim-diet-sugar-100-sachet,In Stock,9/14/2026 18:26
1671,Seoudi Supermarket,Stevia Castello Natural Sweetener,Stevia Castello,174.95,,EGP,Diet Sweetener,Sugar,Natural Sweetener,60,pieces,,https://seoudisupermarket.com/en/stevia-castello-natural-sweetener-60-sachet,In Stock,9/14/2026 18:26
1672,Seoudi Supermarket,Sugar Match Diet Sugar,Sugar Match,293.95,,EGP,Diet Sweetener,Sugar,Diet Sweetener,200,pieces,,https://seoudisupermarket.com/en/sugar-match-diet-sugar-200-sachet,In Stock,9/14/2026 18:26
1673,Seoudi Supermarket,Sweetal Diet Sugar,Sweetal,169.95,,EGP,Diet Sweetener,Sugar,Diet Sweetener,300,pieces,,https://seoudisupermarket.com/en/sweetal-diet-sugar-300-tablet,In Stock,9/14/2026 18:26
1674,Seoudi Supermarket,Sweetal Stevia Sugar,Sweetal,94.95,,EGP,Stevia Sweetener,Sugar,Natural Sweetener,50,pieces,,https://seoudisupermarket.com/en/sweetal-stevia-sugar-50-sachet,In Stock,9/14/2026 18:26
1675,Seoudi Supermarket,Lakanto Monkfruit Sweetener,Lakanto,176.95,,EGP,Diet Sweetener,Sugar,Diet Sweetener,235,g,,https://seoudisupermarket.com/en/lakanto-monkfruit-sweetener-235-g,In Stock,9/14/2026 18:26
1676,Seoudi Supermarket,Diamond White Sugar,Diamond,55.95,,EGP,White Sugar,Sugar,Regular Sugar,100,g,,https://seoudisupermarket.com/en/diamond-white-sugar-100-g,Out of Stock,9/14/2026 18:26
1677,Seoudi Supermarket,Island Cane Molasses,Island Cane,149.95,,EGP,Other Sugar,Sugar,Other Sugar,500,g,,https://seoudisupermarket.com/en/island-cane-molasses-500-g,Out of Stock,9/14/2026 18:26
1678,Seoudi Supermarket,Safety Fructose Sugar,Safety,87.75,,EGP,White Sugar,Sugar,Regular Sugar,300,g,,https://seoudisupermarket.com/en/safety-fructose-sugar-300-g,Out of Stock,9/14/2026 18:26
1679,Seoudi Supermarket,Billington's Light Brown Soft Sugar,Billington's,174.95,,EGP,White Sugar,Sugar,Regular Sugar,500,g,,https://seoudisupermarket.com/en/billingtons-light-brown-soft-sugar-500-g,Out of Stock,9/14/2026 18:26
1680,Seoudi Supermarket,Island Cane Demerara Sugar,Island Cane,124.95,,EGP,White Sugar,Sugar,Regular Sugar,500,g,,https://seoudisupermarket.com/en/island-cane-demerara-sugar-500-g,Out of Stock,9/14/2026 18:26
1681,Seoudi Supermarket,Rich Mix Guests Sugar,Rich Mix,81.95,,EGP,White Sugar,Sugar,Regular Sugar,120,pieces,,https://seoudisupermarket.com/en/rich-mix-guests-sugar-120-sachet,Out of Stock,9/14/2026 18:26
1682,Seoudi Supermarket,Haboba Sugar,Haboba,29.95,,EGP,White Sugar,Sugar,Regular Sugar,1,kg,,https://seoudisupermarket.com/en/haboba-sugar-1-kg,Out of Stock,9/14/2026 18:26
1683,Seoudi Supermarket,Shahd Sugar,Shahd,25.95,,EGP,White Sugar,Sugar,Regular Sugar,1,kg,,https://seoudisupermarket.com/en/shahd-sugar-1-kg,Out of Stock,9/14/2026 18:26
1684,Seoudi Supermarket,Al Sokaria Sugar,Al Sokarya,74.95,,EGP,White Sugar,Sugar,Regular Sugar,,,,https://seoudisupermarket.com/en/al-sokaria-sugar-pack-of-120,Out of Stock,9/14/2026 18:26
1685,Seoudi Supermarket,Safety Fructose Sugar,Safety,124.95,,EGP,White Sugar,Sugar,Regular Sugar,450,g,,https://seoudisupermarket.com/en/safety-fructose-sugar-450-g,Out of Stock,9/14/2026 18:26
1686,Seoudi Supermarket,Sekem Stevia Natural Sweetener,Stevia,77.25,,EGP,Diet Sweetener,Sugar,Natural Sweetener,40,pieces,,https://seoudisupermarket.com/en/sekem-stevia-natural-sweetener-40-sachet,Out of Stock,9/14/2026 18:26
1687,Seoudi Supermarket,Lakanto Monkfruit Sweetener,Lakanto,339.95,,EGP,Diet Sweetener,Sugar,Diet Sweetener,454,g,,https://seoudisupermarket.com/en/lakanto-monkfruit-sweetener-454-g,Out of Stock,9/14/2026 18:26
1688,Seoudi Supermarket,Safety Brown Sugar,Safety,31.75,,EGP,Brown Sugar,Sugar,Brown Sugar,250,g,,https://seoudisupermarket.com/en/safety-brown-sugar-250-g,Out of Stock,9/14/2026 18:26
1689,Seoudi Supermarket,Safety Fructose Sugar,Safety,67.75,,EGP,White Sugar,Sugar,Regular Sugar,250,g,,https://seoudisupermarket.com/en/safety-fructose-sugar-250-g,Out of Stock,9/14/2026 18:26
1690,Seoudi Supermarket,Sweet & Slim Zero Calories Sweetener,Sweet & Slim,304.95,,EGP,Diet Sweetener,Sugar,Diet Sweetener,400,pieces,,https://seoudisupermarket.com/en/sweet-slim-zero-calories-sweetener-400-pieces,Out of Stock,9/14/2026 18:26
1691,Seoudi Supermarket,Imtenan Coconut Sugar,Imtenan,178.45,,EGP,White Sugar,Sugar,Regular Sugar,400,g,,https://seoudisupermarket.com/en/imtenan-coconut-sugar-400-g,Out of Stock,9/14/2026 18:26
1692,Seoudi Supermarket,Lakanto Monk Fruit Sweetener,Lakanto,234.95,,EGP,Diet Sweetener,Sugar,Diet Sweetener,100,pieces,,https://seoudisupermarket.com/en/lakanto-monk-fruit-sweetener-100-sachets,Out of Stock,9/14/2026 18:26
1693,Seoudi Supermarket,Island Cane Light Muscovado Sugar,Island Cane,144.95,,EGP,White Sugar,Sugar,Regular Sugar,500,g,,https://seoudisupermarket.com/en/island-cane-light-muscovado-sugar-500-g,Out of Stock,9/14/2026 18:26
1694,Seoudi Supermarket,Rich Mix Brown Sugar,Rich Mix,81.95,,EGP,Brown Sugar,Sugar,Brown Sugar,500,g,,https://seoudisupermarket.com/en/rich-mix-brown-sugar-500-g,Out of Stock,9/14/2026 18:26
1695,Seoudi Supermarket,El Welely Sugar,El Welely,29.95,,EGP,White Sugar,Sugar,Regular Sugar,1,kg,,https://seoudisupermarket.com/en/el-welely-sugar-1-kg,Out of Stock,9/14/2026 18:26
1696,Seoudi Supermarket,Lakanto Monk Fruit Sweetener,Lakanto,124.95,,EGP,Diet Sweetener,Sugar,Diet Sweetener,40,pieces,,https://seoudisupermarket.com/en/lakanto-monk-fruit-sweetener-40-sachets,Out of Stock,9/14/2026 18:26
1697,Seoudi Supermarket,Rich Mix Brown Sugar,Rich Mix,88.45,,EGP,Brown Sugar,Sugar,Brown Sugar,120,pieces,,https://seoudisupermarket.com/en/rich-mix-brown-sugar-120-sachet,Out of Stock,9/14/2026 18:26
1698,Seoudi Supermarket,Billington's Light Brown Soft Sugar,Billington's,354.95,,EGP,White Sugar,Sugar,Regular Sugar,1,kg,,https://seoudisupermarket.com/en/billingtons-light-brown-soft-sugar-1-kg,Out of Stock,9/14/2026 18:26
1699,Seoudi Supermarket,"Al Sokaria Brown Sugar, - Pack of 100",Al Sokarya,85.95,,EGP,Brown Sugar,Sugar,Brown Sugar,500,g,,https://seoudisupermarket.com/en/al-sokaria-brown-sugar-500-g-pack-of-100,Out of Stock,9/14/2026 18:26
1700,Seoudi Supermarket,Splenda Diet Sugar,Splenda,199.95,,EGP,Diet Sweetener,Sugar,Diet Sweetener,50,g,,https://seoudisupermarket.com/en/splenda-diet-sugar-50-g-50-sachet,Out of Stock,9/14/2026 18:26
1701,Seoudi Supermarket,Sussli Diet Sugar,Sussli,334.95,,EGP,Diet Sweetener,Sugar,Diet Sweetener,1200,pieces,,https://seoudisupermarket.com/en/sussli-diet-sugar-1200-tablet,Out of Stock,9/14/2026 18:26
1702,Seoudi Supermarket,Safety Fructose Sugar,Safety,124.95,,EGP,White Sugar,Sugar,Regular Sugar,500,g,,https://seoudisupermarket.com/en/safety-fructose-sugar-500-g,Out of Stock,9/14/2026 18:26
1703,Seoudi Supermarket,Sugar Match Diet Sugar,Sugar Match,79.75,,EGP,Diet Sweetener,Sugar,Diet Sweetener,75,pieces,,https://seoudisupermarket.com/en/sugar-match-diet-sugar-75-sachets,Out of Stock,9/14/2026 18:26
1704,Seoudi Supermarket,Al Yom Sugar,Al Yom,25.95,,EGP,White Sugar,Sugar,Regular Sugar,1,kg,,https://seoudisupermarket.com/en/al-yom-sugar-1-kg,Out of Stock,9/14/2026 18:26
1705,Seoudi Supermarket,Ahmad Tea English Tea N.1 Tagged Teabags,Ahmad Tea,84.95,,EGP,Other Tea,Tea,Regular Tea,20,pieces,,https://seoudisupermarket.com/en/ahmad-tea-english-tea-n-1-tagged-teabags-20-pieces,In Stock,9/14/2026 18:42
1706,Seoudi Supermarket,Rabea Kharaz Tea,Rabea,84.95,,EGP,Other Tea,Tea,Regular Tea,225,g,,https://seoudisupermarket.com/en/rabea-kharaz-tea-225-g,In Stock,9/14/2026 18:42
1707,Seoudi Supermarket,"Ahmad Tea Vanilla, Cinnamon & Apple Tea",Ahmad Tea,94.75,,EGP,Flavored Tea,Tea,Regular Tea,20,pieces,,https://seoudisupermarket.com/en/ahmad-tea-vanilla-cinnamon-apple-tea-20-tea-bags,In Stock,9/14/2026 18:42
1708,Seoudi Supermarket,Lipton Tea + Free Gift,Lipton,119.95,,EGP,Other Tea,Tea,Regular Tea,100,pieces,,https://seoudisupermarket.com/en/lipton-tea-100-tea-bags-free-gift,In Stock,9/14/2026 18:42
1709,Seoudi Supermarket,Rabea Green Tea,Rabea,39.95,,EGP,Green Tea,Tea,Green Tea,25,pieces,,https://seoudisupermarket.com/en/rabea-green-tea-25-teabags,In Stock,9/14/2026 18:42
1710,Seoudi Supermarket,Rabea Green Tea,Rabea,73.95,,EGP,Green Tea,Tea,Green Tea,50,pieces,,https://seoudisupermarket.com/en/rabea-green-tea-50-teabags,In Stock,9/14/2026 18:42
1711,Seoudi Supermarket,AlAttar Tumeric & Ginger Green Tea,Alattar,139.95,,EGP,Green Tea,Tea,Green Tea,20,pieces,,https://seoudisupermarket.com/en/alattar-tumeric-ginger-green-tea-20-sachets,In Stock,9/14/2026 18:42
1712,Seoudi Supermarket,Lipton Green Tea with Mint,Lipton,67.75,,EGP,Green Tea,Tea,Green Tea,50,pieces,,https://seoudisupermarket.com/en/lipton-green-tea-with-mint-50-bags,In Stock,9/14/2026 18:42
1713,Seoudi Supermarket,Lipton Non - Bitter Green Tea,Lipton,67.75,,EGP,Green Tea,Tea,Green Tea,50,pieces,,https://seoudisupermarket.com/en/lipton-non-bitter-green-tea-50-bags,In Stock,9/14/2026 18:42
1714,Seoudi Supermarket,Brooke Bond Red Label Loose Tea,Brooke Bond,9.45,,EGP,Black Tea,Tea,Loose Tea,40,g,,https://seoudisupermarket.com/en/brooke-bond-red-label-loose-tea-40-g,In Stock,9/14/2026 18:42
1715,Seoudi Supermarket,Royal Black Tea with Berries,Royal,58.45,,EGP,Black Tea,Tea,Black Tea,20,pieces,,https://seoudisupermarket.com/en/royal-black-tea-with-berries-20-bags,In Stock,9/14/2026 18:42
1716,Seoudi Supermarket,Royal Black Tea with Cloves,Royal,35.75,,EGP,Black Tea,Tea,Black Tea,20,pieces,,https://seoudisupermarket.com/en/royal-black-tea-with-cloves-20-bags,In Stock,9/14/2026 18:42
1717,Seoudi Supermarket,Royal Black Tea with Cardamom,Royal,42.75,,EGP,Black Tea,Tea,Black Tea,20,pieces,,https://seoudisupermarket.com/en/royal-black-tea-with-cardamom-20-bags,In Stock,9/14/2026 18:42
1718,Seoudi Supermarket,Royal Black Tea with Peach,Royal,47.75,,EGP,Black Tea,Tea,Black Tea,20,pieces,,https://seoudisupermarket.com/en/royal-black-tea-with-peach-20-bags,In Stock,9/14/2026 18:42
1719,Seoudi Supermarket,Ahmad Tea Blend Tea,Ahmad Tea,118.95,150.75,EGP,Other Tea,Tea,Regular Tea,100,pieces,21,https://seoudisupermarket.com/en/ahmad-tea-blend-tea-100-teabags,In Stock,9/14/2026 18:42
1720,Seoudi Supermarket,Ahmad Tea Blend Tea,Ahmad Tea,31.95,40.45,EGP,Other Tea,Tea,Regular Tea,25,pieces,21,https://seoudisupermarket.com/en/ahmad-tea-blend-tea-25-teabags,In Stock,9/14/2026 18:42
1721,Seoudi Supermarket,Al Kbous Tea,Al Kbous,74.95,89.45,EGP,Other Tea,Tea,Regular Tea,200,g,16,https://seoudisupermarket.com/en/al-kbous-tea-200-g,In Stock,9/14/2026 18:42
1722,Seoudi Supermarket,Al Kbous Tea,Al Kbous,14.45,,EGP,Other Tea,Tea,Regular Tea,30,g,,https://seoudisupermarket.com/en/al-kbous-tea-30-g,In Stock,9/14/2026 18:42
1723,Seoudi Supermarket,Al Kbous Tea,Al Kbous,44.75,,EGP,Other Tea,Tea,Regular Tea,100,g,,https://seoudisupermarket.com/en/al-kbous-tea-100-g,In Stock,9/14/2026 18:42
1724,Seoudi Supermarket,Al Kbous Tea,Al Kbous,124.95,142.95,EGP,Other Tea,Tea,Regular Tea,100,pieces,13,https://seoudisupermarket.com/en/al-kbous-tea-100-teabags,In Stock,9/14/2026 18:42
1725,Seoudi Supermarket,Horse Head Ceylon Tea,Horse Head,41.95,,EGP,Ceylon Tea,Tea,Black Tea,20,pieces,,https://seoudisupermarket.com/en/horse-head-ceylon-tea-20-tea-bags,In Stock,9/14/2026 18:42
1726,Seoudi Supermarket,Horse Head Ceylon Tea,Horse Head,120.25,,EGP,Ceylon Tea,Tea,Black Tea,140,g,,https://seoudisupermarket.com/en/horse-head-ceylon-tea-140-g,In Stock,9/14/2026 18:42
1727,Seoudi Supermarket,Lipton Loose Tea,Lipton,11.95,,EGP,Black Tea,Tea,Loose Tea,40,g,,https://seoudisupermarket.com/en/lipton-loose-tea-40-g,In Stock,9/14/2026 18:42
1728,Seoudi Supermarket,Lipton Loose Tea,Lipton,30.45,,EGP,Black Tea,Tea,Loose Tea,100,g,,https://seoudisupermarket.com/en/lipton-loose-tea-100-g,In Stock,9/14/2026 18:42
1729,Seoudi Supermarket,Lipton Tea,Lipton,39.75,,EGP,Other Tea,Tea,Regular Tea,25,pieces,,https://seoudisupermarket.com/en/lipton-tea-25-pieces,In Stock,9/14/2026 18:42
1730,Seoudi Supermarket,El Arosa Loose Black Tea,El Arosa,53.95,,EGP,Black Tea,Tea,Black Tea,250,g,,https://seoudisupermarket.com/en/el-arosa-loose-black-tea-250-g,In Stock,9/14/2026 18:42
1731,Seoudi Supermarket,El Arosa Black Tea,El Arosa,23.45,,EGP,Black Tea,Tea,Black Tea,25,pieces,,https://seoudisupermarket.com/en/el-arosa-black-tea-25-pieces,In Stock,9/14/2026 18:42
1732,Seoudi Supermarket,El Arosa Loose Tea,El Arosa,9.95,,EGP,Black Tea,Tea,Loose Tea,40,g,,https://seoudisupermarket.com/en/el-arosa-loose-tea-40-g,In Stock,9/14/2026 18:42
1733,Seoudi Supermarket,Tea Break Karak Tea - Pack of 8,Tea Break,94.95,103.95,EGP,Karak Tea,Tea,Karak Tea,25,g,9,https://seoudisupermarket.com/en/tea-break-karak-tea-25-g-pack-of-8,In Stock,9/14/2026 18:42
1734,Seoudi Supermarket,Rabea Extra Strong Black Tea,Rabea,119.95,,EGP,Black Tea,Tea,Black Tea,100,pieces,,https://seoudisupermarket.com/en/rabea-extra-strong-black-tea-100-pieces,In Stock,9/14/2026 18:42
1735,Seoudi Supermarket,Twinings English Breakfast Tea,Twinings,496.25,,EGP,English Breakfast Tea,Tea,Black Tea,50,pieces,,https://seoudisupermarket.com/en/twinings-english-breakfast-tea-50-pieces,In Stock,9/14/2026 18:42
1736,Seoudi Supermarket,Ahmad Tea London Tea with Clove,Ahmad Tea,186.95,,EGP,Flavored Tea,Tea,Regular Tea,250,g,,https://seoudisupermarket.com/en/ahmad-tea-london-tea-with-clove-250-g,In Stock,9/14/2026 18:42
1737,Seoudi Supermarket,Ahmad Tea Soft Tea with Mint,Ahmad Tea,74.95,104.45,EGP,Flavored Tea,Tea,Regular Tea,200,g,28,https://seoudisupermarket.com/en/ahmad-tea-soft-tea-with-mint-200-g,In Stock,9/14/2026 18:42
1738,Seoudi Supermarket,Lipton English Breakfast Tea,Lipton,39.75,,EGP,English Breakfast Tea,Tea,Black Tea,25,pieces,,https://seoudisupermarket.com/en/lipton-english-breakfast-tea-25-pieces,In Stock,9/14/2026 18:42
1739,Seoudi Supermarket,Lipton Dust Tea,Lipton,124.95,,EGP,Black Tea,Tea,Loose Tea,500,g,,https://seoudisupermarket.com/en/lipton-dust-tea-500-g,In Stock,9/14/2026 18:42
1740,Seoudi Supermarket,British Tea,British Tea,49.95,,EGP,Other Tea,Tea,Regular Tea,50,pieces,,https://seoudisupermarket.com/en/british-tea-50-pieces,In Stock,9/14/2026 18:42
1741,Seoudi Supermarket,British Tea,British Tea,25.95,,EGP,Other Tea,Tea,Regular Tea,25,pieces,,https://seoudisupermarket.com/en/british-tea-25-pieces,In Stock,9/14/2026 18:42
1742,Seoudi Supermarket,Rabea Extra Strong Fine Black Tea,Rabea,11.95,,EGP,Black Tea,Tea,Black Tea,40,g,,https://seoudisupermarket.com/en/rabea-extra-strong-fine-black-tea-40-g,In Stock,9/14/2026 18:42
1743,Seoudi Supermarket,Rabea Extra Strong Fine Black Tea,Rabea,29.75,,EGP,Black Tea,Tea,Black Tea,100,g,,https://seoudisupermarket.com/en/rabea-extra-strong-fine-black-tea-100-g,In Stock,9/14/2026 18:42
1744,Seoudi Supermarket,Rabea Extra Strong Fine Black Tea,Rabea,63.75,,EGP,Black Tea,Tea,Black Tea,225,g,,https://seoudisupermarket.com/en/rabea-extra-strong-fine-black-tea-250-g,In Stock,9/14/2026 18:42
1745,Seoudi Supermarket,Alattar Matcha Tea,Alattar,134.95,,EGP,Green Tea,Tea,Green Tea,20,pieces,,https://seoudisupermarket.com/en/alattar-matcha-tea-20-pieces,In Stock,9/14/2026 18:42
1746,Seoudi Supermarket,Taylors Earl Grey Tea,Taylors,179.95,,EGP,Earl Grey Tea,Tea,Black Tea,20,pieces,,https://seoudisupermarket.com/en/taylors-earl-grey-tea-20-pieces,In Stock,9/14/2026 18:42
1747,Seoudi Supermarket,Ahmad Tea English Breakfast Foil Teabags,Ahmad Tea,84.95,,EGP,English Breakfast Tea,Tea,Black Tea,20,pieces,,https://seoudisupermarket.com/en/ahmad-tea-english-breakfast-foil-teabags-20-pieces,In Stock,9/14/2026 18:42
1748,Seoudi Supermarket,Rabea Extra Strong Black Tea,Rabea,32.75,,EGP,Black Tea,Tea,Black Tea,25,pieces,,https://seoudisupermarket.com/en/rabea-extra-strong-black-tea-25-pieces,In Stock,9/14/2026 18:42
1749,Seoudi Supermarket,Ahmad Tea London Blend Black Tea,Ahmad Tea,33.95,43.75,EGP,Black Tea,Tea,Black Tea,100,g,22,https://seoudisupermarket.com/en/ahmad-tea-london-blend-black-tea-100-g,In Stock,9/14/2026 18:42
1750,Seoudi Supermarket,Ahmad Tea Mint Green Tea,Ahmad Tea,89.95,,EGP,Green Tea,Tea,Green Tea,100,g,,https://seoudisupermarket.com/en/ahmad-tea-mint-green-tea-100-g,In Stock,9/14/2026 18:42
1751,Seoudi Supermarket,Ahmad Tea Raspberry Pomegranate Flavored Green Tea,Ahmad Tea,94.75,,EGP,Green Tea,Tea,Green Tea,20,pieces,,https://seoudisupermarket.com/en/ahmad-tea-raspberry-pomegranate-flavored-green-tea-20-pieces,In Stock,9/14/2026 18:42
1752,Seoudi Supermarket,Royal Green Tea,Royal,25.75,29.95,EGP,Green Tea,Tea,Green Tea,25,pieces,14,https://seoudisupermarket.com/en/royal-green-tea-25-pieces,In Stock,9/14/2026 18:42
1753,Seoudi Supermarket,Ahmad Tea Earl Grey Tea,Ahmad Tea,209.95,,EGP,Earl Grey Tea,Tea,Black Tea,250,g,,https://seoudisupermarket.com/en/ahmad-tea-earl-grey-tea-250-g,In Stock,9/14/2026 18:42
1754,Seoudi Supermarket,Ahmad Tea Jasmine Green Tea,Ahmad Tea,244.75,,EGP,Green Tea,Tea,Green Tea,250,g,,https://seoudisupermarket.com/en/ahmad-tea-jasmine-green-tea-250-g,In Stock,9/14/2026 18:42
1755,Seoudi Supermarket,Ahmad Tea London Blend Black Tea,Ahmad Tea,18.75,,EGP,Black Tea,Tea,Black Tea,40,g,,https://seoudisupermarket.com/en/ahmad-tea-london-blend-black-tea-40-g,In Stock,9/14/2026 18:42
1756,Seoudi Supermarket,Ahmad Tea Mint Green Tea,Ahmad Tea,209.75,,EGP,Green Tea,Tea,Green Tea,250,g,,https://seoudisupermarket.com/en/ahmad-tea-mint-green-tea-250-g,In Stock,9/14/2026 18:42
1757,Seoudi Supermarket,Royal Mint Green Tea,Royal,25.75,29.95,EGP,Green Tea,Tea,Green Tea,25,pieces,14,https://seoudisupermarket.com/en/royal-mint-green-tea-25-pieces,In Stock,9/14/2026 18:42
1758,Seoudi Supermarket,Ahmad Tea Green Tea Selection,Ahmad Tea,88.75,,EGP,Green Tea,Tea,Green Tea,20,pieces,,https://seoudisupermarket.com/en/ahmad-tea-green-tea-selection-20-pieces,In Stock,9/14/2026 18:42
1759,Seoudi Supermarket,Ahmad Tea Green Tea,Ahmad Tea,71.95,,EGP,Green Tea,Tea,Green Tea,100,g,,https://seoudisupermarket.com/en/ahmad-tea-green-tea-100-g,In Stock,9/14/2026 18:42
1760,Seoudi Supermarket,Ahmad Tea Green Tea,Ahmad Tea,164.75,,EGP,Green Tea,Tea,Green Tea,250,g,,https://seoudisupermarket.com/en/ahmad-tea-green-tea-250-g,In Stock,9/14/2026 18:42
1761,Seoudi Supermarket,Ahmad Tea Mint Green Tea,Ahmad Tea,208.25,,EGP,Green Tea,Tea,Green Tea,100,pieces,,https://seoudisupermarket.com/en/ahmad-tea-mint-green-tea-100-pieces,In Stock,9/14/2026 18:42
1762,Seoudi Supermarket,Ahmad Tea English N.1 Taggless Teabags,Ahmad Tea,142.25,,EGP,Other Tea,Tea,Regular Tea,100,pieces,,https://seoudisupermarket.com/en/ahmad-tea-english-n-1-taggless-teabags-100-pieces,In Stock,9/14/2026 18:42
1763,Seoudi Supermarket,Ahmad Tea English N.1 Tagged Teabags,Ahmad Tea,54.95,,EGP,Other Tea,Tea,Regular Tea,25,pieces,,https://seoudisupermarket.com/en/ahmad-tea-english-n-1-tagged-teabags-25-pieces,In Stock,9/14/2026 18:42
1764,Seoudi Supermarket,Ahmad Tea English N.1 Tagged Teabags,Ahmad Tea,181.75,,EGP,Other Tea,Tea,Regular Tea,100,pieces,,https://seoudisupermarket.com/en/ahmad-tea-english-n-1-tagged-teabags-100-pieces,In Stock,9/14/2026 18:42
1765,Seoudi Supermarket,Ahmad Tea Earl Grey Tea,Ahmad Tea,89.95,,EGP,Earl Grey Tea,Tea,Black Tea,100,g,,https://seoudisupermarket.com/en/ahmad-tea-earl-grey-tea-100-g,In Stock,9/14/2026 18:42
1766,Seoudi Supermarket,Ahmad Tea Earl Grey Tea,Ahmad Tea,229.95,,EGP,Earl Grey Tea,Tea,Black Tea,100,pieces,,https://seoudisupermarket.com/en/ahmad-tea-earl-grey-tea-100-pieces,In Stock,9/14/2026 18:42
1767,Seoudi Supermarket,Ahmad Tea Earl Grey Tea,Ahmad Tea,59.75,,EGP,Earl Grey Tea,Tea,Black Tea,25,pieces,,https://seoudisupermarket.com/en/ahmad-tea-earl-grey-tea-25-pieces,In Stock,9/14/2026 18:42
1768,Seoudi Supermarket,Ahmad Tea Black Tea with Cinnamon Haze,Ahmad Tea,94.75,,EGP,Black Tea,Tea,Black Tea,20,pieces,,https://seoudisupermarket.com/en/ahmad-tea-black-tea-with-cinnamon-haze-20-piece,In Stock,9/14/2026 18:42
1769,Seoudi Supermarket,Ahmad Tea Fruit Black Tea with Respberry Indulgence,Ahmad Tea,94.75,,EGP,Black Tea,Tea,Black Tea,20,pieces,,https://seoudisupermarket.com/en/ahmad-tea-fruit-black-tea-with-respberry-indulgence-20-piece,In Stock,9/14/2026 18:42
1770,Seoudi Supermarket,Ahmad Tea Fruit Black Tea with Strawberry Sensation,Ahmad Tea,94.75,,EGP,Black Tea,Tea,Black Tea,20,pieces,,https://seoudisupermarket.com/en/ahmad-tea-fruit-black-tea-with-strawberry-sensation-20-piece,In Stock,9/14/2026 18:42
1771,Seoudi Supermarket,Ahmad Tea Clove Tea,Ahmad Tea,208.25,,EGP,Flavored Tea,Tea,Regular Tea,100,pieces,,https://seoudisupermarket.com/en/ahmad-tea-clove-tea-100-pieces,In Stock,9/14/2026 18:42
1772,Seoudi Supermarket,Ahmad Tea Clove Flavored Black Tea,Ahmad Tea,54.95,,EGP,Black Tea,Tea,Black Tea,25,pieces,,https://seoudisupermarket.com/en/ahmad-tea-clove-flavored-black-tea-25-pieces,In Stock,9/14/2026 18:42
1773,Seoudi Supermarket,Ahmad Tea Fruit Black Tea with Lemon & Lime Twist,Ahmad Tea,94.75,,EGP,Black Tea,Tea,Black Tea,20,pieces,,https://seoudisupermarket.com/en/ahmad-tea-fruit-black-tea-with-lemon-and-lime-twist-20-piece,In Stock,9/14/2026 18:42
1774,Seoudi Supermarket,Ahmad Tea English Breakfast Tagged Teabags,Ahmad Tea,181.75,,EGP,English Breakfast Tea,Tea,Black Tea,100,pieces,,https://seoudisupermarket.com/en/ahmad-tea-english-breakfast-tagged-teabags-100-pieces,In Stock,9/14/2026 18:42
1775,Seoudi Supermarket,Ahmad Tea English Breakfast Tagged Teabags,Ahmad Tea,48.95,,EGP,English Breakfast Tea,Tea,Black Tea,25,pieces,,https://seoudisupermarket.com/en/ahmad-tea-english-breakfast-tagged-teabags-25-pieces,In Stock,9/14/2026 18:42
1776,Seoudi Supermarket,Ahmad Tea English Breakfast Tagless Teabags,Ahmad Tea,118.95,142.25,EGP,English Breakfast Tea,Tea,Black Tea,100,pieces,16,https://seoudisupermarket.com/en/ahmad-tea-english-breakfast-tagless-teabags-100-sachet,In Stock,9/14/2026 18:42
1777,Seoudi Supermarket,Ahmad Tea Fruit Black Tea with Apple Refresh,Ahmad Tea,94.75,,EGP,Black Tea,Tea,Black Tea,20,pieces,,https://seoudisupermarket.com/en/ahmad-tea-fruit-black-tea-with-apple-refresh-20-piece,In Stock,9/14/2026 18:42
1778,Seoudi Supermarket,Ahmad Tea Fruit Black Tea with Peach & Passion Fruit,Ahmad Tea,94.75,,EGP,Black Tea,Tea,Black Tea,20,pieces,,https://seoudisupermarket.com/en/ahmad-tea-fruit-black-tea-with-peach-passion-fruit-20-piece,In Stock,9/14/2026 18:42
1779,Seoudi Supermarket,Ahmad Tea London Blend Strong Fine Tea,Ahmad Tea,67.95,90.25,EGP,Other Tea,Tea,Regular Tea,200,g,25,https://seoudisupermarket.com/en/ahmad-tea-london-blend-strong-fine-tea-200-g,In Stock,9/14/2026 18:42
1780,Seoudi Supermarket,Ahmad Tea Fruit Black Tea with Mango Magic,Ahmad Tea,94.75,,EGP,Black Tea,Tea,Black Tea,20,pieces,,https://seoudisupermarket.com/en/ahmad-tea-fruit-black-tea-with-mango-magic-20-piece,In Stock,9/14/2026 18:42
1781,Seoudi Supermarket,Ahmad Tea Evening Tea,Ahmad Tea,104.95,,EGP,Other Tea,Tea,Regular Tea,20,pieces,,https://seoudisupermarket.com/en/ahmad-tea-evening-tea-20-pieces,In Stock,9/14/2026 18:42
1782,Seoudi Supermarket,Ahmad Tea Fruit Black Tea with Apricot Sunrise,Ahmad Tea,94.75,,EGP,Black Tea,Tea,Black Tea,20,pieces,,https://seoudisupermarket.com/en/ahmad-tea-fruit-black-tea-with-apricot-sunrise-20-piece,In Stock,9/14/2026 18:42
1783,Seoudi Supermarket,El Arosa Tea,El Arosa,44.95,,EGP,Other Tea,Tea,Regular Tea,50,pieces,,https://seoudisupermarket.com/en/el-arosa-tea-50-pieces,In Stock,9/14/2026 18:42
1784,Seoudi Supermarket,El Arosa Mint Green Tea,El Arosa,23.45,,EGP,Green Tea,Tea,Green Tea,25,pieces,,https://seoudisupermarket.com/en/el-arosa-mint-green-tea-25-pieces,In Stock,9/14/2026 18:42
1785,Seoudi Supermarket,El Arosa Mint Green Tea,El Arosa,94.95,,EGP,Green Tea,Tea,Green Tea,100,pieces,,https://seoudisupermarket.com/en/el-arosa-mint-green-tea-100-pieces,In Stock,9/14/2026 18:42
1786,Seoudi Supermarket,El Arosa Premium Tea,El Arosa,32.95,,EGP,Other Tea,Tea,Regular Tea,100,g,,https://seoudisupermarket.com/en/el-arosa-premium-tea-100-g,In Stock,9/14/2026 18:42
1787,Seoudi Supermarket,El Arosa Kharaz Tea,El Arosa,81.25,,EGP,Other Tea,Tea,Regular Tea,250,g,,https://seoudisupermarket.com/en/el-arosa-kharaz-tea-250-g,In Stock,9/14/2026 18:42
1788,Seoudi Supermarket,El Arosa Loose Tea,El Arosa,22.95,,EGP,Black Tea,Tea,Loose Tea,100,g,,https://seoudisupermarket.com/en/el-arosa-loose-tea-100-g,In Stock,9/14/2026 18:42
1789,Seoudi Supermarket,El Arosa Black Tea,El Arosa,94.95,,EGP,Black Tea,Tea,Black Tea,100,pieces,,https://seoudisupermarket.com/en/el-arosa-black-tea-100-pieces,In Stock,9/14/2026 18:42
1790,Seoudi Supermarket,Alattar White Tea,Alattar,134.95,,EGP,White Tea,Tea,White Tea,20,pieces,,https://seoudisupermarket.com/en/alattar-white-tea-20-pieces,In Stock,9/14/2026 18:42
1791,Seoudi Supermarket,Alattar Moringa Flavored Green Tea,Alattar,86.45,,EGP,Herbal Tea,Tea,Herbal Tea,20,pieces,,https://seoudisupermarket.com/en/alattar-moringa-flavored-green-tea-20-pieces,In Stock,9/14/2026 18:42
1792,Seoudi Supermarket,Imtenan Green Tea Kay,Imtenan,44.95,49.95,EGP,Green Tea,Tea,Green Tea,18,pieces,10,https://seoudisupermarket.com/en/imtenan-green-tea-kay-18-pieces,In Stock,9/14/2026 18:42
1793,Seoudi Supermarket,Tea Break Thai Masala Tea,Tea Break,13.75,,EGP,Other Tea,Tea,Regular Tea,1,pieces,,https://seoudisupermarket.com/en/tea-break-thai-masala-tea-1-piece,In Stock,9/14/2026 18:42
1794,Seoudi Supermarket,Tea Break Thai Masala Tea,Tea Break,103.95,,EGP,Other Tea,Tea,Regular Tea,8,pieces,,https://seoudisupermarket.com/en/tea-break-thai-masala-tea-8-pieces,In Stock,9/14/2026 18:42
1795,Seoudi Supermarket,Tea Break Adan Tea with Ginger,Tea Break,103.95,,EGP,Flavored Tea,Tea,Regular Tea,25,g,,https://seoudisupermarket.com/en/tea-break-adan-tea-with-ginger-25-g-8-pieces,In Stock,9/14/2026 18:42
1796,Seoudi Supermarket,Tea Break Karak Tea,Tea Break,13.75,,EGP,Karak Tea,Tea,Karak Tea,1,pieces,,https://seoudisupermarket.com/en/tea-break-karak-tea-1-piece,In Stock,9/14/2026 18:42
1797,Seoudi Supermarket,Taylors English Breakfast Tea,Taylors,179.95,,EGP,English Breakfast Tea,Tea,Black Tea,20,pieces,,https://seoudisupermarket.com/en/taylors-english-breakfast-tea-20-pieces,In Stock,9/14/2026 18:42
1798,Seoudi Supermarket,Twinings Pure Green Tea,Twinings,340.95,,EGP,Green Tea,Tea,Green Tea,25,pieces,,https://seoudisupermarket.com/en/twinings-pure-green-tea-25-pieces,In Stock,9/14/2026 18:42
1799,Seoudi Supermarket,Twinings Pure Green Tea,Twinings,582.25,,EGP,Green Tea,Tea,Green Tea,50,pieces,,https://seoudisupermarket.com/en/twinings-pure-green-tea-50-pieces,In Stock,9/14/2026 18:42
1800,Seoudi Supermarket,Twinings Mint Green Tea,Twinings,639.25,,EGP,Green Tea,Tea,Green Tea,50,pieces,,https://seoudisupermarket.com/en/twinings-mint-green-tea-50-pieces,In Stock,9/14/2026 18:42
1801,Seoudi Supermarket,Twinings Green Tea with Ginger,Twinings,354.45,,EGP,Green Tea,Tea,Green Tea,25,pieces,,https://seoudisupermarket.com/en/twinings-green-tea-with-ginger-25-pieces,In Stock,9/14/2026 18:42
1802,Seoudi Supermarket,Twinings Green Tea & Forest Fruit,Twinings,354.45,,EGP,Green Tea,Tea,Green Tea,25,pieces,,https://seoudisupermarket.com/en/twinings-green-tea-and-forest-fruit-25-pieces,In Stock,9/14/2026 18:42
1803,Seoudi Supermarket,Twinings Green Tea with Moroccan Mint,Twinings,354.45,,EGP,Green Tea,Tea,Green Tea,25,pieces,,https://seoudisupermarket.com/en/twinings-green-tea-with-moroccan-mint-25-pieces,In Stock,9/14/2026 18:42
1804,Seoudi Supermarket,Twinings Green Tea & Mint,Twinings,354.45,,EGP,Green Tea,Tea,Green Tea,25,pieces,,https://seoudisupermarket.com/en/twinings-green-tea-and-mint-25-pieces,In Stock,9/14/2026 18:42
1805,Seoudi Supermarket,Twinings Green Tea & Lemon,Twinings,354.45,,EGP,Green Tea,Tea,Green Tea,25,pieces,,https://seoudisupermarket.com/en/twinings-green-tea-and-lemon-25-pieces,In Stock,9/14/2026 18:42
1806,Seoudi Supermarket,Twinings Earl Grey Tea,Twinings,311.75,,EGP,Earl Grey Tea,Tea,Black Tea,25,pieces,,https://seoudisupermarket.com/en/twinings-earl-grey-tea-25-pieces,In Stock,9/14/2026 18:42
1807,Seoudi Supermarket,Twinings English Breakfast Tea,Twinings,277.25,,EGP,English Breakfast Tea,Tea,Black Tea,25,pieces,,https://seoudisupermarket.com/en/twinings-english-breakfast-tea-25-pieces,In Stock,9/14/2026 18:42
1808,Seoudi Supermarket,Dilmah Pure Cyleon Tea,Dilmah,54.95,,EGP,Other Tea,Tea,Regular Tea,25,pieces,,https://seoudisupermarket.com/en/dilmah-pure-cyleon-tea-25-pieces,In Stock,9/14/2026 18:42
1809,Seoudi Supermarket,Dilmah Ceylon Black Tea Tagged Teabags,Dilmah,289.95,,EGP,Ceylon Tea,Tea,Black Tea,100,pieces,,https://seoudisupermarket.com/en/dilmah-ceylon-black-tea-tagged-teabags-100-pieces,In Stock,9/14/2026 18:42
1810,Seoudi Supermarket,Dilmah English Breakfast Tea,Dilmah,99.95,,EGP,English Breakfast Tea,Tea,Black Tea,20,pieces,,https://seoudisupermarket.com/en/dilmah-english-breakfast-tea-20-pieces,In Stock,9/14/2026 18:42
1811,Seoudi Supermarket,Dilmah Earl Grey Tea,Dilmah,99.95,,EGP,Earl Grey Tea,Tea,Black Tea,20,pieces,,https://seoudisupermarket.com/en/dilmah-earl-grey-tea-20-pieces,In Stock,9/14/2026 18:42
1812,Seoudi Supermarket,Dilmah Apple Cinnmon & Vanilla Flavored Ceylon Black Tea,Dilmah,89.75,,EGP,Ceylon Tea,Tea,Black Tea,20,pieces,,https://seoudisupermarket.com/en/dilmah-apple-cinnmon-and-vanilla-flavored-ceylon-black-tea-20-pieces,In Stock,9/14/2026 18:42
1813,Seoudi Supermarket,Dilmah Raspberry Flavored Ceylon Black Tea,Dilmah,75.75,,EGP,Ceylon Tea,Tea,Black Tea,20,pieces,,https://seoudisupermarket.com/en/dilmah-raspberry-flavored-ceylon-black-tea-20-pieces,In Stock,9/14/2026 18:42
1814,Seoudi Supermarket,Dilmah Blueberry & Vanilla Flavored Ceylon Black Tea,Dilmah,89.75,,EGP,Ceylon Tea,Tea,Black Tea,20,pieces,,https://seoudisupermarket.com/en/dilmah-blueberry-and-vanilla-flavored-ceylon-black-tea-20-pieces,In Stock,9/14/2026 18:42
1815,Seoudi Supermarket,Rabea Original Black Tea,Rabea,119.95,,EGP,Black Tea,Tea,Black Tea,100,pieces,,https://seoudisupermarket.com/en/rabea-original-black-tea-100-pieces,In Stock,9/14/2026 18:42
1816,Seoudi Supermarket,Rabea Original Black Tea,Rabea,32.75,,EGP,Black Tea,Tea,Black Tea,25,pieces,,https://seoudisupermarket.com/en/rabea-original-black-tea-25-pieces,In Stock,9/14/2026 18:42
1817,Seoudi Supermarket,Rabea Original Black Tea,Rabea,64.45,,EGP,Black Tea,Tea,Black Tea,50,pieces,,https://seoudisupermarket.com/en/rabea-original-black-tea-50-pieces,In Stock,9/14/2026 18:42
1818,Seoudi Supermarket,Royal Mint Green Tea,Royal,59.95,,EGP,Green Tea,Tea,Green Tea,50,pieces,,https://seoudisupermarket.com/en/royal-mint-green-tea-50-pieces,In Stock,9/14/2026 18:42
1819,Seoudi Supermarket,Royal Regime Tea Herbal Teabags,Royal,27.95,,EGP,Herbal Tea,Tea,Herbal Tea,25,pieces,,https://seoudisupermarket.com/en/royal-regime-tea-herbal-teabags-25-pieces,In Stock,9/14/2026 18:42
1820,Seoudi Supermarket,"Lipton Tea, - Discount%",Lipton,31.25,,EGP,Other Tea,Tea,Regular Tea,25,pieces,,https://seoudisupermarket.com/en/lipton-tea-25-pieces-discount,In Stock,9/14/2026 18:42
1821,Seoudi Supermarket,Lipton Tea,Lipton,64.95,,EGP,Other Tea,Tea,Regular Tea,50,pieces,,https://seoudisupermarket.com/en/lipton-tea-50-pieces,In Stock,9/14/2026 18:42
1822,Seoudi Supermarket,Lipton Mint Green Tea,Lipton,39.95,,EGP,Green Tea,Tea,Green Tea,25,pieces,,https://seoudisupermarket.com/en/lipton-mint-green-tea-25-pieces,In Stock,9/14/2026 18:42
1823,Seoudi Supermarket,Lipton Black Tea,Lipton,174.75,,EGP,Black Tea,Tea,Black Tea,100,pieces,,https://seoudisupermarket.com/en/lipton-black-tea-100-pieces,In Stock,9/14/2026 18:42
1824,Seoudi Supermarket,Lipton Kharaz Tea,Lipton,74.95,,EGP,Other Tea,Tea,Regular Tea,250,g,,https://seoudisupermarket.com/en/lipton-kharaz-tea-250-g,In Stock,9/14/2026 18:42
1825,Seoudi Supermarket,Lipton Loose Tea,Lipton,66.75,,EGP,Black Tea,Tea,Loose Tea,250,g,,https://seoudisupermarket.com/en/lipton-loose-tea-250-g,In Stock,9/14/2026 18:42
1826,Seoudi Supermarket,Ahmad Tea Detox Herbs Herbal Teabags,Ahmad Tea,114.95,,EGP,Herbal Tea,Tea,Herbal Tea,20,pieces,,https://seoudisupermarket.com/en/ahmad-tea-detox-herbs-herbal-teabags-20-pieces,Out of Stock,9/14/2026 18:42
1827,Seoudi Supermarket,Royal Green Tea with Lemongrass,Royal,28.75,,EGP,Green Tea,Tea,Green Tea,25,pieces,,https://seoudisupermarket.com/en/royal-green-tea-with-lemongrass-25-tea-bags,Out of Stock,9/14/2026 18:42
1828,Seoudi Supermarket,Twinings Green Tea with Matcha,Twinings,349.95,,EGP,Green Tea,Tea,Green Tea,25,pieces,,https://seoudisupermarket.com/en/twinings-green-tea-with-matcha-25-bags,Out of Stock,9/14/2026 18:42
1829,Seoudi Supermarket,Mazaq Sugar - Free Karak Tea,Karak Tea,10.95,,EGP,Karak Tea,Tea,Karak Tea,12,g,,https://seoudisupermarket.com/en/mazaq-sugar-free-karak-tea-12-g,Out of Stock,9/14/2026 18:42
1830,Seoudi Supermarket,Lipton Black Tea,Lipton,2.95,,EGP,Black Tea,Tea,Black Tea,2,g,,https://seoudisupermarket.com/en/lipton-kharaz-black-tea-2-g,Out of Stock,9/14/2026 18:42
1831,Seoudi Supermarket,Lipton Classic Tea 3 in 1,Lipton,9.75,,EGP,Instant Tea,Tea,Instant Tea,18,g,,https://seoudisupermarket.com/en/lipton-classic-tea-3-in-1-18-g,Out of Stock,9/14/2026 18:42
1832,Seoudi Supermarket,Lipton Karak Tea with Cardamom,Lipton,16.75,,EGP,Karak Tea,Tea,Karak Tea,18,g,,https://seoudisupermarket.com/en/lipton-karak-tea-with-cardamom-18-g,Out of Stock,9/14/2026 18:42
1833,Seoudi Supermarket,Lipton Black Tea 2 in 1,Lipton,4.95,,EGP,Black Tea,Tea,Instant Tea,14,g,,https://seoudisupermarket.com/en/lipton-black-tea-2-in-1-14-g,Out of Stock,9/14/2026 18:42
1834,Seoudi Supermarket,Lipton Karak Tea with Cardamom,Lipton,162.75,,EGP,Karak Tea,Tea,Karak Tea,18,g,,https://seoudisupermarket.com/en/lipton-karak-tea-with-cardamom-18-g-10-sachets,Out of Stock,9/14/2026 18:42
1835,Seoudi Supermarket,Lipton Classic Tea 3 in 1,Lipton,94.95,,EGP,Instant Tea,Tea,Instant Tea,18,g,,https://seoudisupermarket.com/en/lipton-classic-tea-3-in-1-18-g-10-sachets,Out of Stock,9/14/2026 18:42
1836,Seoudi Supermarket,Lipton Black Tea 2 in 1,Lipton,47.75,,EGP,Black Tea,Tea,Instant Tea,14,g,,https://seoudisupermarket.com/en/lipton-black-tea-2-in-1-14-g-10-sachets,Out of Stock,9/14/2026 18:42
1837,Seoudi Supermarket,Lipton Black Tea,Lipton,67.75,,EGP,Black Tea,Tea,Black Tea,2,g,,https://seoudisupermarket.com/en/lipton-kharaz-black-tea-2-g-24-pieces,Out of Stock,9/14/2026 18:42
1838,Seoudi Supermarket,Ahmad Tea Decaffeinated Green,Ahmad Tea,124.95,,EGP,Other Tea,Tea,Regular Tea,20,pieces,,https://seoudisupermarket.com/en/ahmad-tea-decaffeinated-green-20-tea-bags,Out of Stock,9/14/2026 18:42
1839,Seoudi Supermarket,Ahmad Tea Decaffeinated Black,Ahmad Tea,124.95,,EGP,Other Tea,Tea,Regular Tea,20,pieces,,https://seoudisupermarket.com/en/ahmad-tea-decaffeinated-black-20-tea-bags,Out of Stock,9/14/2026 18:42
1840,Seoudi Supermarket,Ahmad Tea Decaffeinated Earl Grey,Ahmad Tea,124.95,,EGP,Earl Grey Tea,Tea,Black Tea,20,pieces,,https://seoudisupermarket.com/en/ahmad-tea-decaffeinated-earl-grey-20-tea-bags,Out of Stock,9/14/2026 18:42
1841,Seoudi Supermarket,Ahmad Tea Green Tea - Gift,Ahmad Tea,160.75,,EGP,Green Tea,Tea,Green Tea,,pieces,,https://seoudisupermarket.com/en/ahmad-tea-green-tea-10028-tea-bags-gift,Out of Stock,9/14/2026 18:42
1842,Seoudi Supermarket,Ahmad Tea London Blend - Gift,Ahmad Tea,150.75,,EGP,Other Tea,Tea,Regular Tea,,pieces,,https://seoudisupermarket.com/en/ahmad-tea-london-blend-10028-tea-bags-gift,Out of Stock,9/14/2026 18:42
1843,Seoudi Supermarket,Ahmad Tea English Tea - Gift,Ahmad Tea,181.75,,EGP,Other Tea,Tea,Regular Tea,,pieces,,https://seoudisupermarket.com/en/ahmad-tea-english-tea-10028-tea-bags-gift,Out of Stock,9/14/2026 18:42
1844,Seoudi Supermarket,Ahmad Tea Earl Grey Tea - Free Gift,Ahmad Tea,229.95,,EGP,Earl Grey Tea,Tea,Black Tea,,pieces,,https://seoudisupermarket.com/en/ahmad-tea-earl-grey-tea-10028-tea-bags-free-gift,Out of Stock,9/14/2026 18:42
1845,Seoudi Supermarket,Ahmad Tea English Breakfast Tea - Gift,Ahmad Tea,181.75,,EGP,English Breakfast Tea,Tea,Black Tea,,pieces,,https://seoudisupermarket.com/en/ahmad-tea-english-breakfast-tea-10028-tea-bags-gift,Out of Stock,9/14/2026 18:42
1846,Seoudi Supermarket,Ahmad Tea London Tea,Ahmad Tea,98.95,127.75,EGP,Other Tea,Tea,Regular Tea,100,pieces,23,https://seoudisupermarket.com/en/ahmad-tea-london-tea-100-tea-bags,Out of Stock,9/14/2026 18:42
1847,Seoudi Supermarket,Ahmad Tea English Breakfast Tea,Ahmad Tea,89.95,,EGP,English Breakfast Tea,Tea,Black Tea,100,g,,https://seoudisupermarket.com/en/ahmad-tea-english-breakfast-tea-100-g,Out of Stock,9/14/2026 18:42
1848,Seoudi Supermarket,Alitea 3 In 1 Karak Tea,Alitea,269.95,,EGP,Karak Tea,Tea,Karak Tea,20,g,,https://seoudisupermarket.com/en/alitea-3-in-1-karak-tea-20-g-15-pieces,Out of Stock,9/14/2026 18:42
1849,Seoudi Supermarket,Alitea 3 In 1 Karak Tea,Alitea,18.45,,EGP,Karak Tea,Tea,Karak Tea,20,g,,https://seoudisupermarket.com/en/alitea-3-in-1-karak-tea-20-g,Out of Stock,9/14/2026 18:42
1850,Seoudi Supermarket,"Lipton Black Tea, Vanilla Caramel",Lipton,94.95,,EGP,Black Tea,Tea,Black Tea,20,pieces,,https://seoudisupermarket.com/en/lipton-black-tea-vanilla-caramel-20-sachets,Out of Stock,9/14/2026 18:42
1851,Seoudi Supermarket,"Lipton Black Tea, Peach Mango",Lipton,94.95,,EGP,Black Tea,Tea,Black Tea,20,pieces,,https://seoudisupermarket.com/en/lipton-black-tea-peach-mango-20-sachets,Out of Stock,9/14/2026 18:42
1852,Seoudi Supermarket,"Lipton Black Tea, Forest Fruits",Lipton,94.95,,EGP,Black Tea,Tea,Black Tea,20,pieces,,https://seoudisupermarket.com/en/lipton-black-tea-forest-fruits-20-sachets,Out of Stock,9/14/2026 18:42
1853,Seoudi Supermarket,Rabea Strong Tea - + Gift,Rabea,169.45,,EGP,Other Tea,Tea,Regular Tea,100,pieces,,https://seoudisupermarket.com/en/rabea-strong-tea-100-bags-gift,Out of Stock,9/14/2026 18:42
1854,Seoudi Supermarket,Senso Classic Karak Tea,Senso,17.95,,EGP,Karak Tea,Tea,Karak Tea,20,g,,https://seoudisupermarket.com/en/senso-classic-karak-tea-20-g,Out of Stock,9/14/2026 18:42
1855,Seoudi Supermarket,Senso Ginger Karak Tea,Senso,17.95,,EGP,Karak Tea,Tea,Karak Tea,20,g,,https://seoudisupermarket.com/en/senso-ginger-karak-tea-20-g,Out of Stock,9/14/2026 18:42
1856,Seoudi Supermarket,Senso Saffron Karak Tea,Senso,17.95,,EGP,Karak Tea,Tea,Karak Tea,20,g,,https://seoudisupermarket.com/en/senso-saffron-karak-tea-20-g,Out of Stock,9/14/2026 18:42
1857,Seoudi Supermarket,Senso Cardamom Karak Tea,Senso,17.95,,EGP,Karak Tea,Tea,Karak Tea,20,g,,https://seoudisupermarket.com/en/senso-cardamom-karak-tea-20-g,Out of Stock,9/14/2026 18:42
1858,Seoudi Supermarket,Senso Rose & Saffron Karak Tea,Senso,17.95,,EGP,Karak Tea,Tea,Karak Tea,20,g,,https://seoudisupermarket.com/en/senso-rose-and-saffron-karak-tea-20-g,Out of Stock,9/14/2026 18:42
1859,Seoudi Supermarket,Senso Cinnamon Karak Tea,Senso,17.95,,EGP,Karak Tea,Tea,Karak Tea,20,g,,https://seoudisupermarket.com/en/senso-cinnamon-karak-tea-20-g,Out of Stock,9/14/2026 18:42
1860,Seoudi Supermarket,Senso Saffron Karak Tea without Sugar,Senso,17.95,,EGP,Karak Tea,Tea,Karak Tea,14,g,,https://seoudisupermarket.com/en/senso-saffron-karak-tea-without-sugar-14-g,Out of Stock,9/14/2026 18:42
1861,Seoudi Supermarket,"Rabea Strong Tea, + Original",Rabea,204.95,,EGP,Other Tea,Tea,Regular Tea,100,pieces,,https://seoudisupermarket.com/en/rabea-strong-tea-100-bags-original-100-bags,Out of Stock,9/14/2026 18:42
1862,Seoudi Supermarket,Ahmad Tea London Blend Tea with Mint,Ahmad Tea,49.95,,EGP,Flavored Tea,Tea,Regular Tea,25,pieces,,https://seoudisupermarket.com/en/ahmad-tea-london-blend-tea-with-mint-25-bags,Out of Stock,9/14/2026 18:42
1863,Seoudi Supermarket,Ahmad Tea London Blend - + Gift,Ahmad Tea,150.75,,EGP,Other Tea,Tea,Regular Tea,100,pieces,,https://seoudisupermarket.com/en/ahmad-tea-london-blend-100-teabags-gift,Out of Stock,9/14/2026 18:42
1864,Seoudi Supermarket,Ahmad Tea Breakfast Tea - + Gift,Ahmad Tea,181.75,,EGP,Other Tea,Tea,Regular Tea,100,pieces,,https://seoudisupermarket.com/en/ahmad-tea-breakfast-tea-100-teabags-gift,Out of Stock,9/14/2026 18:42
1865,Seoudi Supermarket,Lipton Exclusive Selection Sencha Green Tea,Lipton,90.45,,EGP,Green Tea,Tea,Green Tea,25,pieces,,https://seoudisupermarket.com/en/lipton-sencha-green-tea-25-tea-bags,Out of Stock,9/14/2026 18:42
1866,Seoudi Supermarket,Lipton Exclusive Selection English Breakfast Tea,Lipton,90.45,,EGP,English Breakfast Tea,Tea,Black Tea,25,pieces,,https://seoudisupermarket.com/en/lipton-english-breakfast-tea-25-tea-bags,Out of Stock,9/14/2026 18:42
1867,Seoudi Supermarket,Lipton Earl Grey Tea,Lipton,90.45,,EGP,Earl Grey Tea,Tea,Black Tea,25,pieces,,https://seoudisupermarket.com/en/lipton-earl-grey-tea-25-tea-bags,Out of Stock,9/14/2026 18:42
1868,Seoudi Supermarket,Lipton Exclusive Selection Green Tea with Intense Mint,Lipton,90.45,,EGP,Green Tea,Tea,Green Tea,25,pieces,,https://seoudisupermarket.com/en/lipton-green-tea-with-mint-25-tea-bags,Out of Stock,9/14/2026 18:42
1869,Seoudi Supermarket,"Karak Tea Instant Blend, Original",Karak Tea,20,,EGP,Karak Tea,Tea,Karak Tea,10,g,,https://seoudisupermarket.com/en/karak-tea-instant-blend-original-10-g,Out of Stock,9/14/2026 18:42
1870,Seoudi Supermarket,Karak Tea Instant Blend with Saffron,Karak Tea,20,,EGP,Karak Tea,Tea,Karak Tea,10,g,,https://seoudisupermarket.com/en/karak-tea-instant-blend-with-saffron-10-g,Out of Stock,9/14/2026 18:42
1871,Seoudi Supermarket,"Karak Tea Instant Blend with Cardamom, Unsweetened",Karak Tea,20,,EGP,Karak Tea,Tea,Karak Tea,14,g,,https://seoudisupermarket.com/en/karak-tea-instant-blend-with-cardamom-unsweetened-14-g,Out of Stock,9/14/2026 18:42
1872,Seoudi Supermarket,"Karak Tea Instant Blend with Cardamom, Unsweetened",Karak Tea,189.95,,EGP,Karak Tea,Tea,Karak Tea,10,pieces,,https://seoudisupermarket.com/en/karak-tea-instant-blend-with-cardamom-unsweetened-10-sachets,Out of Stock,9/14/2026 18:42
1873,Seoudi Supermarket,Karak Tea Instant Blend with Cardamom,Karak Tea,20,,EGP,Karak Tea,Tea,Karak Tea,10,g,,https://seoudisupermarket.com/en/karak-tea-instant-blend-with-cardamom-10-g,Out of Stock,9/14/2026 18:42
1874,Seoudi Supermarket,Red Leaf Tapioca Boba Tea Pearls,Red Leaf,324.95,,EGP,Boba Tea,Tea,Boba Tea,1,kg,,https://seoudisupermarket.com/en/red-leaf-tapioca-boba-tea-pearls-1-kg,Out of Stock,9/14/2026 18:42
1875,Seoudi Supermarket,Horse Head Cardamom Tea,Horse Head,82.45,,EGP,Flavored Tea,Tea,Regular Tea,20,pieces,,https://seoudisupermarket.com/en/horse-head-cardamom-tea-20-sachet,Out of Stock,9/14/2026 18:42
1876,Seoudi Supermarket,Horse Head Green Tea,Horse Head,44.75,,EGP,Green Tea,Tea,Green Tea,20,pieces,,https://seoudisupermarket.com/en/horse-head-green-tea-20-sachet,Out of Stock,9/14/2026 18:42
1877,Seoudi Supermarket,Horse Head The Vert Green Tea with Jasmin,Horse Head,78.75,,EGP,Green Tea,Tea,Green Tea,20,pieces,,https://seoudisupermarket.com/en/horse-head-the-vert-green-tea-with-jasmin-20-sachet,Out of Stock,9/14/2026 18:42
1878,Seoudi Supermarket,Al Kbous Loose Tea,Al Kbous,98.95,,EGP,Black Tea,Tea,Loose Tea,200,g,,https://seoudisupermarket.com/en/al-kbous-loose-tea-200-g,Out of Stock,9/14/2026 18:42
1879,Seoudi Supermarket,Twinings Earl Grey Tea,Twinings,596.45,,EGP,Earl Grey Tea,Tea,Black Tea,50,pieces,,https://seoudisupermarket.com/en/twinings-earl-grey-tea-50-pieces,Out of Stock,9/14/2026 18:42
1880,Seoudi Supermarket,Horse Head Cinnamon Tea,Horse Head,82.45,,EGP,Flavored Tea,Tea,Regular Tea,20,pieces,,https://seoudisupermarket.com/en/horse-head-cinnamon-tea-20-tea-bags,Out of Stock,9/14/2026 18:42
1881,Seoudi Supermarket,Horse Head Green Tea Mint,Horse Head,78.75,,EGP,Green Tea,Tea,Green Tea,20,pieces,,https://seoudisupermarket.com/en/horse-head-green-tea-mint-20-tea-bags,Out of Stock,9/14/2026 18:42
1882,Seoudi Supermarket,Horse Head Green Foil Tea Bags,Horse Head,82.45,,EGP,Other Tea,Tea,Regular Tea,20,pieces,,https://seoudisupermarket.com/en/horse-head-green-foil-tea-bags-20-pieces,Out of Stock,9/14/2026 18:42
1883,Seoudi Supermarket,Horse Head Earl Grey Tea,Horse Head,82.45,,EGP,Earl Grey Tea,Tea,Black Tea,20,pieces,,https://seoudisupermarket.com/en/horse-head-earl-grey-tea-20-tea-bags,Out of Stock,9/14/2026 18:42
1884,Seoudi Supermarket,Horse Head Ceylon Tea,Horse Head,184.25,,EGP,Ceylon Tea,Tea,Black Tea,100,pieces,,https://seoudisupermarket.com/en/horse-head-ceylon-tea-100-tea-bags,Out of Stock,9/14/2026 18:42
1885,Seoudi Supermarket,Twinings Lemon & Ginger Tea,Twinings,329.25,,EGP,Flavored Tea,Tea,Regular Tea,20,pieces,,https://seoudisupermarket.com/en/twinings-lemon-and-ginger-tea-20-tea-bags,Out of Stock,9/14/2026 18:42
1886,Seoudi Supermarket,Lipton Kharaz Tea -  - Discount%,Lipton,68.45,,EGP,Other Tea,Tea,Regular Tea,250,g,,https://seoudisupermarket.com/en/lipton-kharaz-tea-250-g-discount,Out of Stock,9/14/2026 18:42
1887,Seoudi Supermarket,Ahmad Tea Mint Green Tea Tagged Teabags,Ahmad Tea,64.95,,EGP,Green Tea,Tea,Green Tea,25,pieces,,https://seoudisupermarket.com/en/ahmad-tea-mint-green-tea-tagged-teabags-25-pieces,Out of Stock,9/14/2026 18:42
1888,Seoudi Supermarket,Ahmad Tea Green Tea,Ahmad Tea,160.75,,EGP,Green Tea,Tea,Green Tea,100,pieces,,https://seoudisupermarket.com/en/ahmad-tea-green-tea-100-piece,Out of Stock,9/14/2026 18:42
1889,Seoudi Supermarket,Lipton Harmony Green Tea Mint,Lipton,49.95,,EGP,Green Tea,Tea,Green Tea,20,pieces,,https://seoudisupermarket.com/en/lipton-harmony-green-tea-mint-20-pieces,Out of Stock,9/14/2026 18:42
1890,Seoudi Supermarket,Isis Cinnamon & Apple,Isis,69.95,,EGP,Flavored Tea,Tea,Regular Tea,20,pieces,,https://seoudisupermarket.com/en/isis-cinnamon-apple-20-teabags,Out of Stock,9/14/2026 18:42
1891,Seoudi Supermarket,Karak Tea Plain,Karak Tea,189.95,,EGP,Karak Tea,Tea,Karak Tea,10,pieces,,https://seoudisupermarket.com/en/karak-tea-plain-10-sachet,Out of Stock,9/14/2026 18:42
1892,Seoudi Supermarket,Karak Tea with Zafran,Karak Tea,189.95,,EGP,Karak Tea,Tea,Karak Tea,10,pieces,,https://seoudisupermarket.com/en/karak-tea-with-zafran-10-sachet,Out of Stock,9/14/2026 18:42
1893,Seoudi Supermarket,Karak Tea with Caradamom,Karak Tea,189.95,,EGP,Karak Tea,Tea,Karak Tea,10,pieces,,https://seoudisupermarket.com/en/karak-tea-with-caradamom-10-sachet,Out of Stock,9/14/2026 18:42
1894,Seoudi Supermarket,Ahl Masr Loose Tea,Ahl Masr,19.95,,EGP,Black Tea,Tea,Loose Tea,100,g,,https://seoudisupermarket.com/en/ahl-masr-loose-tea-100-g,Out of Stock,9/14/2026 18:42
1895,Seoudi Supermarket,Ahmad Tea Assam Tea,Ahmad Tea,203.25,,EGP,Other Tea,Tea,Regular Tea,250,g,,https://seoudisupermarket.com/en/ahmad-tea-assam-tea-250-g,Out of Stock,9/14/2026 18:42
1896,Seoudi Supermarket,Taylors Green Tea,Taylors,205.75,,EGP,Green Tea,Tea,Green Tea,20,pieces,,https://seoudisupermarket.com/en/taylors-green-tea-20-pieces,Out of Stock,9/14/2026 18:42
1897,Seoudi Supermarket,Ahmad Tea Pure Green Tea,Ahmad Tea,304.95,,EGP,Green Tea,Tea,Green Tea,100,pieces,,https://seoudisupermarket.com/en/ahmad-tea-pure-green-tea-100-pieces,Out of Stock,9/14/2026 18:42
1898,Seoudi Supermarket,Ahmad Tea Cardamom Flavored Black Tea,Ahmad Tea,56.45,,EGP,Black Tea,Tea,Black Tea,25,pieces,,https://seoudisupermarket.com/en/ahmad-tea-cardamom-flavored-black-tea-25-pieces,Out of Stock,9/14/2026 18:42
1899,Seoudi Supermarket,Ahmad Tea Mint Green Tea Foil Teabags,Ahmad Tea,84.75,,EGP,Green Tea,Tea,Green Tea,20,pieces,,https://seoudisupermarket.com/en/ahmad-tea-mint-green-tea-foil-teabags-20-pieces,Out of Stock,9/14/2026 18:42
1900,Seoudi Supermarket,Ahmad Tea Pure Green Tea,Ahmad Tea,84.75,,EGP,Green Tea,Tea,Green Tea,20,pieces,,https://seoudisupermarket.com/en/%D8%A7%D8%AD%D9%85%D8%AF-%D8%B4%D8%A7%D9%89-%D8%A7%D8%AE%D8%B6%D8%B1-%D8%B7%D8%A8%D9%8A%D8%B9%D9%89-20%D8%B8%D8%B1%D9%81-054881008945,Out of Stock,9/14/2026 18:42
1901,Seoudi Supermarket,Ahmad Tea Fruit Tea Selection Flavored Black Tea,Ahmad Tea,104.95,,EGP,Black Tea,Tea,Black Tea,20,pieces,,https://seoudisupermarket.com/en/ahmad-tea-fruit-tea-selection-flavored-black-tea-20-pieces,Out of Stock,9/14/2026 18:42
1902,Seoudi Supermarket,Ahmad Tea Jasmine Green Tea,Ahmad Tea,84.75,,EGP,Green Tea,Tea,Green Tea,20,pieces,,https://seoudisupermarket.com/en/ahmad-tea-jasmine-green-tea-20-foil-teabags,Out of Stock,9/14/2026 18:42
1903,Seoudi Supermarket,Ahmad Tea Lemon Vitality Flavored Green Tea with Fruit Piece,Ahmad Tea,84.75,,EGP,Green Tea,Tea,Green Tea,20,pieces,,https://seoudisupermarket.com/en/ahmad-tea-lemon-vitality-flavored-green-tea-with-fruit-piece-20-pieces,Out of Stock,9/14/2026 18:42
1904,Seoudi Supermarket,Ahmad Tea Classic Tea Selection,Ahmad Tea,88.75,,EGP,Other Tea,Tea,Regular Tea,20,pieces,,https://seoudisupermarket.com/en/ahmad-tea-classic-tea-selection-20-pieces,Out of Stock,9/14/2026 18:42
1905,Seoudi Supermarket,Ahmad Tea Green Tea,Ahmad Tea,54.45,,EGP,Green Tea,Tea,Green Tea,25,pieces,,https://seoudisupermarket.com/en/ahmad-tea-green-tea-25-pieces,Out of Stock,9/14/2026 18:42
1906,Seoudi Supermarket,Ahmad Tea English Breakfast Kharaz Tea,Ahmad Tea,214.95,,EGP,English Breakfast Tea,Tea,Black Tea,250,g,,https://seoudisupermarket.com/en/ahmad-tea-english-breakfast-kharaz-tea-250-g,Out of Stock,9/14/2026 18:42
1907,Seoudi Supermarket,Ahmad Tea Earl Grey Tea Foil Teabags,Ahmad Tea,379.95,,EGP,Earl Grey Tea,Tea,Black Tea,100,pieces,,https://seoudisupermarket.com/en/ahmad-tea-earl-grey-tea-foil-teabags-100-pieces,Out of Stock,9/14/2026 18:42
1908,Seoudi Supermarket,Ahmad Tea Jasmine Flavored Green Tea,Ahmad Tea,104.75,,EGP,Green Tea,Tea,Green Tea,100,g,,https://seoudisupermarket.com/en/ahmad-tea-jasmine-flavored-green-tea-100-g,Out of Stock,9/14/2026 18:42
1909,Seoudi Supermarket,Ahmad Tea Fruit Black Tea with Blackcurrant Burst,Ahmad Tea,94.75,,EGP,Black Tea,Tea,Black Tea,20,pieces,,https://seoudisupermarket.com/en/ahmad-tea-fruit-black-tea-with-blackcurrant-burst-20-piece,Out of Stock,9/14/2026 18:42
1910,Seoudi Supermarket,Ahmad Tea Vanilla Flavored Black Tea,Ahmad Tea,94.75,,EGP,Black Tea,Tea,Black Tea,20,pieces,,https://seoudisupermarket.com/en/ahmad-tea-vanilla-flavored-black-tea-20-pieces,Out of Stock,9/14/2026 18:42
1911,Seoudi Supermarket,Ahmad Tea London Blend Extra Strong Fine Tea,Ahmad Tea,90.25,,EGP,Other Tea,Tea,Regular Tea,200,g,,https://seoudisupermarket.com/en/ahmad-tea-london-blend-extra-strong-fine-tea-200-g,Out of Stock,9/14/2026 18:42
1912,Seoudi Supermarket,Ahmad Tea English Breakfast N.,Ahmad Tea,379.95,,EGP,English Breakfast Tea,Tea,Black Tea,1,pieces,,https://seoudisupermarket.com/en/ahmad-tea-english-breakfast-n-1-foil-teabags-100-pieces,Out of Stock,9/14/2026 18:42
1913,Seoudi Supermarket,Ahmad Tea English Breakfast Foil Teabags,Ahmad Tea,359.95,,EGP,English Breakfast Tea,Tea,Black Tea,100,pieces,,https://seoudisupermarket.com/en/ahmad-tea-english-breakfast-foil-teabags-100-pieces,Out of Stock,9/14/2026 18:42
1914,Seoudi Supermarket,Ahmad Tea Assorted Tea Box,Ahmad Tea,1436.25,,EGP,Other Tea,Tea,Regular Tea,80,pieces,,https://seoudisupermarket.com/en/ahmad-tea-assorted-tea-box-80-pieces,Out of Stock,9/14/2026 18:42
1915,Seoudi Supermarket,Ahmad Tea Jasmine Green Tea,Ahmad Tea,64.95,,EGP,Green Tea,Tea,Green Tea,25,pieces,,https://seoudisupermarket.com/en/ahmad-tea-jasmine-green-tea-25-pieces,Out of Stock,9/14/2026 18:42
1916,Seoudi Supermarket,Alattar Ginger & Cinnamon Flavored Green Tea,Alattar,86.45,,EGP,Green Tea,Tea,Green Tea,20,pieces,,https://seoudisupermarket.com/en/alattar-ginger-and-cinnamon-flavored-green-tea-20-pieces,Out of Stock,9/14/2026 18:42
1917,Seoudi Supermarket,Alattar Mint Green Tea,Alattar,86.45,,EGP,Green Tea,Tea,Green Tea,20,pieces,,https://seoudisupermarket.com/en/alattar-mint-green-tea-20-pieces,Out of Stock,9/14/2026 18:42
1918,Seoudi Supermarket,Isis Green Tea,Isis,19.95,,EGP,Green Tea,Tea,Green Tea,12,pieces,,https://seoudisupermarket.com/en/isis-green-tea-12-pieces,Out of Stock,9/14/2026 18:42
1919,Seoudi Supermarket,Isis Green Tea,Isis,34.95,,EGP,Green Tea,Tea,Green Tea,20,pieces,,https://seoudisupermarket.com/en/isis-green-tea-20-pieces,Out of Stock,9/14/2026 18:42
1920,Seoudi Supermarket,Isis Mint Green Tea,Isis,19.95,,EGP,Green Tea,Tea,Green Tea,12,pieces,,https://seoudisupermarket.com/en/isis-mint-green-tea-12-pieces,Out of Stock,9/14/2026 18:42
1921,Seoudi Supermarket,Isis Mint Green Tea,Isis,34.95,,EGP,Green Tea,Tea,Green Tea,20,pieces,,https://seoudisupermarket.com/en/isis-mint-green-tea-20-pieces,Out of Stock,9/14/2026 18:42
1922,Seoudi Supermarket,Tea Break Adan Tea with Ginger,Tea Break,13.75,,EGP,Flavored Tea,Tea,Regular Tea,1,pieces,,https://seoudisupermarket.com/en/tea-break-adan-tea-with-ginger-1-piece,Out of Stock,9/14/2026 18:42
1923,Seoudi Supermarket,Twinings Green Tea Lemon & Honey,Twinings,354.45,,EGP,Green Tea,Tea,Green Tea,25,pieces,,https://seoudisupermarket.com/en/twinings-green-tea-lemon-and-honey-25-pieces,Out of Stock,9/14/2026 18:42
1924,Seoudi Supermarket,Twinings English Breakfast Tea Extra Strong,Twinings,353.95,,EGP,English Breakfast Tea,Tea,Black Tea,25,pieces,,https://seoudisupermarket.com/en/twinings-english-breakfast-tea-extra-strong-25-pieces,Out of Stock,9/14/2026 18:42
1925,Seoudi Supermarket,Dilmah Premium 100% Pure Ceylon Tea,Dilmah,189.95,,EGP,Ceylon Tea,Tea,Black Tea,100,pieces,,https://seoudisupermarket.com/en/dilmah-premium-100-pure-ceylon-tea-100-pieces,Out of Stock,9/14/2026 18:42
1926,Seoudi Supermarket,Dilmah Mint Green Tea,Dilmah,89.75,,EGP,Green Tea,Tea,Green Tea,20,pieces,,https://seoudisupermarket.com/en/dilmah-mint-green-tea-20-pieces,Out of Stock,9/14/2026 18:42
1927,Seoudi Supermarket,Dilmah Ceylon Black Tea,Dilmah,169.95,,EGP,Ceylon Tea,Tea,Black Tea,100,pieces,,https://seoudisupermarket.com/en/dilmah-ceylon-black-tea-100-pieces,Out of Stock,9/14/2026 18:42
1928,Seoudi Supermarket,Dilmah Ceylon Tea,Dilmah,89.75,,EGP,Ceylon Tea,Tea,Black Tea,50,pieces,,https://seoudisupermarket.com/en/dilmah-ceylon-tea-50-pieces,Out of Stock,9/14/2026 18:42
1929,Seoudi Supermarket,Dilmah Peach Flavored Ceylon Black Tea,Dilmah,75.75,,EGP,Ceylon Tea,Tea,Black Tea,20,pieces,,https://seoudisupermarket.com/en/dilmah-peach-flavored-ceylon-black-tea-20-pieces,Out of Stock,9/14/2026 18:42
1930,Seoudi Supermarket,Dilmah Ginger & Honey Flavored Ceylon Black Tea,Dilmah,89.75,,EGP,Ceylon Tea,Tea,Black Tea,20,pieces,,https://seoudisupermarket.com/en/dilmah-ginger-and-honey-flavored-ceylon-black-tea-20-pieces,Out of Stock,9/14/2026 18:42
1931,Seoudi Supermarket,Dilmah Strawberry Flavored Ceylon Black Tea,Dilmah,75.75,,EGP,Ceylon Tea,Tea,Black Tea,20,pieces,,https://seoudisupermarket.com/en/dilmah-strawberry-flavored-ceylon-black-tea-20-pieces,Out of Stock,9/14/2026 18:42
1932,Seoudi Supermarket,Dilmah Mango & Strawberry Flavored Ceylon Black Tea,Dilmah,89.75,,EGP,Ceylon Tea,Tea,Black Tea,20,pieces,,https://seoudisupermarket.com/en/dilmah-mango-and-strawberry-flavored-ceylon-black-tea-20-pieces,Out of Stock,9/14/2026 18:42
1933,Seoudi Supermarket,Dilmah Mint Flavored Ceylon Black Tea,Dilmah,75.75,,EGP,Ceylon Tea,Tea,Black Tea,20,pieces,,https://seoudisupermarket.com/en/dilmah-mint-flavored-ceylon-black-tea-20-pieces,Out of Stock,9/14/2026 18:42
1934,Seoudi Supermarket,Royal Regime Tea Herbal Teabags,Royal,51.75,,EGP,Herbal Tea,Tea,Herbal Tea,50,pieces,,https://seoudisupermarket.com/en/royal-regime-tea-herbal-teabags-50-pieces,Out of Stock,9/14/2026 18:42
1935,Seoudi Supermarket,Lipton Tea,Lipton,139.95,,EGP,Other Tea,Tea,Regular Tea,100,pieces,,https://seoudisupermarket.com/en/lipton-tea-100-pieces,Out of Stock,9/14/2026 18:42
1936,Seoudi Supermarket,Lipton Pure Non - Bitter Green Tea,Lipton,31.95,,EGP,Green Tea,Tea,Green Tea,25,pieces,,https://seoudisupermarket.com/en/lipton-pure-nonbitter-green-tea-25-pieces-discount,Out of Stock,9/14/2026 18:42
1937,Seoudi Supermarket,Lipton Pure Non - Bitter Green Tea,Lipton,39.95,,EGP,Green Tea,Tea,Green Tea,25,pieces,,https://seoudisupermarket.com/en/lipton-pure-non-bitter-green-tea-25-pieces,Out of Stock,9/14/2026 18:42
1938,Seoudi Supermarket,Lipton Mint,Lipton,23.95,,EGP,Flavored Tea,Tea,Regular Tea,20,pieces,,https://seoudisupermarket.com/en/lipton-mint-20-sachet,Out of Stock,9/14/2026 18:42
1939,Seoudi Supermarket,Lipton Anise,Lipton,23.95,,EGP,Other Tea,Tea,Regular Tea,20,pieces,,https://seoudisupermarket.com/en/lipton-anise-20-pieces,Out of Stock,9/14/2026 18:42
