scrape_id,store,product_name,brand,current_price,original_price,currency,product_type,category,subcategory,weight_value,weight_unit,discount,pack_count,product_url,availability,search_term_ar,scraped_at
10d20431-f7ef-4216-8b00-d46a45a3c4eb,Seoudi Supermarket,Americana Tuna Chunks in Oil,Americana,55.95,,EGP,,Canned Food,Canned Fish,140.0,g,,,https://seoudisupermarket.com/en/americana-tuna-chunks-in-oil-140-g,In Stock,,2026-09-14 18:55:24.164598
051bf2d9-241e-415f-bceb-1f335f2cf505,Seoudi Supermarket,Sunshine Spicy Tuna Slices,Sunshine,84.95,,EGP,,Canned Food,Canned Fish,120.0,g,,,https://seoudisupermarket.com/en/sunshine-spicy-tuna-slices-120-g,In Stock,,2026-09-14 18:55:24.297576
32a6e54c-8162-4bbc-8dec-3461af226d65,Seoudi Supermarket,Seoudi Yellowfin Tuna Solid in Oil & Brine - 3 Pieces,Seoudi,237.45,,EGP,,Canned Food,Canned Fish,185.0,g,,,https://seoudisupermarket.com/en/seoudi-yellowfin-tuna-solid-in-oil-and-brine-185g-3-pieces,In Stock,,2026-09-14 18:55:24.316576
ac6eaeea-73cd-4275-ab16-23b7c7b8ffdf,Seoudi Supermarket,Seoudi Yellowfin Tuna Chunks in Oil & Brine - 3 Pieces,Seoudi,210.45,,EGP,,Canned Food,Canned Fish,170.0,g,,,https://seoudisupermarket.com/en/seoudi-yellowfin-tuna-chunks-in-oil-and-brine-170g-3-pieces,In Stock,,2026-09-14 18:55:24.335578
02742d89-6bce-4f79-812d-508c4c7ee3ba,Seoudi Supermarket,Cava Smoked Tuna Chunks,Cava,87.95,,EGP,,Canned Food,Canned Fish,170.0,g,,,https://seoudisupermarket.com/en/cava-smoked-tuna-chunks-170-g,In Stock,,2026-09-14 18:55:24.353579
81ba8210-1732-4374-b397-b8fa657e7588,Seoudi Supermarket,Dolphin Tuna Chunks Diet Easy Open,Dolphin,76.45,,EGP,,Canned Food,Canned Fish,170.0,g,,,https://seoudisupermarket.com/en/dolphin-tuna-chunks-diet-easy-open-170-g,In Stock,,2026-09-14 18:55:24.410594
1505685b-cd2d-4f5e-a6ae-a438c3e47ae3,Seoudi Supermarket,Seoudi Yellowfin Tuna Solid in Oil & Brine,Seoudi,87.95,,EGP,,Canned Food,Canned Fish,185.0,g,,,https://seoudisupermarket.com/en/seoudi-yellowfin-tuna-solid-in-oil-brine-185-g,In Stock,,2026-09-14 18:55:24.430576
4aa6296f-54d8-475b-83aa-a3e0eba593e7,Seoudi Supermarket,"Seoudi Yellowfin Tuna Solid in Brine, Light",Seoudi,87.95,,EGP,,Canned Food,Canned Fish,185.0,g,,,https://seoudisupermarket.com/en/seoudi-yellowfin-tuna-solid-in-brine-light-185-g,In Stock,,2026-09-14 18:55:24.438575
16af48b6-fcba-4e55-adae-d09a2d89c2a2,Seoudi Supermarket,Seoudi Yellowfin Tuna Chunks in Oil & Brine,Seoudi,77.95,,EGP,,Canned Food,Canned Fish,170.0,g,,,https://seoudisupermarket.com/en/seoudi-yellowfin-tuna-chunks-in-oil-brine-170-g,In Stock,,2026-09-14 18:55:24.453576
5f356dd0-b463-4b4a-83d8-7d64f6728c2f,Seoudi Supermarket,Cava Tuna Solid in Olive Oil,Cava,90.95,,EGP,,Canned Food,Canned Fish,185.0,g,,,https://seoudisupermarket.com/en/cava-tuna-solid-in-olive-oil-185-g,In Stock,,2026-09-14 18:55:24.466579
296cad13-56b9-4778-8f65-2f62887cb4ce,Seoudi Supermarket,Al Serag Tuna Chunks Easy Open,Al Serag,62.95,64.95,EGP,,Canned Food,Canned Fish,185.0,g,- 3%,,https://seoudisupermarket.com/en/al-serag-tuna-chunks-easy-open-185-g,In Stock,,2026-09-14 18:55:24.477577
31bc3c51-4d07-49b8-bb02-2d85d74a0561,Seoudi Supermarket,Al Serag Solid Tuna,Al Serag,61.95,72.95,EGP,,Canned Food,Canned Fish,200.0,g,- 15%,,https://seoudisupermarket.com/en/al-serag-solid-tuna-200-g,In Stock,,2026-09-14 18:55:24.485574
9356458a-2538-44c0-9a5d-8fb0bff21a52,Seoudi Supermarket,"Rose Tuna Chunks with Pepper, Easy Open",Rose Garden,79.95,,EGP,,Canned Food,Canned Fish,185.0,g,,,https://seoudisupermarket.com/en/rose-tuna-chunks-with-pepper-easy-open-185-g,In Stock,,2026-09-14 18:55:24.497576
47ca2fca-38ae-42d3-9db4-bb15827b56c0,Seoudi Supermarket,Heinz Tuna Chunks in Sunflower Oil,Heinz,83.95,,EGP,,Canned Food,Canned Fish,185.0,g,,,https://seoudisupermarket.com/en/heinz-tuna-chunks-in-sunflower-oil-185-g,In Stock,,2026-09-14 18:55:24.505575
0e244277-82a6-4a1d-9a7e-050abed10277,Seoudi Supermarket,Heinz Tuna Chunks in Brine,Heinz,80.95,,EGP,,Canned Food,Canned Fish,185.0,g,,,https://seoudisupermarket.com/en/heinz-tuna-chunks-in-brine-185-g,In Stock,,2026-09-14 18:55:24.515576
5b487fc2-dd87-4333-ae15-94dc44a0adb6,Seoudi Supermarket,Heinz Solid Tuna in Sunflower Oil,Heinz,87.95,,EGP,,Canned Food,Canned Fish,185.0,g,,,https://seoudisupermarket.com/en/heinz-solid-tuna-in-sunflower-oil-185-g,In Stock,,2026-09-14 18:55:24.523578
b059829c-5fb2-4574-8d0d-e60ee6897bf1,Seoudi Supermarket,Cava One Piece Diet Tuna,Cava,84.95,,EGP,,Canned Food,Canned Fish,185.0,g,,,https://seoudisupermarket.com/en/cava-one-piece-diet-tuna-185-g,In Stock,,2026-09-14 18:55:24.531575
e6615879-2e42-4e36-84ca-c889f4023d47,Seoudi Supermarket,Mario Easy Open Tuna Chunks,Mario,45.95,,EGP,,Canned Food,Canned Fish,140.0,g,,,https://seoudisupermarket.com/en/mario-easy-open-tuna-chunks-140-g,In Stock,,2026-09-14 18:55:24.540584
a22fe01b-86ad-48c8-ae75-a64990d17d73,Seoudi Supermarket,Sunshine Shredded Tuna,Sunshine,25.75,,EGP,,Canned Food,Canned Fish,95.0,g,,,https://seoudisupermarket.com/en/sunshine-shredded-tuna-95-g,In Stock,,2026-09-14 18:55:24.548576
05b2f6a0-b02e-40ac-a0d3-1bd64b2abab3,Seoudi Supermarket,Rose Tuna Chunks,Rose Garden,74.45,,EGP,,Canned Food,Canned Fish,185.0,g,,,https://seoudisupermarket.com/en/rose-tuna-chunks-185-g,In Stock,,2026-09-14 18:55:24.557579
968d41b5-f252-44fe-80c3-035a8dfc0082,Seoudi Supermarket,Rose Tuna Diet One Piece,Rose Garden,87.95,,EGP,,Canned Food,Canned Fish,200.0,g,,,https://seoudisupermarket.com/en/rose-tuna-diet-one-piece-200-g,In Stock,,2026-09-14 18:55:24.566576
b01ed23c-0910-4581-a780-e9533c41d3c5,Seoudi Supermarket,Americana Chunks Tuna Meat In Soy Bean Oil And Brine,Americana,55.95,,EGP,,Canned Food,Canned Fish,140.0,g,,,https://seoudisupermarket.com/en/americana-chunks-tuna-meat-in-soy-bean-oil-and-brine-140-g,In Stock,,2026-09-14 18:55:24.578579
365535c9-75e8-43f4-8e77-103e2e9d37b5,Seoudi Supermarket,Dolphin Tuna Chunks,Dolphin,69.95,76.45,EGP,,Canned Food,Canned Fish,185.0,g,- 9%,,https://seoudisupermarket.com/en/dolphin-tuna-chunks-185-g,In Stock,,2026-09-14 18:55:24.589577
7e25b1a6-d845-460b-a32a-13286d2429c9,Seoudi Supermarket,Sunshine Express Tuna Chunks,Sunshine,50.95,,EGP,,Canned Food,Canned Fish,150.0,g,,,https://seoudisupermarket.com/en/sunshine-express-tuna-chunks-150-g,In Stock,,2026-09-14 18:55:24.604576
b7ebdda1-ea05-45f5-b194-ef067fcdfbaa,Seoudi Supermarket,Sunshine Hot Shredded Tuna,Sunshine,40.95,,EGP,,Canned Food,Canned Fish,185.0,g,,,https://seoudisupermarket.com/en/sunshine-hot-shredded-tuna-185-g,In Stock,,2026-09-14 18:55:24.618576
ab30a4d5-ca67-476d-bd6f-21f106f07b90,Seoudi Supermarket,Dolphin Tuna One Piece,Dolphin,74.95,83.45,EGP,,Canned Food,Canned Fish,200.0,g,- 10%,,https://seoudisupermarket.com/en/dolphin-tuna-one-piece-200-g,In Stock,,2026-09-14 18:55:24.634580
b92e30d4-e293-4f1c-aff8-32c1d17db57b,Seoudi Supermarket,Fisherman Light Solid Tuna In Sunflower Oil With Brine,Fisherman,90.95,,EGP,,Canned Food,Canned Fish,170.0,g,,,https://seoudisupermarket.com/en/fisherman-light-solid-tuna-in-sunflower-oil-with-brine-170-g,In Stock,,2026-09-14 18:55:24.649578
c53d1238-9c9a-46fd-a181-6a102380f8bc,Seoudi Supermarket,Sunshine Tuna Chunks with Lemon & Chili,Sunshine,74.95,,EGP,,Canned Food,Canned Fish,170.0,g,,,https://seoudisupermarket.com/en/sunshine-tuna-chunks-with-lemon-and-chili-170-g,In Stock,,2026-09-14 18:55:24.668583
84b45b66-0bfc-461f-ad47-95190161791c,Seoudi Supermarket,Rose Khoshala Light Tuna meat,Rose Garden,87.95,,EGP,,Canned Food,Canned Fish,200.0,g,,,https://seoudisupermarket.com/en/rose-khoshala-light-tuna-meat-200-g,In Stock,,2026-09-14 18:55:24.756008
a4900180-7232-42b6-bda0-828cf3a41c6d,Seoudi Supermarket,Sunshine Smoked Tuna Slices,Sunshine,84.95,,EGP,,Canned Food,Canned Fish,120.0,g,,,https://seoudisupermarket.com/en/sunshine-smoked-tuna-slices-120-g,In Stock,,2026-09-14 18:55:24.783007
2bf1333c-fa67-4471-8a40-a3c6a5fbed9f,Seoudi Supermarket,Sunshine Fancy Tuna Chunks in Pure Olive Oil,Sunshine,79.95,,EGP,,Canned Food,Canned Fish,170.0,g,,,https://seoudisupermarket.com/en/sunshine-fancy-tuna-chunks-in-pure-olive-oil-170-g,In Stock,,2026-09-14 18:55:24.794019
28e89a78-1b10-4730-a8eb-c068a7bdbf43,Seoudi Supermarket,Sunshine Spicy Tuna with Chili Pepper,Sunshine,74.95,,EGP,,Canned Food,Canned Fish,170.0,g,,,https://seoudisupermarket.com/en/sunshine-spicy-tuna-with-chili-pepper-170-g,In Stock,,2026-09-14 18:55:24.806003
a1daa206-8b67-49d9-8fc4-a208b1e561f4,Seoudi Supermarket,Cava Tuna Chunks,Cava,74.95,,EGP,,Canned Food,Canned Fish,170.0,g,,,https://seoudisupermarket.com/en/cava-tuna-chunks-170-g,In Stock,,2026-09-14 18:55:24.922007
7ad2a498-2cfb-4940-bb24-c2b39c1179ea,Seoudi Supermarket,T.C Boy Tuna Chunks,T.C Boy,76.95,81.95,EGP,,Canned Food,Canned Fish,185.0,g,- 6%,,https://seoudisupermarket.com/en/t-c-boy-tuna-chunks-185-g,In Stock,,2026-09-14 18:55:24.955005
883f8b9b-dbcf-49b7-80de-d3f82deba020,Seoudi Supermarket,Rio Mare Light Tuna Meat in Olive Oil,Rio Mare,274.95,,EGP,,Canned Food,Canned Fish,160.0,g,,,https://seoudisupermarket.com/en/rio-mare-light-tuna-meat-in-olive-oil-160-g,In Stock,,2026-09-14 18:55:25.120005
0706c4a0-8e89-4dc7-8af0-c19dfbd5d34e,Seoudi Supermarket,Rio Mare Light Tuna,Rio Mare,274.95,,EGP,,Canned Food,Canned Fish,160.0,g,,,https://seoudisupermarket.com/en/rio-mare-light-tuna-160-g,In Stock,,2026-09-14 18:55:25.200004
ee1d15a3-983c-4c34-8699-76198c9bb93f,Seoudi Supermarket,Rio Mare Light Tuna Meat in Olive Oil - 3 Pieces,Rio Mare,409.95,,EGP,,Canned Food,Canned Fish,80.0,g,,,https://seoudisupermarket.com/en/rio-mare-light-tuna-meat-in-olive-oil-80-g-3-pieces,In Stock,,2026-09-14 18:55:25.239007
10d149c5-9a07-49dc-b6d7-0ab05857aca3,Seoudi Supermarket,Sunshine Regular Tuna Lobes,Sunshine,74.95,,EGP,,Canned Food,Canned Fish,170.0,g,,,https://seoudisupermarket.com/en/sunshine-regular-tuna-lobes-170-g,In Stock,,2026-09-14 18:55:25.315007
2b275dce-91a0-498d-a27d-107bfc791103,Seoudi Supermarket,Bostany Tuna Chunks,Bostany,85.95,,EGP,,Canned Food,Canned Fish,185.0,g,,,https://seoudisupermarket.com/en/bostany-tuna-chunks-185-g,In Stock,,2026-09-14 18:55:25.382007
b309c3e7-a49e-4108-bba6-2f45a6ba2bc2,Seoudi Supermarket,Sunshine Shredded Tuna,Sunshine,40.95,,EGP,,Canned Food,Canned Fish,185.0,g,,,https://seoudisupermarket.com/en/sunshine-shredded-tuna-185-g,In Stock,,2026-09-14 18:55:25.396022
d8a97169-0d20-4515-91e6-20aacc2a420c,Seoudi Supermarket,Cava One Piece Tuna,Cava,84.95,,EGP,,Canned Food,Canned Fish,185.0,g,,,https://seoudisupermarket.com/en/cava-one-piece-tuna-185-g,In Stock,,2026-09-14 18:55:25.447005
ca43c146-0b7d-4c8d-adbb-0155a247b7cb,Seoudi Supermarket,Cava Classic Sardines,Cava,51.45,,EGP,,Canned Food,Canned Fish,125.0,g,,,https://seoudisupermarket.com/en/cava-classic-sardines-125-g,In Stock,,2026-09-14 18:55:25.458006
0e7542e2-3775-444b-ab1d-fdab16b7743f,Seoudi Supermarket,Americana Shredded Tuna,Americana,31.95,,EGP,,Canned Food,Canned Fish,140.0,g,,,https://seoudisupermarket.com/en/americana-shredded-tuna-140-g,In Stock,,2026-09-14 18:55:25.470003
7a6097f2-c869-4feb-9561-58e1d90f420c,Seoudi Supermarket,La Baliza Anchovies in Sunflower Oil,La Baliza,87.95,,EGP,,Canned Food,Canned Fish,50.0,g,,,https://seoudisupermarket.com/en/la-baliza-anchovies-in-sunflower-oil-50-g,In Stock,,2026-09-14 18:55:25.487006
b9c199be-c5a2-4cd9-85f2-74ba0580eca6,Seoudi Supermarket,Sunshine Express Tuna One Piece,Sunshine,56.25,,EGP,,Canned Food,Canned Fish,160.0,g,,,https://seoudisupermarket.com/en/sunshine-express-tuna-one-piece-160-g,In Stock,,2026-09-14 18:55:25.504007
b1479d8f-c33b-478a-b322-e80adcbacbf0,Seoudi Supermarket,Sunshine Fancy One Piece Tuna,Sunshine,79.95,,EGP,,Canned Food,Canned Fish,185.0,g,,,https://seoudisupermarket.com/en/sunshine-fancy-one-piece-tuna-185-g,In Stock,,2026-09-14 18:55:25.538011
6aca92c1-0d42-47ce-80da-0d9afc802058,Seoudi Supermarket,Sunshine Diet Tuna Chunks,Sunshine,69.95,,EGP,,Canned Food,Canned Fish,185.0,g,,,https://seoudisupermarket.com/en/sunshine-diet-tuna-chunks-185-g,In Stock,,2026-09-14 18:55:25.635003
2939deb7-7ad6-45be-a600-9f316838ec3f,Seoudi Supermarket,Sunshine Tuna Chunks,Sunshine,69.95,,EGP,,Canned Food,Canned Fish,185.0,g,,,https://seoudisupermarket.com/en/sunshine-tuna-chunks-185-g,In Stock,,2026-09-14 18:55:25.673004
b84fe9d3-85a8-43ba-945c-6efcdebdeaf8,Seoudi Supermarket,Sunshine Solid Tuna,Sunshine,74.95,,EGP,,Canned Food,Canned Fish,200.0,g,,,https://seoudisupermarket.com/en/sunshine-solid-tuna-200-g,In Stock,,2026-09-14 18:55:25.692007
cb452f5c-507a-4af9-8f99-fa91d30cceb2,Seoudi Supermarket,Sunshine Tuna Chunks with Chili,Sunshine,69.95,,EGP,,Canned Food,Canned Fish,185.0,g,,,https://seoudisupermarket.com/en/sunshine-tuna-chunks-with-chili-185-g,In Stock,,2026-09-14 18:55:25.753005
f90acd1c-73a0-49ef-8780-dbbf3705e178,Seoudi Supermarket,Sunshine Mackerel,Sunshine,35.75,,EGP,,Canned Food,Canned Fish,145.0,g,,,https://seoudisupermarket.com/en/sunshine-mackerel-145-g,In Stock,,2026-09-14 18:55:25.837010
5e48a3ed-d782-48a3-a24b-7bfec1ac10ea,Seoudi Supermarket,Sunshine Mackerel in Natural Oil and Brine,Sunshine,84.75,,EGP,,Canned Food,Canned Fish,350.0,g,,,https://seoudisupermarket.com/en/sunshine-mackerel-in-natural-oil-and-brine-350-g,In Stock,,2026-09-14 18:55:25.855004
72e5ada6-fcfe-4583-a860-f52b5db0bb15,Seoudi Supermarket,T.C Boy Tuna Chunks,T.C Boy,62.95,71.95,EGP,,Canned Food,Canned Fish,185.0,g,- 13%,,https://seoudisupermarket.com/en/t-c-boy-tuna-chunk-185-g,In Stock,,2026-09-14 18:55:25.896005
cb87e9bf-5dd2-41b7-a655-39969329225f,Seoudi Supermarket,T.C Boy One Piece Tuna,T.C Boy,73.95,79.95,EGP,,Canned Food,Canned Fish,200.0,g,- 8%,,https://seoudisupermarket.com/en/tc-boy-one-piece-tuna-200-g,In Stock,,2026-09-14 18:55:25.912010
25bc1807-4d26-4b4c-a117-52bff301bacc,Seoudi Supermarket,Americana Moroccan Sardines,Americana,37.75,,EGP,,Canned Food,Canned Fish,125.0,g,,,https://seoudisupermarket.com/en/americana-moroccan-sardines-125-g,In Stock,,2026-09-14 18:55:25.920003
de5ba3bc-4b35-4b67-a77f-3f8ccf33b3b3,Seoudi Supermarket,Founty Sardines in Vegetables Oil,Founty,51.95,,EGP,,Canned Food,Canned Fish,125.0,g,,,https://seoudisupermarket.com/en/founty-sardines-in-vegetables-oil-125-g,In Stock,,2026-09-14 18:55:25.934004
13c5899b-27bb-435c-b76f-e77327d6668d,Seoudi Supermarket,Sunshine Sardines,Sunshine,60.95,,EGP,,Canned Food,Canned Fish,125.0,g,,,https://seoudisupermarket.com/en/sunshine-sardines-125-g,In Stock,,2026-09-14 18:55:25.945005
b2be1214-9cd2-4ea9-ade0-11c933f31c20,Seoudi Supermarket,A.M.R Morocon Sardines,A.M.R,58.45,,EGP,,Canned Food,Canned Fish,125.0,g,,,https://seoudisupermarket.com/en/amr-morocon-sardines-125-g,In Stock,,2026-09-14 18:55:25.953003
48d69b03-0efc-44c2-8604-1c760abf2909,Seoudi Supermarket,Sunshine Hot Sardines,Sunshine,60.95,,EGP,,Canned Food,Canned Fish,125.0,g,,,https://seoudisupermarket.com/en/sunshine-hot-sardines-125-g,In Stock,,2026-09-14 18:55:25.967004
88e9b625-8a27-4fa7-998d-bc8db897a007,Seoudi Supermarket,John West Infusions Tuna With Chili & Garlic,John West,134.95,149.95,EGP,,Canned Food,Canned Fish,80.0,g,- 10%,,https://seoudisupermarket.com/en/john-west-infusions-tuna-with-chili-garlic-80-g,Out of Stock,,2026-09-14 18:55:25.980011
dc4ec1f8-2297-4a79-8eb1-ed581f93cab2,Seoudi Supermarket,John West Infusions Tuna With Basil,John West,134.95,149.95,EGP,,Canned Food,Canned Fish,80.0,g,- 10%,,https://seoudisupermarket.com/en/john-west-infusions-tuna-with-basil-80-g,Out of Stock,,2026-09-14 18:55:25.991009
a6aaf5fd-97db-478b-8eac-018a74c9b4b2,Seoudi Supermarket,John West Tuna With Tomato,John West,134.95,149.95,EGP,,Canned Food,Canned Fish,80.0,g,- 10%,,https://seoudisupermarket.com/en/john-west-tuna-with-tomato-80-g,Out of Stock,,2026-09-14 18:55:26.005008
cee82b6f-094d-4737-812d-297fbfd9b1d5,Seoudi Supermarket,John West Tuna With Sweet Chili,John West,134.95,149.95,EGP,,Canned Food,Canned Fish,80.0,g,- 10%,,https://seoudisupermarket.com/en/john-west-tuna-with-sweet-chili-80-g,Out of Stock,,2026-09-14 18:55:26.022007
a83c1efe-5cf5-42b1-bda1-cc921a3e799e,Seoudi Supermarket,John West Sweet Chili Tuna,John West,49.95,,EGP,,Canned Food,Canned Fish,80.0,g,,,https://seoudisupermarket.com/en/john-west-sweet-chili-tuna-80-g,Out of Stock,,2026-09-14 18:55:26.036004
76ef04da-29c6-47b6-8757-300eb032764d,Seoudi Supermarket,TC Boy Diet Tuna Chunks,T.C Boy,62.95,71.95,EGP,,Canned Food,Canned Fish,185.0,g,- 13%,,https://seoudisupermarket.com/en/tc-boy-diet-tuna-chunks-185-g,Out of Stock,,2026-09-14 18:55:26.048007
7777ef14-7b04-402e-8b9c-5eec0fb02025,Seoudi Supermarket,John West Skinless and Boneless Mackerel in Tomato Sauce,John West,119.95,,EGP,,Canned Food,Canned Fish,115.0,g,,,https://seoudisupermarket.com/en/john-west-skinless-and-boneless-mackerel-in-tomato-sauce-115-g,Out of Stock,,2026-09-14 18:55:26.061004
9bea38c7-c023-4a68-8bc7-70ba143c17ec,Seoudi Supermarket,John West Tuna Chunks in Sunflower Oil,John West,112.95,,EGP,,Canned Food,Canned Fish,170.0,g,,,https://seoudisupermarket.com/en/john-west-tuna-chunks-in-sunflower-170-g,Out of Stock,,2026-09-14 18:55:26.075005
46f5be8c-21b3-48c0-b382-03caca793693,Seoudi Supermarket,Cava Tuna Pasta Salad,Cava,129.95,,EGP,,Canned Food,Canned Fish,160.0,g,,,https://seoudisupermarket.com/en/cava-tuna-pasta-salad-160-g,Out of Stock,,2026-09-14 18:55:26.086006
9e16b8e7-bec1-404a-b089-c6cc0dbcddc3,Seoudi Supermarket,Cava Mexican Tuna Salad,Cava,129.95,,EGP,,Canned Food,Canned Fish,160.0,g,,,https://seoudisupermarket.com/en/cava-mexican-tuna-salad-160-g,Out of Stock,,2026-09-14 18:55:26.111004
4d0b79f3-ebdf-46d0-a866-5d1daf504109,Seoudi Supermarket,John West Tuna Steak,John West,134.95,,EGP,,Canned Food,Canned Fish,160.0,g,,,https://seoudisupermarket.com/en/john-west-tuna-steak-160-g,Out of Stock,,2026-09-14 18:55:26.232006
3306ebd1-ecf3-4829-91ac-e7cab594e801,Seoudi Supermarket,John West White Meat Tuna Chunks in Sunflower Oil - 3 Pieces,John West,290.45,,EGP,,Canned Food,Canned Fish,170.0,g,,,https://seoudisupermarket.com/en/john-west-white-meat-tuna-chunks-in-sunflower-oil-170g-3-pieces,Out of Stock,,2026-09-14 18:55:26.354010
f994840b-431d-4ebe-b3fb-86429b785f4c,Seoudi Supermarket,John West White Meat Tuna Solid in Sunflower Oil - 3 Pieces,John West,302.45,,EGP,,Canned Food,Canned Fish,170.0,g,,,https://seoudisupermarket.com/en/john-west-white-meat-tuna-solid-in-sunflower-oil-170g-3-pieces,Out of Stock,,2026-09-14 18:55:26.383006
7f7e0410-feb7-4b2e-b386-1bf2e3a27769,Seoudi Supermarket,John West White Meat Tuna Solid in Sunflower Oil,John West,117.45,,EGP,,Canned Food,Canned Fish,170.0,g,,,https://seoudisupermarket.com/en/john-west-white-meat-tuna-solid-in-sunflower-oil-170g,Out of Stock,,2026-09-14 18:55:26.437005
ac2612da-8587-45e3-982d-01a6c19c3cd5,Seoudi Supermarket,John West White Meat Tuna Solid in Water,John West,113.95,,EGP,,Canned Food,Canned Fish,170.0,g,,,https://seoudisupermarket.com/en/john-west-white-meat-tuna-solid-in-water-170-g,Out of Stock,,2026-09-14 18:55:26.475005
f93c5067-e848-4386-9daf-3c08eb4bc15a,Seoudi Supermarket,John West Tuna Chunks - Pack of 3,John West,217.45,,EGP,,Canned Food,Canned Fish,80.0,g,,,https://seoudisupermarket.com/en/john-west-tuna-chunks-80-g-pack-of-3,Out of Stock,,2026-09-14 18:55:26.512008
79d94882-e44b-4083-a87b-a5018bdb27c0,Seoudi Supermarket,John West Tuna Chunks in Sunflower Oil,John West,114.95,,EGP,,Canned Food,Canned Fish,145.0,g,,,https://seoudisupermarket.com/en/%D8%AC%D9%88%D9%86-%D9%88%D9%8A%D8%B3%D8%AA-%D8%AA%D9%88%D9%86%D8%A9-%D9%82%D8%B7%D8%B9-145%D8%AC%D9%85,Out of Stock,,2026-09-14 18:55:26.522005
1e7b7b21-f412-4632-9b0c-de6afb7111c1,Seoudi Supermarket,John West On The Go Light Mexican Tuna Bean Salad,John West,173.95,,EGP,,Canned Food,Canned Fish,220.0,g,,,https://seoudisupermarket.com/en/%D8%AC%D9%88%D9%86-%D9%88%D9%8A%D8%B3%D8%AA-%D8%B3%D9%84%D8%A7%D8%AA%D9%88%D9%86%D8%A9-%D9%85%D9%83%D8%B3%D9%8A%D9%83%D9%89-220%D8%AC%D9%85,Out of Stock,,2026-09-14 18:55:26.534005
b628be52-525c-4be9-971f-7236b18c4927,Seoudi Supermarket,Rose Garden Tuna Chunks,Rose Garden,43.75,,EGP,,Canned Food,Canned Fish,140.0,g,,,https://seoudisupermarket.com/en/rose-garden-tuna-chunks-140-g,Out of Stock,,2026-09-14 18:55:26.545005
d1be1d27-ba06-41dd-b0ae-959c3f89e7fa,Seoudi Supermarket,John West Tuna with Mayonnaise & Corn,John West,49.95,,EGP,,Canned Food,Canned Fish,80.0,g,,,https://seoudisupermarket.com/en/john-west-tuna-with-mayonnaise-and-corn-80-g,Out of Stock,,2026-09-14 18:55:26.556005
627ce75a-31c8-4298-99e1-a154af5a4696,Seoudi Supermarket,John West Mexican Mix Tuna,John West,49.95,,EGP,,Canned Food,Canned Fish,80.0,g,,,https://seoudisupermarket.com/en/john-west-mexican-mix-tuna-80-g,Out of Stock,,2026-09-14 18:55:26.565004
29d17bf1-fb6a-43a3-b93a-1a188f50a63d,Seoudi Supermarket,John West Mediterranean Tuna,John West,49.95,,EGP,,Canned Food,Canned Fish,80.0,g,,,https://seoudisupermarket.com/en/john-west-mediterranean-tuna-80-g,Out of Stock,,2026-09-14 18:55:26.576063
b57e0f53-02b0-4054-8f81-2f6358d9cccf,Seoudi Supermarket,John West Salmon & Chickpea Salad,John West,179.95,,EGP,,Canned Food,Canned Fish,220.0,g,,,https://seoudisupermarket.com/en/john-west-salmon-and-chickpea-salad-220-g,Out of Stock,,2026-09-14 18:55:26.596004
d0a714c7-8133-4ed5-92b9-399bb9b5a725,Seoudi Supermarket,John West Tuna Salad with Rice & Vegetables,John West,179.95,,EGP,,Canned Food,Canned Fish,220.0,g,,,https://seoudisupermarket.com/en/john-west-tuna-salad-with-rice-and-vegetables-220-g,Out of Stock,,2026-09-14 18:55:26.606006
73a30434-bb41-4094-9e66-7786f57a2943,Seoudi Supermarket,John West Italian Tuna Salad,John West,173.95,,EGP,,Canned Food,Canned Fish,220.0,g,,,https://seoudisupermarket.com/en/john-west-italian-tuna-salad-220-g,Out of Stock,,2026-09-14 18:55:26.617005
bc48c125-fba0-434e-a91c-f5303630d266,Seoudi Supermarket,John West Jalapeno Tuna,John West,134.95,149.95,EGP,,Canned Food,Canned Fish,80.0,g,- 10%,,https://seoudisupermarket.com/en/john-west-jalapeno-tuna-80-g,Out of Stock,,2026-09-14 18:55:26.629004
c472f2fc-86ec-4d64-b526-db237b54b4fe,Seoudi Supermarket,John West Tuna Chunks in Sunflower Oil - Pack of 3,John West,217.45,,EGP,,Canned Food,Canned Fish,,,,,https://seoudisupermarket.com/en/john-west-tuna-chunks-in-sunflower-oil-pack-of-3,Out of Stock,,2026-09-14 18:55:26.638004
08bd1242-7fa3-432a-ae9b-8466c9db1ac8,Seoudi Supermarket,John West Diet Tuna Chunks,John West,114.95,,EGP,,Canned Food,Canned Fish,145.0,g,,,https://seoudisupermarket.com/en/john-west-diet-tuna-chunks-145-g,Out of Stock,,2026-09-14 18:55:26.647005
f655d75c-e2de-42bc-9da9-400b87450f5d,Seoudi Supermarket,California Garden Tuna Slices with Black Pepper & Lemon,California Garden,103.45,,EGP,,Canned Food,Canned Fish,120.0,g,,,https://seoudisupermarket.com/en/california-garden-tuna-slices-with-black-pepper-and-lemon-120-g,Out of Stock,,2026-09-14 18:55:26.655008
1be98203-6026-4e28-ab00-3f0f5be873d5,Seoudi Supermarket,California Garden Smoked Tuna Slices in Sunflower Oil,California Garden,117.75,,EGP,,Canned Food,Canned Fish,120.0,g,,,https://seoudisupermarket.com/en/california-garden-smoked-tuna-slices-in-sunflower-oil-120-g,Out of Stock,,2026-09-14 18:55:26.666003
978fe7a2-42a9-4a07-b4ba-2c63bd905c15,Seoudi Supermarket,California Garden Tuna Slices in Sunflower Oil,California Garden,103.45,,EGP,,Canned Food,Canned Fish,120.0,g,,,https://seoudisupermarket.com/en/california-garden-tuna-slices-in-sunflower-oil-120-g,Out of Stock,,2026-09-14 18:55:26.675003
7339b5f1-6251-47c9-95e4-ab2ceb4f3da2,Seoudi Supermarket,California Garden Solid Tuna,California Garden,68.75,,EGP,,Canned Food,Canned Fish,185.0,g,,,https://seoudisupermarket.com/en/california-garden-solid-tuna-185-g,Out of Stock,,2026-09-14 18:55:26.684007
e3c86f66-62a0-418a-8bce-7e501bf1ea9f,Seoudi Supermarket,John West Greek Tuna Pasta Salad,John West,179.95,,EGP,,Canned Food,Canned Fish,220.0,g,,,https://seoudisupermarket.com/en/john-west-greek-tuna-pasta-salad-220-g,Out of Stock,,2026-09-14 18:55:26.693003
02d5c886-64fa-481b-8695-cc1467c64d09,Seoudi Supermarket,John West Tuna Noodle Pot with Green Curry,John West,199.95,,EGP,,Canned Food,Canned Fish,118.0,g,,,https://seoudisupermarket.com/en/john-west-tuna-noodle-pot-with-green-curry-118-g,Out of Stock,,2026-09-14 18:55:26.702004
b0bf0a1e-2fc9-4f77-81ed-12351c03edf9,Seoudi Supermarket,John West Tuna with Chili & Garlic Couscous,John West,199.95,,EGP,,Canned Food,Canned Fish,120.0,g,,,https://seoudisupermarket.com/en/john-west-tuna-with-chili-and-garlic-couscous-120-g,Out of Stock,,2026-09-14 18:55:26.711003
8f4f4206-85a2-4bb9-a0b1-3853e268b215,Seoudi Supermarket,John West Honey & Ginger Tuna Salad with Couscous and Chickpeas,John West,173.95,,EGP,,Canned Food,Canned Fish,220.0,g,,,https://seoudisupermarket.com/en/john-west-honey-and-ginger-tuna-salad-with-couscous-and-chickpeas-220-g,Out of Stock,,2026-09-14 18:55:26.720003
cd222138-49d0-4671-bede-319e68b82a73,Seoudi Supermarket,John West Indian Tuna Salad with Couscous and Lentils,John West,173.95,,EGP,,Canned Food,Canned Fish,220.0,g,,,https://seoudisupermarket.com/en/john-west-indian-tuna-salad-with-couscous-and-lentils-220-g,Out of Stock,,2026-09-14 18:55:26.728009
77399106-4142-400a-974b-9a1c2539a9a1,Seoudi Supermarket,John West Harrisa Spiced Tuna Salad with Couscous and Lentils,John West,173.95,,EGP,,Canned Food,Canned Fish,220.0,g,,,https://seoudisupermarket.com/en/john-west-harrisa-spiced-tuna-salad-with-couscous-and-lentils-220-g,Out of Stock,,2026-09-14 18:55:26.737005
4027d2d3-8c80-4283-b8ff-b29839e2e434,Seoudi Supermarket,Aqua Premium Solid Tuna,Aqua,71.95,,EGP,,Canned Food,Canned Fish,160.0,g,,,https://seoudisupermarket.com/en/aqua-premium-solid-tuna-160-g,Out of Stock,,2026-09-14 18:55:26.747005
42e08238-617a-460a-a3e8-8b5ff09989d5,Seoudi Supermarket,Aqua Premium Flaked Tuna,Aqua,39.95,,EGP,,Canned Food,Canned Fish,140.0,g,,,https://seoudisupermarket.com/en/aqua-premium-flaked-tuna-140-g,Out of Stock,,2026-09-14 18:55:26.758006
eb95513a-88b9-4558-84d2-106839a3798f,Seoudi Supermarket,Aqua Premium Tuna Chunks,Aqua,56.95,63.95,EGP,,Canned Food,Canned Fish,140.0,g,- 11%,,https://seoudisupermarket.com/en/aqua-premium-tuna-chunks-140-g,Out of Stock,,2026-09-14 18:55:26.769006
159a9536-1944-4f04-bfe7-6e7e77544486,Seoudi Supermarket,Aqua Yellow Fin Solid Tuna,Aqua,75.95,84.95,EGP,,Canned Food,Canned Fish,185.0,g,- 11%,,https://seoudisupermarket.com/en/aqua-yellow-fin-solid-tuna-185-g,Out of Stock,,2026-09-14 18:55:26.782004
c1728f92-776c-48c1-9f54-ed6cab2c28d3,Seoudi Supermarket,California Garden Tuna Slices in Sunflower Oil with Chili,California Garden,103.45,,EGP,,Canned Food,Canned Fish,120.0,g,,,https://seoudisupermarket.com/en/california-garden-tuna-slices-in-sunflower-oil-with-chili-120-g,Out of Stock,,2026-09-14 18:55:26.792006
0cb76b48-8656-4afa-bbb0-3ddfac9dd6ed,Seoudi Supermarket,Dolphine Gold Tuna Slices with Lemon,Dolphin,82.75,,EGP,,Canned Food,Canned Fish,170.0,g,,,https://seoudisupermarket.com/en/dolphine-gold-tuna-slices-with-lemon-170-g,Out of Stock,,2026-09-14 18:55:26.802004
3eb453dd-962f-41d8-92ab-521b437f8a46,Seoudi Supermarket,Rio Mare Salatuna Quinoa,Rio Mare,229.95,,EGP,,Canned Food,Canned Fish,160.0,g,,,https://seoudisupermarket.com/en/rio-mare-salatuna-quinoa-160-g,Out of Stock,,2026-09-14 18:55:26.814005
bbfb1d46-290d-436d-9134-a897313ef3aa,Seoudi Supermarket,Rose Garden Shredded Tuna,Rose Garden,32.95,,EGP,,Canned Food,Canned Fish,140.0,g,,,https://seoudisupermarket.com/en/rose-garden-shredded-tuna-140-g,Out of Stock,,2026-09-14 18:55:26.824004
ea980ec0-539e-43e9-a17f-a2e7878bbca2,Seoudi Supermarket,Fisherman Mexican Tuna Salad,Fisherman,147.95,,EGP,,Canned Food,Canned Fish,230.0,g,,,https://seoudisupermarket.com/en/fisherman-mexican-tuna-salad-230-g,Out of Stock,,2026-09-14 18:55:26.835009
3420b539-e88a-4de3-85b8-b0165ddda037,Seoudi Supermarket,Fisherman Italian Tuna Salad,Fisherman,147.95,,EGP,,Canned Food,Canned Fish,160.0,g,,,https://seoudisupermarket.com/en/fisherman-italian-tuna-salad-160-g,Out of Stock,,2026-09-14 18:55:26.846004
46150188-bb61-46e5-ac06-7784eb2e47bb,Seoudi Supermarket,Dolphin Solid Tuna Easy Open - Pack of 3,Dolphin,248.45,,EGP,,Canned Food,Canned Fish,200.0,g,,,https://seoudisupermarket.com/en/dolphin-solid-tuna-easy-open-200-g-pack-of-3,Out of Stock,,2026-09-14 18:55:26.856005
bab44dda-14d7-4f2a-87fb-979a480fdf3f,Seoudi Supermarket,Sunshine Tuna Slices with Lemon,Sunshine,84.95,,EGP,,Canned Food,Canned Fish,120.0,g,,,https://seoudisupermarket.com/en/sunshine-tuna-slices-with-lemon-120-g,Out of Stock,,2026-09-14 18:55:26.866005
706e0df6-73e8-4c07-b26a-c2eb35c553e1,Seoudi Supermarket,Mario Shredded Tuna,Mario,30.75,,EGP,,Canned Food,Canned Fish,140.0,g,,,https://seoudisupermarket.com/en/mario-shredded-tuna-140-g,Out of Stock,,2026-09-14 18:55:26.877004
15f5b995-2f52-4fcc-ba7c-9a2c54c90424,Seoudi Supermarket,"Dolphin Tuna Slices, Easy Open",Dolphin,82.45,,EGP,,Canned Food,Canned Fish,170.0,g,,,https://seoudisupermarket.com/en/dolphin-tuna-slices-easy-open-170-g,Out of Stock,,2026-09-14 18:55:26.888004
f3e8ee99-61f2-4423-9063-230894bb11df,Seoudi Supermarket,Dolphin Tuna Chunks,Dolphin,61.95,65.45,EGP,,Canned Food,Canned Fish,140.0,g,- 5%,,https://seoudisupermarket.com/en/dolphin-tuna-chunks-140-g,Out of Stock,,2026-09-14 18:55:26.899004
ca1f81e6-1878-44fe-9c9f-b3e6e77e4536,Seoudi Supermarket,John West Chunks Tuna Meat in Water,John West,101.95,,EGP,,Canned Food,Canned Fish,170.0,g,,,https://seoudisupermarket.com/en/john-west-chunks-tuna-meat-in-water-170-g,Out of Stock,,2026-09-14 18:55:26.909005
9e085249-0d5d-4e58-8c42-34a2aa81602a,Seoudi Supermarket,John West Solid Tuna Meat in Water,John West,106.95,,EGP,,Canned Food,Canned Fish,170.0,g,,,https://seoudisupermarket.com/en/john-west-solid-tuna-meat-in-water-170-g,Out of Stock,,2026-09-14 18:55:26.918005
b2f93929-e4e1-42aa-ba64-d084d87beff9,Seoudi Supermarket,Rio mare Texana Salatuna - Pack of 2,Rio Mare,459.95,,EGP,,Canned Food,Canned Fish,160.0,g,,,https://seoudisupermarket.com/en/rio-mare-texana-salatuna-160-g-pack-of-2,Out of Stock,,2026-09-14 18:55:26.929005
364203ea-dd18-4fd6-9131-da8629f93507,Seoudi Supermarket,T.C Boy Spicy Tuna Chunks,T.C Boy,81.95,,EGP,,Canned Food,Canned Fish,185.0,g,,,https://seoudisupermarket.com/en/t-c-boy-spicy-tuna-chunks-185-g,Out of Stock,,2026-09-14 18:55:26.938006
01e0eff5-1317-4902-972b-0956bf8858ea,Seoudi Supermarket,Rio Mare Salatuna with Mexico Recipe,Rio Mare,229.95,,EGP,,Canned Food,Canned Fish,160.0,g,,,https://seoudisupermarket.com/en/rio-mare-salatuna-with-mexico-recipe-160-g,Out of Stock,,2026-09-14 18:55:26.948005
2fb807de-66e1-4ecd-9758-9c4ff821c347,Seoudi Supermarket,Rio Mare Salatuna with Maize Recipe,Rio Mare,229.95,,EGP,,Canned Food,Canned Fish,160.0,g,,,https://seoudisupermarket.com/en/rio-mare-salatuna-with-maize-recipe-160-g,Out of Stock,,2026-09-14 18:55:26.957003
bf35401f-316a-4aee-9949-b52f4f9a0941,Seoudi Supermarket,Rio Mare Light Tuna Meat in Olive Oil - 2 Pieces,Rio Mare,549.95,,EGP,,Canned Food,Canned Fish,160.0,g,,,https://seoudisupermarket.com/en/rio-mare-light-tuna-meat-in-olive-oil-160-g-2-pieces,Out of Stock,,2026-09-14 18:55:26.966004
1971ac32-72de-40ef-ba18-6c97643a0919,Seoudi Supermarket,Bostany Tuna One Piece with Chili,Bostany,86.95,,EGP,,Canned Food,Canned Fish,185.0,g,,,https://seoudisupermarket.com/en/bostany-tuna-one-piece-with-chili-185-g,Out of Stock,,2026-09-14 18:55:26.974003
54b20f8d-0472-433b-898b-3899a0cb64de,Seoudi Supermarket,Rose Tuna One Piece,Rose Garden,79.95,,EGP,,Canned Food,Canned Fish,200.0,g,,,https://seoudisupermarket.com/en/rose-tuna-one-piece-200-g,Out of Stock,,2026-09-14 18:55:26.981003
5d0cac07-c978-4d1b-81b8-b100a5a60b89,Seoudi Supermarket,Sunshine Fancy Tuna Chunks,Sunshine,74.95,,EGP,,Canned Food,Canned Fish,185.0,g,,,https://seoudisupermarket.com/en/sunshine-fancy-tuna-chunks-185-g,Out of Stock,,2026-09-14 18:55:26.989003
41440467-9d92-4866-ae84-4509a0058f08,Seoudi Supermarket,California Garden Light Tuna Chunks with Chili,California Garden,67.75,,EGP,,Canned Food,Canned Fish,185.0,g,,,https://seoudisupermarket.com/en/california-garden-light-tuna-chunks-with-chili-185-g,Out of Stock,,2026-09-14 18:55:26.998005
781c5c0e-ce66-4dac-9807-ab47c3f1c281,Seoudi Supermarket,Consorcio Tuna in Olive Oil,Consorcio,229.95,286.95,EGP,,Canned Food,Canned Fish,110.0,g,- 20%,,https://seoudisupermarket.com/en/consorcio-tuna-in-olive-oil-110-g,Out of Stock,,2026-09-14 18:55:27.009004
aa11d8fc-fe71-473e-8101-27c095bbe962,Seoudi Supermarket,Afia Tuna Chunks with Sunflower Oil,Afia,68.95,,EGP,,Canned Food,Canned Fish,185.0,g,,,https://seoudisupermarket.com/en/afia-tuna-chunks-with-sunflower-oil-185-g,Out of Stock,,2026-09-14 18:55:27.018008
298be45c-108c-4c4b-a77e-099b1a10794e,Seoudi Supermarket,Afia Tuna One Piece,Afia,71.95,,EGP,,Canned Food,Canned Fish,185.0,g,,,https://seoudisupermarket.com/en/afia-tuna-one-piece-185-g,Out of Stock,,2026-09-14 18:55:27.027007
32185493-7d82-49d7-af01-71dedbc7a4cc,Seoudi Supermarket,California Garden One Piece Tuna in Sunflower Oil,California Garden,82.45,,EGP,,Canned Food,Canned Fish,185.0,g,,,https://seoudisupermarket.com/en/california-garden-one-piece-tuna-in-sunflower-oil-185-g,Out of Stock,,2026-09-14 18:55:27.036002
2d169f45-0a86-470c-8078-5dbd47d8a7e0,Seoudi Supermarket,Dobella Sardines in Vegetable Oil,Dobella,48.95,,EGP,,Canned Food,Canned Fish,125.0,g,,,https://seoudisupermarket.com/en/dobella-sardines-in-vegetable-oil-125-g,Out of Stock,,2026-09-14 18:55:27.045008
80f0d6ff-5379-4d7d-a8c2-f0449f86fafe,Seoudi Supermarket,John West Sardines Fillets,John West,113.95,,EGP,,Canned Food,Canned Fish,95.0,g,,,https://seoudisupermarket.com/en/john-west-sardines-fillets-95-g,Out of Stock,,2026-09-14 18:55:27.054005
5751a4cb-0eda-4686-97a4-81d2ef10f2d4,Seoudi Supermarket,John West Sardines in Olive Oil,John West,148.45,,EGP,,Canned Food,Canned Fish,120.0,g,,,https://seoudisupermarket.com/en/john-west-sardines-in-olive-oil-120-g,Out of Stock,,2026-09-14 18:55:27.063004
8603f6e7-c4c2-4356-8c7c-e3effbfe7e87,Seoudi Supermarket,Sea Star Smoked Herring Fillet Salad,Sea Star,169.95,,EGP,,Canned Food,Canned Fish,390.0,g,,,https://seoudisupermarket.com/en/sea-star-smoked-herring-fillet-salad-390-g,Out of Stock,,2026-09-14 18:55:27.072007
16845ec5-ca4c-4b0b-8c7c-f6154aade126,Seoudi Supermarket,John West Pink Salmon,John West,284.95,,EGP,,Canned Food,Canned Fish,213.0,g,,,https://seoudisupermarket.com/en/john-west-pink-salmon-213-g,Out of Stock,,2026-09-14 18:55:27.083006
25b826f0-4184-4c0c-90c5-f243813b8434,Seoudi Supermarket,Dobella Sardines in Vegetable Oil & Brine with Chili,Dobella,48.95,,EGP,,Canned Food,Canned Fish,125.0,g,,,https://seoudisupermarket.com/en/dobella-sardines-in-vegetable-oil-and-brine-with-chili-125-g,Out of Stock,,2026-09-14 18:55:27.092005
e792a2eb-4478-4f50-8be3-f004be919fec,Seoudi Supermarket,Caprimar Anchovies in Sunflower Oil,Caprimar,89.95,,EGP,,Canned Food,Canned Fish,43.0,g,,,https://seoudisupermarket.com/en/caprimar-anchovies-in-sunflower-oil-43-g,Out of Stock,,2026-09-14 18:55:27.101004
c5d7135c-ba6a-484e-9a47-c2f02e3fb18a,Seoudi Supermarket,Cava Spicy Sardines,Cava,51.45,,EGP,,Canned Food,Canned Fish,125.0,g,,,https://seoudisupermarket.com/en/cava-spicy-sardines-125-g,Out of Stock,,2026-09-14 18:55:27.110005
95f52d42-cdd1-4ed9-8c1e-77c6a4d38d6d,Seoudi Supermarket,Rose Garden Sardines,Rose Garden,38.95,,EGP,,Canned Food,Canned Fish,125.0,g,,,https://seoudisupermarket.com/en/rose-garden-sardines-125-g,Out of Stock,,2026-09-14 18:55:27.119005
369ad3a9-7083-47c6-876c-1f0f458083bc,Seoudi Supermarket,Dolphin Smoked Tuna Slices,Dolphin,82.75,,EGP,,Canned Food,Canned Fish,170.0,g,,,https://seoudisupermarket.com/en/dolphin-smoked-tuna-slices-170-g,Out of Stock,,2026-09-14 18:55:27.128006
17502a5d-3939-4443-a410-f85ce00f52c5,Seoudi Supermarket,Founty Spiced Sardines in Vegetables Oil,Founty,51.95,,EGP,,Canned Food,Canned Fish,125.0,g,,,https://seoudisupermarket.com/en/founty-spiced-sardines-in-vegetables-oil-125-g,Out of Stock,,2026-09-14 18:55:27.137007
b9aa96f5-c24e-4451-9c4c-33848e8979ae,Seoudi Supermarket,Realmar Anchovy Fillet,Realmar,102.45,,EGP,,Canned Food,Canned Fish,50.0,g,,,https://seoudisupermarket.com/en/realmar-anchovy-fillet-50-g,Out of Stock,,2026-09-14 18:55:27.145005
e4772017-d0fa-43e1-9678-23ce8a523eb9,Seoudi Supermarket,Santona Sliced Anchovy,Santona,96.95,,EGP,,Canned Food,Canned Fish,45.0,g,,,https://seoudisupermarket.com/en/santona-sliced-anchovy-45-g,Out of Stock,,2026-09-14 18:55:27.152004
da1021da-50d3-4194-8f4b-66156948fba4,Seoudi Supermarket,Realmar Red Anchovies,Realmar,94.95,,EGP,,Canned Food,Canned Fish,50.0,g,,,https://seoudisupermarket.com/en/realmar-red-anchovies-50-g,Out of Stock,,2026-09-14 18:55:27.161003
51f543b6-8de5-4f24-a56a-7720001d7253,Seoudi Supermarket,A.M.R Sardines with Chili,A.M.R,58.45,,EGP,,Canned Food,Canned Fish,125.0,g,,,https://seoudisupermarket.com/en/a-m-r-sardines-with-chili-125-g,Out of Stock,,2026-09-14 18:55:27.170006
78eaacb2-7f29-4cf3-bcac-3d35fe0c2c09,Seoudi Supermarket,Consorcio Anchovy in Olive Oil,Consorcio,286.95,,EGP,,Canned Food,Canned Fish,45.0,g,,,https://seoudisupermarket.com/en/consorcio-anchovy-in-olive-oil-45-g,Out of Stock,,2026-09-14 18:55:27.179005
1,Seoudi Supermarket,Dutch Light Gouda Cheese,,106.88,,EGP,Cheese,Cheese & Labneh,Gouda,0.125,Kg,,,https://seoudisupermarket.com/en/dutch-light-gouda-cheese,In Stock,,2026-09-14 18:45:46.491557
2,Seoudi Supermarket,Goat Gouda Cheese Roquefort,,218.63,,EGP,Cheese,Cheese & Labneh,Gouda,0.125,Kg,,,https://seoudisupermarket.com/en/goat-gouda-cheese-roquefort,In Stock,,2026-09-14 18:45:46.496555
3,Seoudi Supermarket,Dodoni Halloumi Cheese with Basil,Dodoni,250,,EGP,Cheese,Cheese & Labneh,Halloumi,225.0,g,,,https://seoudisupermarket.com/en/dodoni-halloumi-cheese-with-basil-225-g,In Stock,,2026-09-14 18:45:46.496555
4,Seoudi Supermarket,Dodoni Halloumi Cheese with Chili Pepper,Dodoni,250,,EGP,Cheese,Cheese & Labneh,Halloumi,225.0,g,,,https://seoudisupermarket.com/en/dodoni-halloumi-cheese-with-chili-pepper-225-g,In Stock,,2026-09-14 18:45:46.497555
5,Seoudi Supermarket,Almarai Feta Cheese,Almarai,92.95,,EGP,Cheese,Cheese & Labneh,Feta,1.0,kg,,,https://seoudisupermarket.com/en/%D8%A7%D9%84%D9%85%D8%B1%D8%A7%D8%B9%D9%89-%D8%AC%D8%A8%D9%86%D8%A9-%D9%81%D9%8A%D8%AA%D8%A7-1-%D9%83%D8%AC%D9%85,In Stock,,2026-09-14 18:45:46.498555
6,Seoudi Supermarket,Yopolis Istanbuli Cheese Free from Vegetable Oils,Yopolis,114.75,135,EGP,Cheese,Cheese & Labneh,Istanbuli,450.0,g,15,,https://seoudisupermarket.com/en/yopolis-istanbuli-cheese-free-from-vegetable-oils-450-g,In Stock,,2026-09-14 18:45:46.499555
7,Seoudi Supermarket,Yopolis Baramili Cheese Free from Vegetable Oils,Yopolis,114.75,135,EGP,Cheese,Cheese & Labneh,Baramili,450.0,g,15,,https://seoudisupermarket.com/en/yopolis-baramili-cheese-free-from-vegetable-oils-450-g,In Stock,,2026-09-14 18:45:46.500557
8,Seoudi Supermarket,Yopolis Double Cream Cheese Free from Vegetable Oils,Yopolis,125,150,EGP,Cheese,Cheese & Labneh,Cream Cheese,450.0,g,17,,https://seoudisupermarket.com/en/yopolis-double-cream-cheese-free-from-vegetable-oils-450-g,In Stock,,2026-09-14 18:45:46.501556
9,Seoudi Supermarket,Yopolis Feta Cheese Free from Vegetable Oils,Yopolis,114.75,135,EGP,Cheese,Cheese & Labneh,Feta,450.0,g,15,,https://seoudisupermarket.com/en/yopolis-feta-cheese-free-from-vegetable-oils-450-g,In Stock,,2026-09-14 18:45:46.502556
10,Seoudi Supermarket,Domty Burger Flavored Cheddar Cheese Sauce,Domty,72.95,83.95,EGP,Cheese,Cheese & Labneh,,250.0,g,13,,https://seoudisupermarket.com/en/domty-burger-flavored-cheddar-cheese-sauce-250-g,In Stock,,2026-09-14 18:45:46.503557
11,Seoudi Supermarket,Domty Smoked Cheddar Cheese Sauce,Domty,72.95,83.95,EGP,Cheese,Cheese & Labneh,,250.0,g,13,,https://seoudisupermarket.com/en/domty-smoked-cheddar-cheese-sauce-250-g,In Stock,,2026-09-14 18:45:46.503557
12,Seoudi Supermarket,Valley Cheddar Cheese Slices,Valley,135,,EGP,Cheese,Cheese & Labneh,,10,Pieces,,,https://seoudisupermarket.com/en/%D9%81%D8%A7%D9%84%D9%89-%D8%AC%D8%A8%D9%86%D8%A9-%D8%B4%D9%8A%D8%AF%D8%B1%D8%B4%D8%B1%D8%A7%D8%A6%D8%AD10%D9%82,In Stock,,2026-09-14 18:45:46.504557
13,Seoudi Supermarket,Blue River Cheddar Cheese with Pepper Slices,Blue River,153,,EGP,Cheese,Cheese & Labneh,,10,Pieces,,,https://seoudisupermarket.com/en/%D8%A8%D9%84%D9%88-%D8%B1%D9%8A%D9%81%D8%B1%D8%AC%D8%A8%D9%86%D8%A9-%D8%B4%D9%8A%D8%AF%D8%B1%D9%81%D9%84%D9%81%D9%84-%D8%B4%D8%B1%D8%A7%D8%A6%D8%AD10%D9%82,In Stock,,2026-09-14 18:45:46.505559
14,Seoudi Supermarket,Blue River Smoked Cheddar Cheese Slices,Blue River,153,,EGP,Cheese,Cheese & Labneh,,10,Pieces,,,https://seoudisupermarket.com/en/%D8%A8%D9%84%D9%88-%D8%B1%D9%8A%D9%81%D8%B1%D8%AC%D8%A8%D9%86%D8%A9-%D8%B4%D9%8A%D8%AF%D8%B1%D9%85%D8%AF%D8%AE%D9%86-%D8%B4%D8%B1%D8%A7%D8%A6%D8%AD10%D9%82,In Stock,,2026-09-14 18:45:46.506560
15,Seoudi Supermarket,Almarai Creamy Cheese,Almarai,205,,EGP,Cheese,Cheese & Labneh,Creamy Cheese,500.0,g,,,https://seoudisupermarket.com/en/almarai-creamy-cheese-500-g,In Stock,,2026-09-14 18:45:46.506560
16,Seoudi Supermarket,Almarai Triangle Cheese,Almarai,104.95,120,EGP,Cheese,Cheese & Labneh,Triangle Cheese,24,Pieces,13,,https://seoudisupermarket.com/en/almarai-triangle-cheese-24-pieces,In Stock,,2026-09-14 18:45:46.507556
17,Seoudi Supermarket,Almarai Triangle Cheese,Almarai,72.95,80,EGP,Cheese,Cheese & Labneh,Triangle Cheese,16,Pieces,9,,https://seoudisupermarket.com/en/almarai-triangle-cheese-16-pieces,In Stock,,2026-09-14 18:45:46.508556
18,Seoudi Supermarket,Almarai Triangle Cheese,Almarai,38.95,50,EGP,Cheese,Cheese & Labneh,Triangle Cheese,8,Pieces,22,,https://seoudisupermarket.com/en/almarai-triangle-cheese-8-pieces,In Stock,,2026-09-14 18:45:46.509557
19,Seoudi Supermarket,Obour Land Gold Feta Cheese,Obour Land,43.25,51.25,EGP,Cheese,Cheese & Labneh,Feta,250.0,g,16,,https://seoudisupermarket.com/en/obour-land-gold-feta-cheese-250-g,In Stock,,2026-09-14 18:45:46.509557
20,Seoudi Supermarket,Panda Gourmet Feta Cheese,Panda,42.95,,EGP,Cheese,Cheese & Labneh,Feta,250.0,g,,,https://seoudisupermarket.com/en/panda-gourmet-feta-cheese-250-g,In Stock,,2026-09-14 18:45:46.510557
21,Seoudi Supermarket,Juhayna Labneh with Tomato and Basil,Juhayna,199.95,,EGP,Labneh,Cheese & Labneh,Labneh,500.0,g,,,https://seoudisupermarket.com/en/juhayna-labneh-with-tomato-and-basil-500-g,In Stock,,2026-09-14 18:45:46.511556
22,Seoudi Supermarket,Juhayna Labneh with Tomato and Basil,Juhayna,120,,EGP,Labneh,Cheese & Labneh,Labneh,250.0,g,,,https://seoudisupermarket.com/en/juhayna-labneh-with-tomato-and-basil-250-g,In Stock,,2026-09-14 18:45:46.512556
23,Seoudi Supermarket,Juhayna Labneh with Olive Oil and Thyme,Juhayna,199.95,,EGP,Labneh,Cheese & Labneh,Labneh,500.0,g,,,https://seoudisupermarket.com/en/juhayna-labneh-with-olive-oil-and-thyme-500-g,In Stock,,2026-09-14 18:45:46.512556
24,Seoudi Supermarket,Juhayna Labneh with Olive Oil and Thyme,Juhayna,120,,EGP,Labneh,Cheese & Labneh,Labneh,250.0,g,,,https://seoudisupermarket.com/en/juhayna-labneh-with-olive-oil-and-thyme-250-g,In Stock,,2026-09-14 18:45:46.513557
25,Seoudi Supermarket,Almarai Feta Cheese with Edam Flavor,Almarai,25.95,,EGP,Cheese,Cheese & Labneh,Edam,250.0,g,,,https://seoudisupermarket.com/en/almarai-feta-cheese-with-edam-flavor-250-g,In Stock,,2026-09-14 18:45:46.514562
26,Seoudi Supermarket,Yopolis Creamy Cheese with Onion,Yopolis,88,98,EGP,Cheese,Cheese & Labneh,Creamy Cheese,225.0,g,10,,https://seoudisupermarket.com/en/yopolis-creamy-cheese-with-onion-225-g,In Stock,,2026-09-14 18:45:46.515557
27,Seoudi Supermarket,Yopolis Creamy Cheese with Tomato,Yopolis,88,98,EGP,Cheese,Cheese & Labneh,Creamy Cheese,225.0,g,10,,https://seoudisupermarket.com/en/yopolis-creamy-cheese-with-tomato-225-g,In Stock,,2026-09-14 18:45:46.516556
28,Seoudi Supermarket,Gurbet Roquefort Cheese,Gurbet,120,,EGP,Cheese,Cheese & Labneh,Roquefort,100.0,g,,,https://seoudisupermarket.com/en/gurbet-roquefort-cheese-100-g,In Stock,,2026-09-14 18:45:46.517555
29,Seoudi Supermarket,Old Roumy Cheese,,39.38,,EGP,Cheese,Cheese & Labneh,Roumy,0.125,Kg,,,https://seoudisupermarket.com/en/old-roumy-cheese,In Stock,,2026-09-14 18:45:46.518554
30,Seoudi Supermarket,Natural Yellow Cheddar Cheese,,49.38,,EGP,Cheese,Cheese & Labneh,,0.125,Kg,,,https://seoudisupermarket.com/en/yellow-cheddar-cheese,In Stock,,2026-09-14 18:45:46.518554
31,Seoudi Supermarket,Dutch Gouda Cheese,,63.13,,EGP,Cheese,Cheese & Labneh,Gouda,0.125,Kg,,,https://seoudisupermarket.com/en/dutch-gouda-cheese,In Stock,,2026-09-14 18:45:46.519554
32,Seoudi Supermarket,Dutch Edam Cheese,,71.13,,EGP,Cheese,Cheese & Labneh,Edam,0.125,Kg,,,https://seoudisupermarket.com/en/%D8%AC%D8%A8%D9%86%D8%A9-%D9%81%D9%84%D9%85%D9%86%D9%83-%D9%87%D9%88%D9%84%D9%86%D8%AF%D9%89-%D9%88%D8%B2%D9%86-2005459000000,In Stock,,2026-09-14 18:45:46.520555
33,Seoudi Supermarket,King Cheese Natural Mozzarella,King Cheese,215,280,EGP,Cheese,Cheese & Labneh,Mozzarella,1.0,kg,23,,https://seoudisupermarket.com/en/king-cheese-natural-mozzarella-1-kg,In Stock,,2026-09-14 18:45:46.521555
34,Seoudi Supermarket,Kiri Turkish Labneh with Thyme,Kiri,139.95,180,EGP,Labneh,Cheese & Labneh,Labneh,300.0,g,22,,https://seoudisupermarket.com/en/kiri-turkish-labneh-with-thyme-300-g,In Stock,,2026-09-14 18:45:46.521555
35,Seoudi Supermarket,Kiri Turkish Labneh,Kiri,139.95,180,EGP,Labneh,Cheese & Labneh,Labneh,300.0,g,22,,https://seoudisupermarket.com/en/kiri-turkish-labneh-300-g,In Stock,,2026-09-14 18:45:46.522555
36,Seoudi Supermarket,Kiri Turkish Labneh,Kiri,71.95,92,EGP,Labneh,Cheese & Labneh,Labneh,150.0,g,22,,https://seoudisupermarket.com/en/kiri-turkish-labneh-150-g,In Stock,,2026-09-14 18:45:46.523554
37,Seoudi Supermarket,Seoudi Cottage Cheese,Seoudi,65,,EGP,Cheese,Cheese & Labneh,Cottage Cheese,0.5,Kg,,,https://seoudisupermarket.com/en/seoudi-cottage-cheese,In Stock,,2026-09-14 18:45:46.523554
38,Seoudi Supermarket,Obour Land Natural Feta Cheese,Obour Land,94,,EGP,Cheese,Cheese & Labneh,Feta,500.0,g,,,https://seoudisupermarket.com/en/obour-land-natural-feta-cheese-500-g,In Stock,,2026-09-14 18:45:46.524554
39,Seoudi Supermarket,Dina Farms Triangle Cheese,Dina Farms,89.95,,EGP,Cheese,Cheese & Labneh,Triangle Cheese,16,Pieces,,,https://seoudisupermarket.com/en/dina-farms-triangle-cheese-16-pieces,In Stock,,2026-09-14 18:45:46.525555
40,Seoudi Supermarket,Virgilio Parmigiano Reggiano,Virgilio,400,,EGP,cheese,Cheese & Labneh,Parmesan,200.0,g,,,https://seoudisupermarket.com/en/virgilio-parmigiano-reggiano-200g,In Stock,,2026-09-14 18:45:46.525555
41,Seoudi Supermarket,Almarai Baramily Cheese,Almarai,115.5,126.5,EGP,cheese,Cheese & Labneh,Baramili,450.0,g,9,,https://seoudisupermarket.com/en/almarai-baramily-cheese-450-g,In Stock,,2026-09-14 18:45:46.526554
42,Seoudi Supermarket,Almarai Feta Cheese with Roumy Flavor,Almarai,12.25,,EGP,Cheese,Cheese & Labneh,Feta,125.0,g,,,https://seoudisupermarket.com/en/%D8%A7%D9%84%D9%85%D8%B1%D8%A7%D8%B9%D9%89-%D8%AC%D8%A8%D9%86%D8%A9-%D9%81%D9%8A%D8%AA%D8%A7-%D8%B1%D9%88%D9%85%D9%89-125%D8%AC%D9%85,In Stock,,2026-09-14 18:45:46.527554
43,Seoudi Supermarket,Almarai Feta Cheese,Almarai,12.25,,EGP,Cheese,Cheese & Labneh,Feta,125.0,g,,,https://seoudisupermarket.com/en/%D8%A7%D9%84%D9%85%D8%B1%D8%A7%D8%B9%D9%89-%D8%AC%D8%A8%D9%86%D8%A9-%D9%81%D9%8A%D8%AA%D8%A7-125%D8%AC%D9%85,In Stock,,2026-09-14 18:45:46.527554
44,Seoudi Supermarket,Red Cheddar Cheese,,52.5,,EGP,Cheese,Cheese & Labneh,,0.125,Kg,,,https://seoudisupermarket.com/en/red-cheddar-cheese,In Stock,,2026-09-14 18:45:46.528555
45,Seoudi Supermarket,Deer White Cheddar Light Cheese,Deer,83.74,,EGP,Cheese,Cheese & Labneh,,0.125,Kg,,,https://seoudisupermarket.com/en/deer-white-cheddar-light-cheese,Out of Stock,,2026-09-14 18:45:46.529556
46,Seoudi Supermarket,Istanbouli Cheese,,89,,EGP,Cheese,Cheese & Labneh,Istanbuli,0.5,Kg,,,https://seoudisupermarket.com/en/istanbouli-cheese,In Stock,,2026-09-14 18:45:46.529556
47,Seoudi Supermarket,Avanti Red Cheddar Cheese,Avanti,42.73,47.49,EGP,Cheese,Cheese & Labneh,,0.125,Kg,10,,https://seoudisupermarket.com/en/avanti-red-cheddar-cheese,In Stock,,2026-09-14 18:45:46.530554
48,Seoudi Supermarket,Cremo Creamy Cheese Spread,Cremo,61.88,,EGP,Cheese,Cheese & Labneh,Creamy Cheese,0.125,Kg,,,https://seoudisupermarket.com/en/creamy-cheese-spread,In Stock,,2026-09-14 18:45:46.531555
49,Seoudi Supermarket,Almarai Cream Cheese,Almarai,229.95,250,EGP,Cheese,Cheese & Labneh,Cream Cheese,24,Pieces,8,,https://seoudisupermarket.com/en/almarai-cream-cheese-24-pieces,In Stock,,2026-09-14 18:45:46.532556
50,Seoudi Supermarket,Yopolis Labneh with Thyme,Yopolis,93.5,,EGP,Labneh,Cheese & Labneh,Labneh,225.0,g,,,https://seoudisupermarket.com/en/yopolis-labneh-with-thyme-225-g,In Stock,,2026-09-14 18:45:46.533554
51,Seoudi Supermarket,Cottage Cheese,,60,,EGP,Cheese,Cheese & Labneh,Cottage Cheese,0.5,Kg,,,https://seoudisupermarket.com/en/cottage-cheese,In Stock,,2026-09-14 18:45:55.432200
52,Seoudi Supermarket,Blue River Cheddar Cheese Slices,Blue River,153,,EGP,Cheese,Cheese & Labneh,,12,Pieces,,,https://seoudisupermarket.com/en/blue-river-cheddar-cheese-slices-12-pieces,In Stock,,2026-09-14 18:45:55.433198
53,Seoudi Supermarket,Almarai Feta Cheese with Olives,Almarai,51.5,,EGP,Cheese,Cheese & Labneh,Feta,500.0,g,,,https://seoudisupermarket.com/en/almarai-feta-cheese-with-olives-500-g,In Stock,,2026-09-14 18:45:55.435200
54,Seoudi Supermarket,Almarai Feta Cheese with Olives,Almarai,25.95,,EGP,Cheese,Cheese & Labneh,Feta,250.0,g,,,https://seoudisupermarket.com/en/almarai-feta-cheese-with-olives-250-g,In Stock,,2026-09-14 18:45:55.436199
55,Seoudi Supermarket,Dodoni Greek Feta Cheese,Dodoni,635,,EGP,Cheese,Cheese & Labneh,Feta,400.0,g,,,https://seoudisupermarket.com/en/dodoni-greek-feta-cheese-400-g,In Stock,,2026-09-14 18:45:55.437199
56,Seoudi Supermarket,Abu El-Walad Triangle Cheese,Abu El-Walad,139.95,160,EGP,Cheese,Cheese & Labneh,Triangle Cheese,40,Pieces,13,,https://seoudisupermarket.com/en/abu-elwalad-triangle-cheese-40-pieces,In Stock,,2026-09-14 18:45:55.439198
57,Seoudi Supermarket,Dina Farms Cottage Cheese,Dina Farms,74.95,,EGP,Cheese,Cheese & Labneh,Cottage Cheese,450.0,g,,,https://seoudisupermarket.com/en/dina-farms-cottage-cheese-450-g,In Stock,,2026-09-14 18:45:55.440197
58,Seoudi Supermarket,Avanti Natural Feta Cheese,Avanti,93.5,106.5,EGP,Cheese,Cheese & Labneh,Feta,500.0,g,12,,https://seoudisupermarket.com/en/avanti-natural-feta-cheese-500-g,In Stock,,2026-09-14 18:45:55.442199
59,Seoudi Supermarket,Juhayna Labneh,Juhayna,174.95,,EGP,Labneh,Cheese & Labneh,Labneh,500.0,g,,,https://seoudisupermarket.com/en/juhayna-labneh-500-g,In Stock,,2026-09-14 18:45:55.443199
60,Seoudi Supermarket,Juhayna Labneh,Juhayna,99.95,,EGP,Labneh,Cheese & Labneh,Labneh,250.0,g,,,https://seoudisupermarket.com/en/juhayna-labneh-250-g,In Stock,,2026-09-14 18:45:55.444199
61,Seoudi Supermarket,Mobi Creamy Blue Cheese,Mobi,75.5,,EGP,Cheese,Cheese & Labneh,Blue Cheese,100.0,g,,,https://seoudisupermarket.com/en/mobi-creamy-blue-cheese-100-g,In Stock,,2026-09-14 18:45:55.445200
62,Seoudi Supermarket,Mobi Blue Cheese,Mobi,62.5,,EGP,Cheese,Cheese & Labneh,Blue Cheese,100.0,g,,,https://seoudisupermarket.com/en/mobi-blue-cheese-100-g,In Stock,,2026-09-14 18:45:55.446199
63,Seoudi Supermarket,Obour Land Low Salt Cheese,Obour Land,27.25,,EGP,Cheese,Cheese & Labneh,,250.0,g,,,https://seoudisupermarket.com/en/obour-land-low-salt-cheese-250-g,In Stock,,2026-09-14 18:45:55.448199
64,Seoudi Supermarket,Obour Land Feta Cheese with Cheddar,Obour Land,51.75,,EGP,Cheese,Cheese & Labneh,Feta,500.0,g,,,https://seoudisupermarket.com/en/obour-land-feta-cheese-with-cheddar-500-g,In Stock,,2026-09-14 18:45:55.449199
65,Seoudi Supermarket,Obour Land Feta Cheese with Roumy,Obour Land,51.75,,EGP,Cheese,Cheese & Labneh,Feta,500.0,g,,,https://seoudisupermarket.com/en/obour-land-feta-cheese-with-roumy-500-g,In Stock,,2026-09-14 18:45:55.450199
66,Seoudi Supermarket,Avanti Istanbuli Cheese,Avanti,115.5,132.25,EGP,Cheese,Cheese & Labneh,Istanbuli,450.0,g,13,,https://seoudisupermarket.com/en/avanti-istanbuli-cheese-450-g,In Stock,,2026-09-14 18:45:55.451200
67,Seoudi Supermarket,Avanti Feta Cheese with Olives,Avanti,115.5,132.25,EGP,Cheese,Cheese & Labneh,Feta,450.0,g,13,,https://seoudisupermarket.com/en/avanti-feta-cheese-with-olives-450-g,In Stock,,2026-09-14 18:45:55.452201
68,Seoudi Supermarket,Domty Feta Cheese,Domty,109.95,144.75,EGP,Cheese,Cheese & Labneh,Feta,450.0,g,24,,https://seoudisupermarket.com/en/domty-feta-cheese-450-g,In Stock,,2026-09-14 18:45:55.454203
69,Seoudi Supermarket,Domty Gold Light Feta Cheese,Domty,109.95,144.75,EGP,Cheese,Cheese & Labneh,Feta,450.0,g,24,,https://seoudisupermarket.com/en/domty-light-feta-cheese-450-g,In Stock,,2026-09-14 18:45:55.455199
70,Seoudi Supermarket,Domty Baramily Cheese,Domty,109.95,144.75,EGP,Cheese,Cheese & Labneh,Baramili,450.0,g,24,,https://seoudisupermarket.com/en/domty-baramily-cheese-450-g,In Stock,,2026-09-14 18:45:55.457199
71,Seoudi Supermarket,Domty Olive Feta Cheese,Domty,109.95,144.75,EGP,Cheese,Cheese & Labneh,Feta,450.0,g,24,,https://seoudisupermarket.com/en/domty-olive-feta-cheese-450-g,In Stock,,2026-09-14 18:45:55.458201
72,Seoudi Supermarket,Dina Farms Triangle Full Fat Creamy Cheese,Dina Farms,47.5,,EGP,Cheese,Cheese & Labneh,Creamy Cheese,8,Pieces,,,https://seoudisupermarket.com/en/dina-farms-triangle-full-fat-creamy-cheese-8-pieces,In Stock,,2026-09-14 18:45:55.459202
73,Seoudi Supermarket,Seoudi Cheese with Mayonnaise Salad,Seoudi,24.38,,EGP,Cheese,Cheese & Labneh,,0.125,Kg,,,https://seoudisupermarket.com/en/seoudi-cheese-with-mayonnaise-salad,In Stock,,2026-09-14 18:45:55.460200
74,Seoudi Supermarket,Avanti Baramili Cheese with Pepper,Avanti,187,207,EGP,Cheese,Cheese & Labneh,Baramili,800.0,g,10,,https://seoudisupermarket.com/en/avanti-baramili-cheese-with-pepper-800-g,In Stock,,2026-09-14 18:45:55.462200
75,Seoudi Supermarket,Royal Dutch Emmental Cheese,Royal,76.88,,EGP,Cheese,Cheese & Labneh,Emmental,0.125,Kg,,,https://seoudisupermarket.com/en/royal-dutch-emmental-cheese,In Stock,,2026-09-14 18:45:55.463200
76,Seoudi Supermarket,Domty Creamy Cheese with Olives,Domty,79.95,99.95,EGP,Cheese,Cheese & Labneh,Creamy Cheese,220.0,g,20,,https://seoudisupermarket.com/en/domty-creamy-cheese-with-olives-220-g,In Stock,,2026-09-14 18:45:55.464199
77,Seoudi Supermarket,Domty Plus Olive Feta Cheese,Domty,26.5,31.25,EGP,Cheese,Cheese & Labneh,Feta,250.0,g,15,,https://seoudisupermarket.com/en/domty-plus-olive-feta-cheese-250-g,In Stock,,2026-09-14 18:45:55.465199
78,Seoudi Supermarket,Domty Creamy Cheese with Cheddar,Domty,79.95,99.95,EGP,Cheese,Cheese & Labneh,Creamy Cheese,220.0,g,20,,https://seoudisupermarket.com/en/domty-creamy-cheese-with-cheddar-220-g,In Stock,,2026-09-14 18:45:55.466199
79,Seoudi Supermarket,Domty Plus Feta Cheese,Domty,99.95,108,EGP,Cheese,Cheese & Labneh,Feta,1.0,kg,7,,https://seoudisupermarket.com/en/domty-plus-feta-cheese-1-kg,In Stock,,2026-09-14 18:45:55.468204
80,Seoudi Supermarket,Domty Feta Light Cheese,Domty,26.5,31.25,EGP,Cheese,Cheese & Labneh,Feta,250.0,g,15,,https://seoudisupermarket.com/en/domty-feta-light-cheese-250-g,In Stock,,2026-09-14 18:45:55.469199
81,Seoudi Supermarket,Domty Gold Feta Cheese with Olives,Domty,45.75,57.5,EGP,Cheese,Cheese & Labneh,Feta,250.0,g,20,,https://seoudisupermarket.com/en/domty-gold-feta-cheese-with-olives-250-g,In Stock,,2026-09-14 18:45:55.470199
82,Seoudi Supermarket,Domty Plus Istanbouli Cheese,Domty,26.5,31.25,EGP,Cheese,Cheese & Labneh,Istanbuli,250.0,g,15,,https://seoudisupermarket.com/en/domty-plus-istanbouli-cheese-250-g,In Stock,,2026-09-14 18:45:55.471199
83,Seoudi Supermarket,Domty Gold Feta Cheese,Domty,45.75,57.5,EGP,Cheese,Cheese & Labneh,Feta,250.0,g,20,,https://seoudisupermarket.com/en/domty-gold-feta-cheese-250-g,In Stock,,2026-09-14 18:45:55.472201
84,Seoudi Supermarket,Domty Plus Olive Feta Cheese,Domty,52.95,62.5,EGP,Cheese,Cheese & Labneh,Feta,500.0,g,15,,https://seoudisupermarket.com/en/domty-plus-olive-feta-cheese-500-g,In Stock,,2026-09-14 18:45:55.473201
85,Seoudi Supermarket,Domty Plus Feta Cheese with Roumy Cheese Flavor,Domty,52.95,62.5,EGP,Cheese,Cheese & Labneh,Feta,500.0,g,15,,https://seoudisupermarket.com/en/domty-plus-feta-cheese-with-roumy-cheese-flavor-500-g,In Stock,,2026-09-14 18:45:55.474198
86,Seoudi Supermarket,Domty Plus Feta Cheese with Edam Cheese Flavor,Domty,52.95,62.5,EGP,Cheese,Cheese & Labneh,Edam,500.0,g,15,,https://seoudisupermarket.com/en/domty-plus-feta-cheese-with-edam-cheese-flavor-500-g,In Stock,,2026-09-14 18:45:55.475203
87,Seoudi Supermarket,Domty Low Salt White Cheese,Domty,202.95,219.5,EGP,Cheese,Cheese & Labneh,White Cheese,700.0,g,8,,https://seoudisupermarket.com/en/domty-low-salt-white-cheese-700-g,In Stock,,2026-09-14 18:45:55.476203
88,Seoudi Supermarket,Domty Plus Feta Cheese,Domty,52.95,62.5,EGP,Cheese,Cheese & Labneh,Feta,500.0,g,15,,https://seoudisupermarket.com/en/domty-plus-feta-cheese-500-g,In Stock,,2026-09-14 18:45:55.477201
89,Seoudi Supermarket,Domty Creamy Roumy Cheese,Domty,136.5,149.5,EGP,Cheese,Cheese & Labneh,Roumy,380.0,g,9,,https://seoudisupermarket.com/en/domty-creamy-roumy-cheese-380-g,In Stock,,2026-09-14 18:45:55.478200
90,Seoudi Supermarket,Domty Plus Light Feta Cheese,Domty,52.95,62.5,EGP,Cheese,Cheese & Labneh,Feta,500.0,g,15,,https://seoudisupermarket.com/en/domty-plus-light-feta-cheese-500-g,In Stock,,2026-09-14 18:45:55.480202
91,Seoudi Supermarket,Domty Plus Feta Cheese with Cheddar Cheese Flavor,Domty,52.95,62.5,EGP,Cheese,Cheese & Labneh,Feta,500.0,g,15,,https://seoudisupermarket.com/en/domty-plus-feta-cheese-with-cheddar-cheese-flavor-500-g,In Stock,,2026-09-14 18:45:55.482203
92,Seoudi Supermarket,Domty Plus Feta Cheese,Domty,12.95,15.75,EGP,Cheese,Cheese & Labneh,Feta,125.0,g,18,,https://seoudisupermarket.com/en/domty-plus-feta-cheese-125-g,In Stock,,2026-09-14 18:45:55.483197
93,Seoudi Supermarket,Domty Creamy Cheddar Cheese,Domty,136.5,149.5,EGP,Cheese,Cheese & Labneh,,380.0,g,9,,https://seoudisupermarket.com/en/domty-creamy-cheddar-cheese-380-g,In Stock,,2026-09-14 18:45:55.485199
94,Seoudi Supermarket,Avanti Cottage Cheese,Avanti,115.5,132.25,EGP,Cheese,Cheese & Labneh,Cottage Cheese,450.0,g,13,,https://seoudisupermarket.com/en/avanti-cottage-cheese-450-g,In Stock,,2026-09-14 18:45:55.486204
95,Seoudi Supermarket,Avanti Low Salt Natural Cheese,Avanti,115.5,132.25,EGP,Cheese,Cheese & Labneh,,450.0,g,13,,https://seoudisupermarket.com/en/avanti-low-salt-natural-cheese-450-g,In Stock,,2026-09-14 18:45:55.488200
96,Seoudi Supermarket,Almarai Feta Cheese with Cheddar Flavor and Vegetable Fat,Almarai,51.5,,EGP,Cheese,Cheese & Labneh,Feta,500.0,g,,,https://seoudisupermarket.com/en/almarai-feta-cheese-with-cheddar-flavor-and-vegetable-fat-500-g,In Stock,,2026-09-14 18:45:55.489197
97,Seoudi Supermarket,Almarai Feta Cheese with Roumy Flavor and Vegetable Fat,Almarai,51.5,,EGP,Cheese,Cheese & Labneh,Feta,500.0,g,,,https://seoudisupermarket.com/en/almarai-feta-cheese-with-roumy-flavor-and-vegetable-fat-500-g,In Stock,,2026-09-14 18:45:55.490198
98,Seoudi Supermarket,Almarai Feta Cheese with Vegetable Fat,Almarai,51.5,,EGP,Cheese,Cheese & Labneh,Feta,500.0,g,,,https://seoudisupermarket.com/en/almarai-feta-cheese-with-vegetable-fat-500-g,In Stock,,2026-09-14 18:45:55.491200
99,Seoudi Supermarket,Dina Farms Cheese with Cream,Dina Farms,117.95,,EGP,Cheese,Cheese & Labneh,,275.0,g,,,https://seoudisupermarket.com/en/dina-farms-cheese-with-cream-275-g,In Stock,,2026-09-14 18:45:55.493198
100,Seoudi Supermarket,Almarai Feta Cheese with Cheddar Flavor,Almarai,25.95,,EGP,Cheese,Cheese & Labneh,Feta,250.0,g,,,https://seoudisupermarket.com/en/almarai-feta-cheese-with-cheddar-flavor-250-g,In Stock,,2026-09-14 18:45:55.494198
101,Seoudi Supermarket,Almarai Feta Cheese with Roumy Flavor,Almarai,25.95,,EGP,Cheese,Cheese & Labneh,Feta,250.0,g,,,https://seoudisupermarket.com/en/almarai-feta-cheese-with-roumy-flavor-250-g,In Stock,,2026-09-14 18:46:04.171004
102,Seoudi Supermarket,g's Natural Mozzarella Cheese,g's,331.5,,EGP,Cheese,Cheese & Labneh,Mozzarella,900.0,g,,,https://seoudisupermarket.com/en/gs-natural-mozzarella-cheese-900-g,In Stock,,2026-09-14 18:46:04.172000
103,Seoudi Supermarket,Yopolis Cream Cheese with Paprika,Yopolis,88,98,EGP,Cheese,Cheese & Labneh,Cream Cheese,225.0,g,10,,https://seoudisupermarket.com/en/yopolis-cream-cheese-with-paprika-225-g,In Stock,,2026-09-14 18:46:04.173000
104,Seoudi Supermarket,Yopolis Cream Cheese,Yopolis,83,93,EGP,Cheese,Cheese & Labneh,Cream Cheese,225.0,g,11,,https://seoudisupermarket.com/en/yopolis-cream-cheese-225-g,In Stock,,2026-09-14 18:46:04.174998
105,Seoudi Supermarket,Dodoni Halloumi Cheese,Dodoni,225,250,EGP,Cheese,Cheese & Labneh,Halloumi,225.0,g,10,,https://seoudisupermarket.com/en/dodoni-halloumi-cheese-225-g,In Stock,,2026-09-14 18:46:04.175999
106,Seoudi Supermarket,Dodoni Greek Feta Cheese,Dodoni,230,,EGP,Cheese,Cheese & Labneh,Feta,150.0,g,,,https://seoudisupermarket.com/en/dodoni-greek-feta-cheese-150-g,In Stock,,2026-09-14 18:46:04.176999
107,Seoudi Supermarket,Dina Farms Olives Flavored White Cheese,Dina Farms,114.95,,EGP,Cheese,Cheese & Labneh,White Cheese,450.0,g,,,https://seoudisupermarket.com/en/dina-farms-olives-flavored-white-cheese-450-g,In Stock,,2026-09-14 18:46:04.177999
108,Seoudi Supermarket,Paysan Breton Emmental Cheese,Paysan Breton,225,,EGP,Cheese,Cheese & Labneh,Emmental,220.0,g,,,https://seoudisupermarket.com/en/paysan-breton-emmental-cheese-220-g,In Stock,,2026-09-14 18:46:04.178998
109,Seoudi Supermarket,Panda Creamy Cheese,Panda,108.95,114.75,EGP,Cheese,Cheese & Labneh,Creamy Cheese,12,Pieces,5,,https://seoudisupermarket.com/en/panda-creamy-cheese-12-pieces,In Stock,,2026-09-14 18:46:04.179998
110,Seoudi Supermarket,Panda Creamy Cheese,Panda,78.95,,EGP,Cheese,Cheese & Labneh,Creamy Cheese,8,Pieces,,,https://seoudisupermarket.com/en/panda-creamy-cheese-8-pieces,In Stock,,2026-09-14 18:46:04.180998
111,Seoudi Supermarket,Puck Spread Creamy Cheese Glass Jar,Puck,250,,EGP,Cheese,Cheese & Labneh,Creamy Cheese,240.0,g,,,https://seoudisupermarket.com/en/puck-spread-creamy-cheese-230-g,In Stock,,2026-09-14 18:46:04.181998
112,Seoudi Supermarket,Dina Farms Cottage Cheese,Dina Farms,142.95,,EGP,Cheese,Cheese & Labneh,Cottage Cheese,900.0,g,,,https://seoudisupermarket.com/en/dina-farms-cottage-cheese-900-g,In Stock,,2026-09-14 18:46:04.183004
113,Seoudi Supermarket,Avanti Cheddar Cheese with Pastrami,Avanti,47.23,48.74,EGP,Cheese,Cheese & Labneh,,0.125,Kg,3,,https://seoudisupermarket.com/en/avanti-cheddar-cheese-with-pastrami,In Stock,,2026-09-14 18:46:04.184003
114,Seoudi Supermarket,French Emmental Cheese,,98.13,,EGP,Cheese,Cheese & Labneh,Emmental,0.125,Kg,,,https://seoudisupermarket.com/en/%D8%AC%D8%A8%D9%86%D8%A9-%D8%A7%D9%85%D9%86%D8%AA%D8%A7%D9%84-%D9%81%D8%B1%D9%86%D8%B3%D9%89-%D9%88%D8%B2%D9%86-2005452000000,In Stock,,2026-09-14 18:46:04.185000
115,Seoudi Supermarket,Hajdu Kashkaval Cheese,Hajdu,87.38,,EGP,Cheese,Cheese & Labneh,Kashkaval,0.125,Kg,,,https://seoudisupermarket.com/en/hajdu-kashkaval-cheese,In Stock,,2026-09-14 18:46:04.187001
116,Seoudi Supermarket,Grated Roumy Cheese,,39.38,,EGP,Cheese,Cheese & Labneh,Roumy,0.125,Kg,,,https://seoudisupermarket.com/en/grated-roumy-cheese,In Stock,,2026-09-14 18:46:04.188000
117,Seoudi Supermarket,Domty Natural Low Salt Cheese,Domty,138.97,157.5,EGP,Cheese,Cheese & Labneh,,0.5,Kg,12,,https://seoudisupermarket.com/en/domty-natural-low-salt-cheese,In Stock,,2026-09-14 18:46:04.190000
118,Seoudi Supermarket,Domty Low Salt Cheese,Domty,69.97,87.5,EGP,Cheese,Cheese & Labneh,,0.5,Kg,20,,https://seoudisupermarket.com/en/domty-low-salt-cheese,In Stock,,2026-09-14 18:46:04.191999
119,Seoudi Supermarket,Baramili Cheese with Chili,,106.8,,EGP,Cheese,Cheese & Labneh,Baramili,0.6,Kg,,,https://seoudisupermarket.com/en/baramili-cheese-with-chili,In Stock,,2026-09-14 18:46:04.193000
120,Seoudi Supermarket,Baramili Cheese,,106.8,,EGP,Cheese,Cheese & Labneh,Baramili,0.6,Kg,,,https://seoudisupermarket.com/en/baramili-cheese,In Stock,,2026-09-14 18:46:04.194999
121,Seoudi Supermarket,Seoudi Natural Mozzarella Cheese Sticks,Seoudi,49.38,,EGP,Cheese,Cheese & Labneh,Mozzarella,0.125,Kg,,,https://seoudisupermarket.com/en/seoudi-natural-mozzarella-cheese-sticks,Out of Stock,,2026-09-14 18:46:04.196000
122,Seoudi Supermarket,Creamy Cheese,,75.2,,EGP,Cheese,Cheese & Labneh,Creamy Cheese,0.4,Kg,,,https://seoudisupermarket.com/en/creamy-cheese,In Stock,,2026-09-14 18:46:04.197003
123,Seoudi Supermarket,The Milkman Labneh,The Milkman,78.5,,EGP,Labneh,Cheese & Labneh,Labneh,200.0,g,,,https://seoudisupermarket.com/en/the-milkman-labneh-200-g,In Stock,,2026-09-14 18:46:04.198999
124,Seoudi Supermarket,Noura Natural Low Salt Cheese,Noura,87.5,,EGP,Cheese,Cheese & Labneh,,0.5,Kg,,,https://seoudisupermarket.com/en/noura-natural-low-salt-cheese,In Stock,,2026-09-14 18:46:04.201000
125,Seoudi Supermarket,Avanti Cheese Slices with Cumin,Avanti,66,78,EGP,Cheese,Cheese & Labneh,,150.0,g,15,,https://seoudisupermarket.com/en/avanti-cheese-slices-with-cumin-150-g,In Stock,,2026-09-14 18:46:04.202002
126,Seoudi Supermarket,Avanti Cheese Slices with Chili Pepper,Avanti,66,78,EGP,Cheese,Cheese & Labneh,,150.0,g,15,,https://seoudisupermarket.com/en/avanti-cheese-slices-with-chili-pepper-150-g,In Stock,,2026-09-14 18:46:04.203001
127,Seoudi Supermarket,Avanti Smoked Cheese Slices,Avanti,66,78,EGP,Cheese,Cheese & Labneh,,150.0,g,15,,https://seoudisupermarket.com/en/avanti-smoked-cheese-slices-150-g,In Stock,,2026-09-14 18:46:04.204001
128,Seoudi Supermarket,Dina Farms Labneh,Dina Farms,59.95,,EGP,Labneh,Cheese & Labneh,Labneh,250.0,g,,,https://seoudisupermarket.com/en/dina-farms-labneh-250-g,In Stock,,2026-09-14 18:46:04.205003
129,Seoudi Supermarket,Panda Creamy Cheese,Panda,57.5,60.5,EGP,Cheese,Cheese & Labneh,Creamy Cheese,6,Pieces,5,,https://seoudisupermarket.com/en/panda-creamy-cheese-6-pieces,In Stock,,2026-09-14 18:46:04.206001
130,Seoudi Supermarket,Panda Gourmet Triangle Cheese,Panda,79.95,84.95,EGP,Cheese,Cheese & Labneh,Triangle Cheese,16,Pieces,6,,https://seoudisupermarket.com/en/panda-gourmet-triangle-cheese-16-pieces,In Stock,,2026-09-14 18:46:04.207001
131,Seoudi Supermarket,Panda Gourmet Triangle Cheese,Panda,39.95,42.95,EGP,Cheese,Cheese & Labneh,Triangle Cheese,8,Pieces,7,,https://seoudisupermarket.com/en/panda-gourmet-triangle-cheese-8-pieces,In Stock,,2026-09-14 18:46:04.208001
132,Seoudi Supermarket,Seoudi Cottage Cheese Salad,Seoudi,56,,EGP,Cheese,Cheese & Labneh,Cottage Cheese,0.4,Kg,,,https://seoudisupermarket.com/en/seoudi-cottage-cheese-salad,In Stock,,2026-09-14 18:46:04.208998
133,Seoudi Supermarket,Seoudi White Cheese Salad with Thyme,Seoudi,26.13,,EGP,Cheese,Cheese & Labneh,White Cheese,0.125,Kg,,,https://seoudisupermarket.com/en/seoudi-white-cheese-salad-with-thyme,In Stock,,2026-09-14 18:46:04.209998
134,Seoudi Supermarket,Seoudi White Cheese Salad with Black Seeds,Seoudi,26.13,,EGP,Cheese,Cheese & Labneh,White Cheese,0.125,Kg,,,https://seoudisupermarket.com/en/seoudi-white-cheese-salad-with-black-seeds,In Stock,,2026-09-14 18:46:04.211000
135,Seoudi Supermarket,Panda Cheese with Cream Cup,Panda,360.95,379.95,EGP,Cheese,Cheese & Labneh,,900.0,g,5,,https://seoudisupermarket.com/en/panda-cheese-with-cream-cup-900-g,In Stock,,2026-09-14 18:46:04.212000
136,Seoudi Supermarket,Double Cream Cheese,,71.2,,EGP,Cheese,Cheese & Labneh,Cream Cheese,0.4,Kg,,,https://seoudisupermarket.com/en/double-cream-cheese,In Stock,,2026-09-14 18:46:04.214001
137,Seoudi Supermarket,Panda Shredded Mozzarella Cheese,Panda,143.95,151.95,EGP,Cheese,Cheese & Labneh,Mozzarella,550.0,g,5,,https://seoudisupermarket.com/en/panda-shredded-mozzarella-cheese-550-g,In Stock,,2026-09-14 18:46:04.214998
138,Seoudi Supermarket,Prima Fresh Cream,Prima,55.75,,EGP,Fresh Cream,Cheese & Labneh,,240.0,g,,,https://seoudisupermarket.com/en/prima-fresh-cream-240-gm,In Stock,,2026-09-14 18:46:04.216998
139,Seoudi Supermarket,Prima Processed Pastrami Cheese,Prima,99.95,,EGP,Cheese,Cheese & Labneh,,240.0,g,,,https://seoudisupermarket.com/en/prima-processed-pastrami-cheese-240-g,In Stock,,2026-09-14 18:46:04.218001
140,Seoudi Supermarket,"La Vache Qui rit Triangle Cheese, Original",La Vache Qui Rit,129.95,,EGP,Cheese,Cheese & Labneh,Triangle Cheese,16,Pieces,,,https://seoudisupermarket.com/en/la-vache-qui-rit-triangle-cheese-original-16-pieces,In Stock,,2026-09-14 18:46:04.218998
141,Seoudi Supermarket,Kiri Cream Cheese,Kiri,239.95,300,EGP,Cheese,Cheese & Labneh,Cream Cheese,24,Pieces,20,,https://seoudisupermarket.com/en/%D9%83%D9%8A%D8%B1%D9%8A-%D8%AC%D8%A8%D9%86%D8%A9-%D8%A8%D8%A7%D9%84%D9%82%D8%B4%D8%B7%D8%A9-24-%D9%82%D8%B7%D8%B9%D8%A9,In Stock,,2026-09-14 18:46:04.219998
142,Seoudi Supermarket,Kiri Cream Cheese,Kiri,129.95,170,EGP,Cheese,Cheese & Labneh,Cream Cheese,12,Pieces,24,,https://seoudisupermarket.com/en/kiri-cream-cheese-12-pieces,In Stock,,2026-09-14 18:46:04.221001
143,Seoudi Supermarket,Kiri Cream Cheese,Kiri,84.95,120,EGP,Cheese,Cheese & Labneh,Cream Cheese,8,Pieces,29,,https://seoudisupermarket.com/en/kiri-cream-cheese-8-pieces,In Stock,,2026-09-14 18:46:04.221998
144,Seoudi Supermarket,Seoudi Creamy Cheese with Pastrami,Seoudi,32.5,,EGP,Cheese,Cheese & Labneh,Creamy Cheese,0.125,Kg,,,https://seoudisupermarket.com/en/%D8%B3%D8%B9%D9%88%D8%AF%D9%8A-%D8%B3%D9%84%D8%B7%D8%A9-%D8%AC%D8%A8%D9%86%D8%A9-%D9%83%D8%B1%D9%8A%D9%85%D9%8A-%D8%A8%D8%A7%D9%84%D8%A8%D8%B3%D8%B7%D8%B1%D9%85%D8%A9,In Stock,,2026-09-14 18:46:04.223000
145,Seoudi Supermarket,Dina Farms Spread Cheese with Cheddar Flavor,Dina Farms,112.95,,EGP,Cheese,Cheese & Labneh,Spread Cheese,275.0,g,,,https://seoudisupermarket.com/en/dina-farms-spread-cheese-with-cheddar-flavor-275-g,In Stock,,2026-09-14 18:46:04.224001
146,Seoudi Supermarket,Dina Farms Baramili Cheese,Dina Farms,114.95,,EGP,Cheese,Cheese & Labneh,Baramili,450.0,g,,,https://seoudisupermarket.com/en/dina-farms-baramili-cheese-450-g,In Stock,,2026-09-14 18:46:04.225001
147,Seoudi Supermarket,Baramili Cheese Round Shape,,94.5,,EGP,Cheese,Cheese & Labneh,Baramili,0.5,Kg,,,https://seoudisupermarket.com/en/baramili-cheese-round-shape,In Stock,,2026-09-14 18:46:04.227001
148,Seoudi Supermarket,Avanti Natural Feta Cheese with Pepper,Avanti,115.5,132.25,EGP,Cheese,Cheese & Labneh,Feta,450.0,g,13,,https://seoudisupermarket.com/en/avanti-natural-feta-cheese-with-pepper-450-g,In Stock,,2026-09-14 18:46:04.227999
149,Seoudi Supermarket,Dina Farms Istanbuli Cheese,Dina Farms,114.95,,EGP,Cheese,Cheese & Labneh,Istanbuli,450.0,g,,,https://seoudisupermarket.com/en/dina-farms-istanbuli-cheese-450-g,In Stock,,2026-09-14 18:46:04.228999
150,Seoudi Supermarket,Bahcivan White Cheese,Bahcivan,225,325,EGP,Cheese,Cheese & Labneh,White Cheese,420.0,g,31,,https://seoudisupermarket.com/en/bahcivan-white-cheese-420-g,In Stock,,2026-09-14 18:46:04.230000
151,Seoudi Supermarket,Prima Fresh Cottage Cheese,Prima,79.45,,EGP,Cheese,Cheese & Labneh,Cottage Cheese,300.0,g,,,https://seoudisupermarket.com/en/prima-fresh-cottage-cheese-300-g,In Stock,,2026-09-14 18:46:13.840902
152,Seoudi Supermarket,Prima Cream Cheese,Prima,94.95,,EGP,Cheese,Cheese & Labneh,Cream Cheese,250.0,g,,,https://seoudisupermarket.com/en/prima-cream-cheese-250-g,In Stock,,2026-09-14 18:46:13.841902
153,Seoudi Supermarket,Panda Spread Cream Cheese,Panda,201.95,212.95,EGP,Cheese,Cheese & Labneh,Cream Cheese,500.0,g,5,,https://seoudisupermarket.com/en/panda-spread-cream-cheese-500-g,In Stock,,2026-09-14 18:46:13.841902
154,Seoudi Supermarket,Panda Cheese with Cream,Panda,110.5,116.95,EGP,Cheese,Cheese & Labneh,,240.0,g,6,,https://seoudisupermarket.com/en/panda-cheese-with-cream-240-g,In Stock,,2026-09-14 18:46:13.842902
155,Seoudi Supermarket,Panda Creamy Cheese,Panda,80.95,,EGP,Cheese,Cheese & Labneh,Creamy Cheese,140.0,g,,,https://seoudisupermarket.com/en/panda-creamy-cheese-140-g,In Stock,,2026-09-14 18:46:13.843902
156,Seoudi Supermarket,Kiri Greek Style Cheese Spread,Kiri,247.95,270,EGP,Cheese,Cheese & Labneh,Spread Cheese,350.0,g,8,,https://seoudisupermarket.com/en/kiri-greek-style-cheese-spread-350-g,In Stock,,2026-09-14 18:46:13.843902
157,Seoudi Supermarket,Kiri Greek Style Cheese Spread,Kiri,149.95,170,EGP,Cheese,Cheese & Labneh,Spread Cheese,200.0,g,12,,https://seoudisupermarket.com/en/kiri-greek-style-cheese-spread-200-g,In Stock,,2026-09-14 18:46:13.844902
158,Seoudi Supermarket,Kiri Spread Creamy Cheese,Kiri,243.95,260,EGP,Cheese,Cheese & Labneh,Creamy Cheese,350.0,g,6,,https://seoudisupermarket.com/en/kiri-spread-creamy-cheese-350-g,In Stock,,2026-09-14 18:46:13.845903
159,Seoudi Supermarket,Kiri Creamy Spread Cheese,Kiri,104.95,130,EGP,Cheese,Cheese & Labneh,Spread Cheese,150.0,g,19,,https://seoudisupermarket.com/en/kiri-creamy-spread-cheese-150-g,In Stock,,2026-09-14 18:46:13.845903
160,Seoudi Supermarket,Mix Grated Cheese,,53.75,,EGP,Cheese,Cheese & Labneh,,0.125,Kg,,,https://seoudisupermarket.com/en/mix-grated-cheese,In Stock,,2026-09-14 18:46:13.846902
161,Seoudi Supermarket,Grated Yellow Cheddar Cheese,,52.5,,EGP,Cheese,Cheese & Labneh,,0.125,Kg,,,https://seoudisupermarket.com/en/grated-yellow-cheddar-cheese,In Stock,,2026-09-14 18:46:13.847902
162,Seoudi Supermarket,Cheesa grated Cheddar Cheese,Cheesa,204.95,,EGP,Cheese,Cheese & Labneh,,325.0,g,,,https://seoudisupermarket.com/en/cheesa-grated-cheddar-cheese-325-g,In Stock,,2026-09-14 18:46:13.848902
163,Seoudi Supermarket,Panda Triangle Cheese,Panda,52.95,55.95,EGP,Cheese,Cheese & Labneh,Triangle Cheese,16,Pieces,5,,https://seoudisupermarket.com/en/panda-triangle-cheese-16-pieces,In Stock,,2026-09-14 18:46:13.849900
164,Seoudi Supermarket,Swiss Emmental Cheese,,162.38,,EGP,Cheese,Cheese & Labneh,Emmental,0.125,Kg,,,https://seoudisupermarket.com/en/swiss-emmental-cheese,In Stock,,2026-09-14 18:46:13.850901
165,Seoudi Supermarket,Food House Brie Cheese,Food House,117.75,,EGP,Cheese,Cheese & Labneh,Brie,200.0,g,,,https://seoudisupermarket.com/en/food-house-brie-cheese-200-g,In Stock,,2026-09-14 18:46:13.851900
166,Seoudi Supermarket,Old Amestrdam Cheese,Old Amsterdam,187,,EGP,Cheese,Cheese & Labneh,,0.1,Kg,,,https://seoudisupermarket.com/en/old-amestrdam-cheese,In Stock,,2026-09-14 18:46:13.852899
167,Seoudi Supermarket,Roquefort Cheese,,74.38,,EGP,Cheese,Cheese & Labneh,Roquefort,0.125,Kg,,,https://seoudisupermarket.com/en/roquefort-cheese,In Stock,,2026-09-14 18:46:13.853899
168,Seoudi Supermarket,Mafaza Natural Mozzarella Cheese,Mafaza,151.5,178.95,EGP,Cheese,Cheese & Labneh,Mozzarella,280.0,g,15,,https://seoudisupermarket.com/en/mafaza-grated-mozzarella-280-g,In Stock,,2026-09-14 18:46:13.854899
169,Seoudi Supermarket,Avanti Natural Feta Cheese,Avanti,115.5,132.25,EGP,Cheese,Cheese & Labneh,Feta,450.0,g,13,,https://seoudisupermarket.com/en/avanti-natural-feta-cheese-450-g,In Stock,,2026-09-14 18:46:13.855899
170,Seoudi Supermarket,Hajdu Hungarian Labneh,Hajdu,39.98,53.74,EGP,Labneh,Cheese & Labneh,Labneh,0.125,Kg,26,,https://seoudisupermarket.com/en/hajdu-hungarian-labneh,In Stock,,2026-09-14 18:46:13.856899
171,Seoudi Supermarket,Food House Halloumi Cheese,Food House,165.75,,EGP,Cheese,Cheese & Labneh,Halloumi,500.0,g,,,https://seoudisupermarket.com/en/food-house-halloumi-cheese-500-g,In Stock,,2026-09-14 18:46:13.857900
172,Seoudi Supermarket,Bahcivan Labneh,Bahcivan,196.95,280.95,EGP,Labneh,Cheese & Labneh,Labneh,500.0,g,30,,https://seoudisupermarket.com/en/bahcivan-labneh-500-gm,In Stock,,2026-09-14 18:46:13.858900
173,Seoudi Supermarket,Food House Camembert Cheese,Food House,117.75,,EGP,Cheese,Cheese & Labneh,Camembert,200.0,g,,,https://seoudisupermarket.com/en/food-house-camembert-cheese-200-g,In Stock,,2026-09-14 18:46:13.858900
174,Seoudi Supermarket,Roumy Cheese Extra,,36.88,39.38,EGP,Cheese,Cheese & Labneh,Roumy,0.125,Kg,6,,https://seoudisupermarket.com/en/%D8%AC%D8%A8%D9%86%D8%A9-%D8%B1%D9%88%D9%85%D9%89-%D8%A7%D9%83%D8%B3%D8%AA%D8%B1%D8%A7-%D8%A8%D8%AF%D9%88%D9%86-%D8%AD%D8%B1%D9%81-%D9%88%D8%B2%D9%86-2000011000000,In Stock,,2026-09-14 18:46:13.859899
175,Seoudi Supermarket,Pinar Labneh,Pinar,179.95,220,EGP,Labneh,Cheese & Labneh,Labneh,370.0,g,18,,https://seoudisupermarket.com/en/pinar-labneh-370-gm,In Stock,,2026-09-14 18:46:13.860905
176,Seoudi Supermarket,Grana Padano Cheese,,137.5,,EGP,Cheese,Cheese & Labneh,Parmesan,0.125,Kg,,,https://seoudisupermarket.com/en/%D8%AC%D8%A8%D9%86%D8%A9-%D8%AC%D8%B1%D8%A7%D9%86%D8%A7-%D8%A8%D8%A7%D8%AF%D8%A7%D9%86%D9%88-%D9%88%D8%B2%D9%86-2005453000000,In Stock,,2026-09-14 18:46:13.861899
177,Seoudi Supermarket,Kiri Creamy Labneh,Kiri,177.95,200,EGP,Labneh,Cheese & Labneh,Labneh,350.0,g,11,,https://seoudisupermarket.com/en/kiri-creamy-labneh-350-gm,In Stock,,2026-09-14 18:46:13.862904
178,Seoudi Supermarket,Abu El-Walad Triangle Cheese,Abu El-Walad,119.95,,EGP,Cheese,Cheese & Labneh,Triangle Cheese,32,Pieces,,,https://seoudisupermarket.com/en/abu-elwalad-triangle-cheese-32-pieces,In Stock,,2026-09-14 18:46:13.863899
179,Seoudi Supermarket,Seoudi Natural Shredded Mozzarella Cheese,Seoudi,49.38,,EGP,Cheese,Cheese & Labneh,Mozzarella,0.125,Kg,,,https://seoudisupermarket.com/en/seoudi-natural-shredded-mozzarella-cheese,Out of Stock,,2026-09-14 18:46:13.864905
180,Seoudi Supermarket,Kiri Creamy Labneh,Kiri,77.95,90,EGP,Labneh,Cheese & Labneh,Labneh,150.0,g,13,,https://seoudisupermarket.com/en/kiri-creamy-labneh-150-gm,In Stock,,2026-09-14 18:46:13.865901
181,Seoudi Supermarket,Abu El-Walad Triangle Cheese,Abu El-Walad,35,,EGP,Cheese,Cheese & Labneh,Triangle Cheese,8,Pieces,,,https://seoudisupermarket.com/en/abu-elwalad-triangle-cheese-8-pieces,In Stock,,2026-09-14 18:46:13.866901
182,Seoudi Supermarket,Kiri Cream Cheese,Kiri,69.95,90,EGP,Cheese,Cheese & Labneh,Cream Cheese,6,Pieces,22,,https://seoudisupermarket.com/en/kiri-cream-cheese-6-pieces,In Stock,,2026-09-14 18:46:13.867903
183,Seoudi Supermarket,Virgilio Grana Padano,Virgilio,325,,EGP,Cheese,Cheese & Labneh,Parmesan,200.0,g,,,https://seoudisupermarket.com/en/virgilio-grana-padano-200-g,In Stock,,2026-09-14 18:46:13.868899
184,Seoudi Supermarket,La Vache Qui Rit Vegeterian Truangle Cheese,La Vache Qui Rit,151,,EGP,Cheese,Cheese & Labneh,Triangle Cheese,32,Pieces,,,https://seoudisupermarket.com/en/la-vache-qui-rit-vegeterian-truangle-cheese-32-pieces,In Stock,,2026-09-14 18:46:13.869901
185,Seoudi Supermarket,Pinar Labneh,Pinar,89.95,120,EGP,Labneh,Cheese & Labneh,Labneh,180.0,g,25,,https://seoudisupermarket.com/en/pinar-labneh-180-gm,In Stock,,2026-09-14 18:46:13.870903
186,Seoudi Supermarket,La Vache Qui rit Vegetarian Triangle Cheese,La Vache Qui Rit,103.95,120,EGP,Cheese,Cheese & Labneh,Triangle Cheese,24,Pieces,13,,https://seoudisupermarket.com/en/la-vache-qui-rit-vegetarian-triangle-cheese-24-pieces,In Stock,,2026-09-14 18:46:13.871900
187,Seoudi Supermarket,Panda grated Mozzarella,Panda,75.95,79.95,EGP,Cheese,Cheese & Labneh,Mozzarella,280.0,g,5,,https://seoudisupermarket.com/en/panda-grated-mozzarella-280-g,In Stock,,2026-09-14 18:46:13.872902
188,Seoudi Supermarket,Abu El-Walad Triangle Cheese,Abu El-Walad,94.95,,EGP,Cheese,Cheese & Labneh,Triangle Cheese,24,Pieces,,,https://seoudisupermarket.com/en/abu-elwalad-triangle-cheese-24-pieces,In Stock,,2026-09-14 18:46:13.873902
189,Seoudi Supermarket,Bahcevan Kashkaval Cheese,Bahcivan,325,,EGP,Cheese,Cheese & Labneh,Kashkaval,350.0,g,,,https://seoudisupermarket.com/en/bahcevan-kashkaval-cheese-350-g,In Stock,,2026-09-14 18:46:13.874902
190,Seoudi Supermarket,Payson Breton Brie Cheese,Paysan Breton,258.75,,EGP,Cheese,Cheese & Labneh,Brie,0.25,Kg,,,https://seoudisupermarket.com/en/payson-breton-brie-cheese,In Stock,,2026-09-14 18:46:13.875900
191,Seoudi Supermarket,Abu El-Walad Triangle Cheese,Abu El-Walad,66.5,,EGP,Cheese,Cheese & Labneh,Triangle Cheese,16,Pieces,,,https://seoudisupermarket.com/en/abu-elwalad-triangle-cheese-16-pieces,In Stock,,2026-09-14 18:46:13.876905
192,Seoudi Supermarket,Parmigiano Reggiano Cheese,,210.63,,EGP,Cheese,Cheese & Labneh,Parmesan,0.125,Kg,,,https://seoudisupermarket.com/en/parmigiano-reggiano-cheese,In Stock,,2026-09-14 18:46:13.877900
193,Seoudi Supermarket,Goat Labneh,,62.49,,EGP,Labneh,Cheese & Labneh,Goat Cheese,0.125,Kg,,,https://seoudisupermarket.com/en/goat-labneh,In Stock,,2026-09-14 18:46:13.878899
194,Seoudi Supermarket,Food House Goat Cheese,Food House,102,,EGP,Cheese,Cheese & Labneh,Goat Cheese,150.0,g,,,https://seoudisupermarket.com/en/food-house-goat-cheese-150-g,In Stock,,2026-09-14 18:46:13.879900
195,Seoudi Supermarket,Panda Triangle Cheese,Panda,27.95,,EGP,Cheese,Cheese & Labneh,Triangle Cheese,8,Pieces,,,https://seoudisupermarket.com/en/panda-triangle-cheese-8-piece,In Stock,,2026-09-14 18:46:13.880899
196,Seoudi Supermarket,Halloumi Cheese,,139.98,,EGP,Cheese,Cheese & Labneh,Halloumi,0.4,Kg,,,https://seoudisupermarket.com/en/halloumi-cheese,In Stock,,2026-09-14 18:46:13.881900
197,Seoudi Supermarket,Kiri Creamy Labneh,Kiri,233.95,,EGP,Labneh,Cheese & Labneh,Labneh,500.0,g,,,https://seoudisupermarket.com/en/kiri-creamy-labneh-500-gm,In Stock,,2026-09-14 18:46:13.882902
198,Seoudi Supermarket,Hajdu Goat Kashkaval Cheese,Hajdu,130.63,,EGP,Cheese,Cheese & Labneh,Kashkaval,0.125,Kg,,,https://seoudisupermarket.com/en/hajdu-goat-kashkaval-cheese,In Stock,,2026-09-14 18:46:13.883899
199,Seoudi Supermarket,Royal Gouda Goat Cheese with Truffle,Royal,217.5,,EGP,Cheese,Cheese & Labneh,Gouda,0.15,Kg,,,https://seoudisupermarket.com/en/royal-gouda-goat-cheese-with-truffle,In Stock,,2026-09-14 18:46:13.885901
200,Seoudi Supermarket,Domty Plus Feta Cheese Roumy Flavor,Domty,26.5,31.25,EGP,Cheese,Cheese & Labneh,Feta,250.0,g,15,,https://seoudisupermarket.com/en/domty-plus-feta-cheese-roumy-flavor-250-g,In Stock,,2026-09-14 18:46:13.886901
201,Seoudi Supermarket,Domty Plus Feta Cheese Cheddar Flavor,Domty,26.5,31.25,EGP,Cheese,Cheese & Labneh,Feta,250.0,g,15,,https://seoudisupermarket.com/en/domty-plus-feta-cheese-cheddar-flavor-250-g,In Stock,,2026-09-14 18:46:24.246741
202,Seoudi Supermarket,Domty Gold Feta Emmental Cheese,Domty,90.95,114.75,EGP,Cheese,Cheese & Labneh,Emmental,500.0,g,21,,https://seoudisupermarket.com/en/domty-gold-feta-emmental-cheese-500-g,In Stock,,2026-09-14 18:46:24.247740
203,Seoudi Supermarket,Panda Feta Roumy Cheese,Panda,53.5,,EGP,Cheese,Cheese & Labneh,Feta,500.0,g,,,https://seoudisupermarket.com/en/panda-feta-roumy-cheese-500-g,In Stock,,2026-09-14 18:46:24.247740
204,Seoudi Supermarket,Panda Feta Cheddar Cheese,Panda,53.5,,EGP,Cheese,Cheese & Labneh,Feta,500.0,g,,,https://seoudisupermarket.com/en/panda-feta-cheddar-cheese-500-g,In Stock,,2026-09-14 18:46:24.248740
205,Seoudi Supermarket,Yopolis Labneh,Yopolis,88,,EGP,Labneh,Cheese & Labneh,Labneh,225.0,g,,,https://seoudisupermarket.com/en/yopolis-labneh-225-g,In Stock,,2026-09-14 18:46:24.249774
206,Seoudi Supermarket,Obour Land Low Salt Cheese,Obour Land,51.75,,EGP,Cheese,Cheese & Labneh,,500.0,g,,,https://seoudisupermarket.com/en/obour-land-low-salt-cheese-500-g,In Stock,,2026-09-14 18:46:24.250740
207,Seoudi Supermarket,Obour Land Feta Cheese with Cheddar,Obour Land,27.25,,EGP,Cheese,Cheese & Labneh,Feta,250.0,g,,,https://seoudisupermarket.com/en/obour-land-feta-cheese-with-cheddar-250-g,In Stock,,2026-09-14 18:46:24.250740
208,Seoudi Supermarket,Obour Land Feta Cheese with Roumy,Obour Land,27.25,,EGP,Cheese,Cheese & Labneh,Feta,250.0,g,,,https://seoudisupermarket.com/en/obour-land-feta-cheese-with-roumy-250-g,In Stock,,2026-09-14 18:46:24.251740
209,Seoudi Supermarket,Dodoni Feta Cheese with Thyme,Dodoni,405,,EGP,Cheese,Cheese & Labneh,Feta,350.0,g,,,https://seoudisupermarket.com/en/dodoni-feta-cheese-with-thyme-350-g,In Stock,,2026-09-14 18:46:24.252743
210,Seoudi Supermarket,Domty Istanbuli Cheese,Domty,45.33,54,EGP,Cheese,Cheese & Labneh,Istanbuli,500.0,g,16,,https://seoudisupermarket.com/en/domty-istanbuli-cheese-500-g,In Stock,,2026-09-14 18:46:24.253742
211,Seoudi Supermarket,Domty Feta Cheese with Olives,Domty,45.33,54,EGP,Cheese,Cheese & Labneh,Feta,500.0,g,16,,https://seoudisupermarket.com/en/domty-feta-cheese-with-olives-500-g,In Stock,,2026-09-14 18:46:24.253742
212,Seoudi Supermarket,Panda Creamy Cheese,Panda,41.75,,EGP,Cheese,Cheese & Labneh,Creamy Cheese,4,Pieces,,,https://seoudisupermarket.com/en/panda-creamy-cheese-4-pieces,In Stock,,2026-09-14 18:46:24.254745
213,Seoudi Supermarket,Pinar Plain Labneh,Pinar,49.98,62.48,EGP,Labneh,Cheese & Labneh,Labneh,0.125,Kg,20,,https://seoudisupermarket.com/en/pinar-plain-labneh,In Stock,,2026-09-14 18:46:24.256755
214,Seoudi Supermarket,Avanti Cheese Slices with Pastrami,Avanti,84,,EGP,Cheese,Cheese & Labneh,,150.0,g,,,https://seoudisupermarket.com/en/avanti-cheese-slices-with-pastrami-150-g,In Stock,,2026-09-14 18:46:24.257742
215,Seoudi Supermarket,Panda Shredded Mozzarella Cheese,Panda,53.95,,EGP,Cheese,Cheese & Labneh,Mozzarella,180.0,g,,,https://seoudisupermarket.com/en/panda-shredded-mozzarella-cheese-180-g,In Stock,,2026-09-14 18:46:24.258747
216,Seoudi Supermarket,Panda Cheddar Cheese Cup,Panda,360.95,379.95,EGP,Cheese,Cheese & Labneh,,900.0,g,5,,https://seoudisupermarket.com/en/panda-cheddar-cheese-cup-900-g,In Stock,,2026-09-14 18:46:24.259744
217,Seoudi Supermarket,President Triangle Cheese,President,76.5,,EGP,Cheese,Cheese & Labneh,Triangle Cheese,8,Pieces,,,https://seoudisupermarket.com/en/president-triangle-cheese-8-pieces,In Stock,,2026-09-14 18:46:24.259744
218,Seoudi Supermarket,President Triangle Cheese,President,150.5,,EGP,Cheese,Cheese & Labneh,Triangle Cheese,16,Pieces,,,https://seoudisupermarket.com/en/president-triangle-cheese-16-pieces,In Stock,,2026-09-14 18:46:24.261778
219,Seoudi Supermarket,Panda Istanbuli Cheese,Panda,53.5,,EGP,Cheese,Cheese & Labneh,Istanbuli,500.0,g,,,https://seoudisupermarket.com/en/panda-istanbuli-cheese-500-g,In Stock,,2026-09-14 18:46:24.262745
220,Seoudi Supermarket,Malika Nabulsi Cheese,Malika,119.95,,EGP,Cheese,Cheese & Labneh,Nabulsi,300.0,g,,,https://seoudisupermarket.com/en/malika-nabulsi-cheese-300-g,In Stock,,2026-09-14 18:46:24.264741
221,Seoudi Supermarket,Cheese Mellow Roquefort Cheese,Cheese Mellow,134.38,,EGP,Cheese,Cheese & Labneh,Roquefort,0.125,Kg,,,https://seoudisupermarket.com/en/cheese-mellow-roquefort-cheese,In Stock,,2026-09-14 18:46:24.264741
222,Seoudi Supermarket,President Triangle Cheese,President,219.95,,EGP,Cheese,Cheese & Labneh,Triangle Cheese,24,Pieces,,,https://seoudisupermarket.com/en/president-triangle-cheese-24-pieces,In Stock,,2026-09-14 18:46:24.265746
223,Seoudi Supermarket,Bahcivan Chechil Cheese,Bahcivan,258,,EGP,Cheese,Cheese & Labneh,,200.0,g,,,https://seoudisupermarket.com/en/bahcivan-chechil-cheese-200-g,In Stock,,2026-09-14 18:46:24.266745
224,Seoudi Supermarket,Buffalo Mozzarella,,108.25,,EGP,Cheese,Cheese & Labneh,Mozzarella,0.25,Kg,,,https://seoudisupermarket.com/en/buffalo-mozzarella,Out of Stock,,2026-09-14 18:46:24.267744
225,Seoudi Supermarket,Philadelphia Original Cheese,Philadelphia,259.95,,EGP,Cheese,Cheese & Labneh,,180.0,g,,,https://seoudisupermarket.com/en/philadelphia-original-cheese-180-g,In Stock,,2026-09-14 18:46:24.267744
226,Seoudi Supermarket,Mag Dairy Labneh,Mag Dairy,54,,EGP,Labneh,Cheese & Labneh,Labneh,120.0,g,,,https://seoudisupermarket.com/en/mag-dairy-labneh-120-g,Out of Stock,,2026-09-14 18:46:24.268741
227,Seoudi Supermarket,Mag Dairy Istanbouli Cheese,Mag Dairy,99.95,125,EGP,Cheese,Cheese & Labneh,Istanbuli,400.0,g,20,,https://seoudisupermarket.com/en/mag-dairy-istanbouli-cheese-400-g,Out of Stock,,2026-09-14 18:46:24.269742
228,Seoudi Supermarket,Mag Dairy Feta Cheese,Mag Dairy,99.95,125,EGP,Cheese,Cheese & Labneh,Feta,400.0,g,20,,https://seoudisupermarket.com/en/mag-dairy-feta-cheese-400-g,Out of Stock,,2026-09-14 18:46:24.270746
229,Seoudi Supermarket,Mama's Vegan Shredded Mozzarella Cheese,Mama's Vegan,255,,EGP,Cheese,Cheese & Labneh,Mozzarella,200.0,g,,,https://seoudisupermarket.com/en/mamas-vegan-shredded-mozzarella-cheese-200-g,Out of Stock,,2026-09-14 18:46:24.271750
230,Seoudi Supermarket,Mama's Vegan Mozzarella Cheese,Mama's Vegan,209,,EGP,Cheese,Cheese & Labneh,Mozzarella,200.0,g,,,https://seoudisupermarket.com/en/mamas-vegan-mozzarella-cheese-200-g,Out of Stock,,2026-09-14 18:46:24.272740
231,Seoudi Supermarket,Mama's Vegan Burger Cheese,Mama's Vegan,209,,EGP,Cheese,Cheese & Labneh,,200.0,g,,,https://seoudisupermarket.com/en/mamas-vegan-burger-cheese-200-g,Out of Stock,,2026-09-14 18:46:24.273739
232,Seoudi Supermarket,Mama's Vegan Mozzarella Cheese Slices,Mama's Vegan,209,,EGP,Cheese,Cheese & Labneh,Mozzarella,200.0,g,,,https://seoudisupermarket.com/en/mamas-vegan-mozzarella-cheese-slices-200-g,Out of Stock,,2026-09-14 18:46:24.274738
233,Seoudi Supermarket,Mama's Vegan White Cheese,Mama's Vegan,209,,EGP,Cheese,Cheese & Labneh,White Cheese,200.0,g,,,https://seoudisupermarket.com/en/mamas-vegan-white-cheese-200-g,Out of Stock,,2026-09-14 18:46:24.275741
234,Seoudi Supermarket,Forsana Burger Cheese Slices,Forsana,149.95,200,EGP,Cheese,Cheese & Labneh,,10,Pieces,25,,https://seoudisupermarket.com/en/forsana-burger-cheese-slices-10-pieces,Out of Stock,,2026-09-14 18:46:24.277773
235,Seoudi Supermarket,Pride Cheddar Cheese Slices,Pride,149.95,200,EGP,Cheese,Cheese & Labneh,,10,Pieces,25,,https://seoudisupermarket.com/en/pride-cheddar-cheese-slices-10-pieces,Out of Stock,,2026-09-14 18:46:24.278742
236,Seoudi Supermarket,Puck Triangle Cheese,Puck,429.95,550,EGP,Cheese,Cheese & Labneh,Triangle Cheese,40,Pieces,22,,https://seoudisupermarket.com/en/puck-triangle-cheese-40-pieces,Out of Stock,,2026-09-14 18:46:24.279761
237,Seoudi Supermarket,Puck Triangle Cheese,Puck,89.95,119.95,EGP,Cheese,Cheese & Labneh,Triangle Cheese,8,Pieces,25,,https://seoudisupermarket.com/en/puck-triangle-cheese-8-pieces,Out of Stock,,2026-09-14 18:46:24.279761
238,Seoudi Supermarket,Puck Creamy Cheese,Puck,639.95,,EGP,Cheese,Cheese & Labneh,Creamy Cheese,900.0,g,,,https://seoudisupermarket.com/en/puck-creamy-cheese-900-g,Out of Stock,,2026-09-14 18:46:24.280738
239,Seoudi Supermarket,Panda Gourmet Roumy Cheese,Panda,110.5,116.95,EGP,Cheese,Cheese & Labneh,Roumy,240.0,g,6,,https://seoudisupermarket.com/en/panda-gourmet-roumy-cheese-240-g,Out of Stock,,2026-09-14 18:46:24.281740
240,Seoudi Supermarket,Ulker Fresh Cream Cheese,Ulker,134.95,170,EGP,Cheese,Cheese & Labneh,Cream Cheese,180.0,g,21,,https://seoudisupermarket.com/en/ulker-fresh-cream-cheese-180-g,Out of Stock,,2026-09-14 18:46:24.281740
241,Seoudi Supermarket,Ulker Natural Mozzarella Cheese,Ulker,339.95,440,EGP,Cheese,Cheese & Labneh,Mozzarella,450.0,g,23,,https://seoudisupermarket.com/en/ulker-natural-mozzarella-cheese-450-g,Out of Stock,,2026-09-14 18:46:24.282738
242,Seoudi Supermarket,Ulker Natural Mozzarella Cheese,Ulker,149.95,200,EGP,Cheese,Cheese & Labneh,Mozzarella,200.0,g,25,,https://seoudisupermarket.com/en/ulker-natural-mozzarella-cheese-200-g,Out of Stock,,2026-09-14 18:46:24.282738
243,Seoudi Supermarket,Ulker Turkish Cheese Balls,Ulker,234.95,285,EGP,Cheese,Cheese & Labneh,,250.0,g,18,,https://seoudisupermarket.com/en/ulker-turkish-cheese-balls-250-g,Out of Stock,,2026-09-14 18:46:24.283739
244,Seoudi Supermarket,Ulker Turkish Labneh,Ulker,152.95,190,EGP,Labneh,Cheese & Labneh,Labneh,275.0,g,20,,https://seoudisupermarket.com/en/ulker-turkish-labneh-275-g,Out of Stock,,2026-09-14 18:46:24.284740
245,Seoudi Supermarket,Ulker Turkish Labneh,Ulker,274.95,330,EGP,Labneh,Cheese & Labneh,Labneh,550.0,g,17,,https://seoudisupermarket.com/en/ulker-turkish-labneh-550-g,Out of Stock,,2026-09-14 18:46:24.285739
246,Seoudi Supermarket,Ulker Turkish Labneh,Ulker,104.95,130,EGP,Labneh,Cheese & Labneh,Labneh,180.0,g,19,,https://seoudisupermarket.com/en/ulker-turkish-labneh-180-g,Out of Stock,,2026-09-14 18:46:24.286739
247,Seoudi Supermarket,Yopolis Low Salt Cheese Free from Vegetable Oils,Yopolis,114.75,135,EGP,Cheese,Cheese & Labneh,,450.0,g,15,,https://seoudisupermarket.com/en/yopolis-low-salt-cheese-free-from-vegetable-oils-450-g,Out of Stock,,2026-09-14 18:46:24.287740
248,Seoudi Supermarket,Almarai Full Fat Cheddar Cheese,Almarai,104.95,,EGP,Cheese,Cheese & Labneh,,113.0,g,,,https://seoudisupermarket.com/en/almarai-full-fat-cheddar-cheese-113-g,Out of Stock,,2026-09-14 18:46:24.288739
249,Seoudi Supermarket,Almarai Full Fat Cheddar Cheese,Almarai,179.95,,EGP,Cheese,Cheese & Labneh,,200.0,g,,,https://seoudisupermarket.com/en/almarai-full-fat-cheddar-cheese-200-g,Out of Stock,,2026-09-14 18:46:24.289746
250,Seoudi Supermarket,Domty Cheddar Cheese Sauce,Domty,72.95,83.95,EGP,Cheese,Cheese & Labneh,,250.0,g,13,,https://seoudisupermarket.com/en/domty-cheddar-cheese-sauce-250-g,Out of Stock,,2026-09-14 18:46:24.290744
251,Seoudi Supermarket,Kraft Processed Cheddar Cheese,Kraft,66.95,90,EGP,Cheese,Cheese & Labneh,,50.0,g,26,,https://seoudisupermarket.com/en/%D9%83%D8%B1%D8%A7%D9%81%D8%AA-%D8%AC%D8%A8%D9%86%D8%A9-%D8%B4%D9%8A%D8%AF%D8%B1-%D8%B5%D9%81%D9%8A%D8%AD50%D8%AC%D9%85,Out of Stock,,2026-09-14 18:46:33.485135
252,Seoudi Supermarket,Almarai Cheddar Cheese Slices,Almarai,159.95,,EGP,Cheese,Cheese & Labneh,,10,Pieces,,,https://seoudisupermarket.com/en/almarai-cheddar-cheese-slices-10-piece,Out of Stock,,2026-09-14 18:46:33.486136
253,Seoudi Supermarket,Almarai Creamy Cheese,Almarai,91,,EGP,Cheese,Cheese & Labneh,Creamy Cheese,200.0,g,,,https://seoudisupermarket.com/en/almarai-creamy-cheese-200-g,Out of Stock,,2026-09-14 18:46:33.487135
254,Seoudi Supermarket,Obour Land Gold Feta Cheese,Obour Land,85.75,99.75,EGP,Cheese,Cheese & Labneh,Feta,500.0,g,14,,https://seoudisupermarket.com/en/obour-land-gold-feta-cheese-500-g,Out of Stock,,2026-09-14 18:46:33.487135
255,Seoudi Supermarket,Avanti Cheddar Spread Cream Flavor,Avanti,71.5,84,EGP,Cheese,Cheese & Labneh,,240.0,g,15,,https://seoudisupermarket.com/en/avanti-cheddar-spread-cream-flavor-240-g,Out of Stock,,2026-09-14 18:46:33.488134
256,Seoudi Supermarket,Avanti Cheddar Spread Roumy Flavor,Avanti,66,78,EGP,Cheese,Cheese & Labneh,Roumy,240.0,g,15,,https://seoudisupermarket.com/en/avanti-cheddar-spread-roumy-flavor-240-g,Out of Stock,,2026-09-14 18:46:33.491133
257,Seoudi Supermarket,Master Burger Cheese Slices,Master,119.95,,EGP,Cheese,Cheese & Labneh,,12,Pieces,,,https://seoudisupermarket.com/en/master-burger-cheese-slices-12-pieces,Out of Stock,,2026-09-14 18:46:33.492135
258,Seoudi Supermarket,Domty White Cheese with Cream,Domty,109.95,144.75,EGP,Cheese,Cheese & Labneh,White Cheese,450.0,g,24,,https://seoudisupermarket.com/en/domty-white-cheese-with-cream-450-g,Out of Stock,,2026-09-14 18:46:33.493133
259,Seoudi Supermarket,Happy Cow Cheddar Cheese Slices,Happy Cow,119.95,,EGP,Cheese,Cheese & Labneh,,8,Pieces,,,https://seoudisupermarket.com/en/happy-cow-cheddar-cheese-slices-8-pieces,Out of Stock,,2026-09-14 18:46:33.494133
260,Seoudi Supermarket,Dina Farms Ricotta Cheese,Dina Farms,65.95,,EGP,Cheese,Cheese & Labneh,Ricotta,250.0,g,,,https://seoudisupermarket.com/en/dina-farms-ricotta-cheese-250-g,Out of Stock,,2026-09-14 18:46:33.495135
261,Seoudi Supermarket,New Roumy Cheese,,29.88,,EGP,Cheese,Cheese & Labneh,Roumy,0.125,Kg,,,https://seoudisupermarket.com/en/new-roumy-cheese,Out of Stock,,2026-09-14 18:46:33.497136
262,Seoudi Supermarket,Domty Creamy Cheese with Pastrami,Domty,79.95,99.95,EGP,Cheese,Cheese & Labneh,Creamy Cheese,220.0,g,20,,https://seoudisupermarket.com/en/domty-creamy-cheese-with-pastrami-220-g,Out of Stock,,2026-09-14 18:46:33.498137
263,Seoudi Supermarket,Puck Creamy Cheese Light,Puck,250,,EGP,Cheese,Cheese & Labneh,Creamy Cheese,240.0,g,,,https://seoudisupermarket.com/en/puck-creamy-cheese-light-240-g,Out of Stock,,2026-09-14 18:46:33.499133
264,Seoudi Supermarket,Puck Light Creamy Cheese,Puck,450,,EGP,Cheese,Cheese & Labneh,Creamy Cheese,500.0,g,,,https://seoudisupermarket.com/en/puck-light-creamy-cheese-500g,Out of Stock,,2026-09-14 18:46:33.500137
265,Seoudi Supermarket,Puck Creamy Cheese Rich in Vitamin D,Puck,450,,EGP,Cheese,Cheese & Labneh,Creamy Cheese,500.0,g,,,https://seoudisupermarket.com/en/puck-creamy-cheese-rich-in-vitamin-d-500-g,Out of Stock,,2026-09-14 18:46:33.501154
266,Seoudi Supermarket,Kraft Cheddar Cheese,Kraft,450,,EGP,Cheese,Cheese & Labneh,,480.0,g,,,https://seoudisupermarket.com/en/kraft-cheddar-cheese-480-g,Out of Stock,,2026-09-14 18:46:33.502134
267,Seoudi Supermarket,Kiri Turkish Labneh with Thyme,Kiri,71.95,92,EGP,Labneh,Cheese & Labneh,Labneh,150.0,g,22,,https://seoudisupermarket.com/en/kiri-turkish-labneh-with-thyme-150-g,Out of Stock,,2026-09-14 18:46:33.503136
268,Seoudi Supermarket,Avanti Low Salt Semi Skimmed White Cheese,Avanti,115.5,132.25,EGP,Cheese,Cheese & Labneh,White Cheese,450.0,g,13,,https://seoudisupermarket.com/en/avanti-low-salt-semi-skimmed-white-cheese-450-g,Out of Stock,,2026-09-14 18:46:33.504133
269,Seoudi Supermarket,La Vache Qui Rit Feta Cheese,La Vache Qui Rit,124.95,,EGP,Cheese,Cheese & Labneh,Feta,450.0,g,,,https://seoudisupermarket.com/en/la-vache-qui-rit-feta-cheese-450-g,Out of Stock,,2026-09-14 18:46:33.505133
270,Seoudi Supermarket,La Vache Qui Rit Baramili Cheese,La Vache Qui Rit,124.95,,EGP,Cheese,Cheese & Labneh,Baramili,450.0,g,,,https://seoudisupermarket.com/en/la-vache-qui-rit-baramili-cheese-450-g,Out of Stock,,2026-09-14 18:46:33.507134
271,Seoudi Supermarket,La Vache Qui Rit Istanbouli Cheese,La Vache Qui Rit,124.95,,EGP,Cheese,Cheese & Labneh,Istanbuli,450.0,g,,,https://seoudisupermarket.com/en/la-vache-qui-rit-istanbouli-cheese-450-g,Out of Stock,,2026-09-14 18:46:33.508133
272,Seoudi Supermarket,Almarai Fresh Labneh,Almarai,102.95,,EGP,Labneh,Cheese & Labneh,Labneh,250.0,g,,,https://seoudisupermarket.com/en/almarai-fresh-labneh-250-g,Out of Stock,,2026-09-14 18:46:33.509133
273,Seoudi Supermarket,Puck Squeez Cream Cheese Spread,Puck,409.95,500,EGP,Cheese,Cheese & Labneh,Cream Cheese,400.0,g,18,,https://seoudisupermarket.com/en/puck-squeez-cream-cheese-spread-400-g,Out of Stock,,2026-09-14 18:46:33.510132
274,Seoudi Supermarket,Avanti Natural Cheese Mix,Avanti,110,127.5,EGP,Cheese,Cheese & Labneh,,300.0,g,14,,https://seoudisupermarket.com/en/avanti-natural-mozzarella-cheese-mix-300g,Out of Stock,,2026-09-14 18:46:33.512133
275,Seoudi Supermarket,La Vache Qui Rit Cheddar Cheese Slices,La Vache Qui Rit,314.95,,EGP,Cheese,Cheese & Labneh,,24,Pieces,,,https://seoudisupermarket.com/en/la-vache-qui-rit-cheddar-cheese-slices-24-pieces,Out of Stock,,2026-09-14 18:46:33.513131
276,Seoudi Supermarket,La Vache Qui Rit Chedder Cheese Slices,La Vache Qui Rit,164.95,,EGP,Cheese,Cheese & Labneh,,12,Pieces,,,https://seoudisupermarket.com/en/la-vache-qui-rit-chedder-cheese-slices-12-pieces,Out of Stock,,2026-09-14 18:46:33.514132
277,Seoudi Supermarket,La Vache Qui Rit Cheese Slices for Burgers,La Vache Qui Rit,164.95,,EGP,Cheese,Cheese & Labneh,,12,Pieces,,,https://seoudisupermarket.com/en/la-vache-qui-rit-cheese-slices-for-burgers-12-pieces,Out of Stock,,2026-09-14 18:46:33.515132
278,Seoudi Supermarket,Almarai Istanbuli Cheese,Almarai,115.5,126.5,EGP,Cheese,Cheese & Labneh,Istanbuli,450.0,g,9,,https://seoudisupermarket.com/en/almarai-istanbuli-cheese-450-g,Out of Stock,,2026-09-14 18:46:33.517135
279,Seoudi Supermarket,La Vache Qui Rit Classic Triangle Cheese,La Vache Qui Rit,186,,EGP,Cheese,Cheese & Labneh,Triangle Cheese,40,Pieces,,,https://seoudisupermarket.com/en/la-vache-qui-rit-classic-triangle-cheese-40-pieces,Out of Stock,,2026-09-14 18:46:33.518133
280,Seoudi Supermarket,Avanti Natural Mozzarella Cheese,Avanti,110,127.5,EGP,Cheese,Cheese & Labneh,Mozzarella,300.0,g,14,,https://seoudisupermarket.com/en/avanti-natural-mozzarella-cheese-300-g,Out of Stock,,2026-09-14 18:46:33.519131
281,Seoudi Supermarket,Almarai Soft White Cheese,Almarai,115.5,126.5,EGP,Cheese,Cheese & Labneh,White Cheese,450.0,g,9,,https://seoudisupermarket.com/en/almarai-feta-cheese-450-g,Out of Stock,,2026-09-14 18:46:33.520131
282,Seoudi Supermarket,Panda Feta Cheese with Pastrami Flavor,Panda,53.5,,EGP,Cheese,Cheese & Labneh,Feta,500.0,g,,,https://seoudisupermarket.com/en/panda-feta-cheese-with-pastrami-flavor-500-g,Out of Stock,,2026-09-14 18:46:33.521133
283,Seoudi Supermarket,Greek Feta Cheese in Oil,,149,,EGP,Cheese,Cheese & Labneh,Feta,200.0,g,,,https://seoudisupermarket.com/en/greek-feta-cheese-200-g,Out of Stock,,2026-09-14 18:46:33.522132
284,Seoudi Supermarket,Domty Gold Feta Emmental Cheese,Domty,45.75,57.5,EGP,Cheese,Cheese & Labneh,Emmental,250.0,g,20,,https://seoudisupermarket.com/en/domty-gold-feta-emmental-cheese-250-g,Out of Stock,,2026-09-14 18:46:33.524131
285,Seoudi Supermarket,Virgilio Mascarpone,Virgilio,355,,EGP,Cheese,Cheese & Labneh,Mascarpone,500.0,g,,,https://seoudisupermarket.com/en/virgilio-mascarpone-500-g,Out of Stock,,2026-09-14 18:46:33.525134
286,Seoudi Supermarket,Almarai Cheddar Cheese Slices for Sandwich,Almarai,159.95,,EGP,Cheese,Cheese & Labneh,,10,Pieces,,,https://seoudisupermarket.com/en/almarai-cheddar-cheese-slices-10-pieces,Out of Stock,,2026-09-14 18:46:33.526133
287,Seoudi Supermarket,Almarai Burger Cheese Slices,Almarai,159.95,,EGP,Cheese,Cheese & Labneh,,10,Pieces,,,https://seoudisupermarket.com/en/almarai-burger-cheese-slices-10-pieces,Out of Stock,,2026-09-14 18:46:33.527133
288,Seoudi Supermarket,La Vache Qui Rit Creamy Cheese Spread Jar,La Vache Qui Rit,218.95,,EGP,Cheese,Cheese & Labneh,Creamy Cheese,500.0,g,,,https://seoudisupermarket.com/en/la-vache-qui-rit-creamy-cheese-spread-jar-500-g,Out of Stock,,2026-09-14 18:46:33.528133
289,Seoudi Supermarket,Dodoni Low Salt Feta Cheese,Dodoni,288,,EGP,Cheese,Cheese & Labneh,Feta,200.0,g,,,https://seoudisupermarket.com/en/dodoni-low-salt-feta-cheese-200-g,Out of Stock,,2026-09-14 18:46:33.529130
290,Seoudi Supermarket,Alasdekaa Cottage Cheese,Alasdekaa,109.95,,EGP,Cheese,Cheese & Labneh,Cottage Cheese,800.0,g,,,https://seoudisupermarket.com/en/alasdekaa-cottage-cheese-800-g,Out of Stock,,2026-09-14 18:46:33.530133
291,Seoudi Supermarket,Domty Feta Cheese with Pepper,Domty,45.33,54,EGP,Cheese,Cheese & Labneh,Feta,500.0,g,16,,https://seoudisupermarket.com/en/domty-feta-cheese-with-pepper-500-g,Out of Stock,,2026-09-14 18:46:33.531131
292,Seoudi Supermarket,Domty Feta Cheese with Pepper,Domty,22.75,27.25,EGP,Cheese,Cheese & Labneh,Feta,250.0,g,17,,https://seoudisupermarket.com/en/domty-feta-cheese-with-pepper-250-g,Out of Stock,,2026-09-14 18:46:33.533140
293,Seoudi Supermarket,Domty Creamy Cheese with Jalapeno,Domty,136.5,149.5,EGP,Cheese,Cheese & Labneh,Creamy Cheese,380.0,g,9,,https://seoudisupermarket.com/en/domty-creamy-cheese-with-jalapeno-380-g,Out of Stock,,2026-09-14 18:46:33.535133
294,Seoudi Supermarket,Domty Creamy Cheese with Honey,Domty,136.5,149.5,EGP,Cheese,Cheese & Labneh,Creamy Cheese,380.0,g,9,,https://seoudisupermarket.com/en/domty-creamy-cheese-with-honey-380-g,Out of Stock,,2026-09-14 18:46:33.536132
295,Seoudi Supermarket,Domty Cream Cheese with Honey,Domty,79.95,99.95,EGP,Cheese,Cheese & Labneh,Cream Cheese,220.0,g,20,,https://seoudisupermarket.com/en/domty-cream-cheese-with-honey-220-g,Out of Stock,,2026-09-14 18:46:33.537132
296,Seoudi Supermarket,Alasdekaa Cheese with Cheddar,Alasdekaa,97.95,101.95,EGP,Cheese,Cheese & Labneh,,270.0,g,4,,https://seoudisupermarket.com/en/alasdekaa-cheese-with-cheddar-270-g,Out of Stock,,2026-09-14 18:46:33.538132
297,Seoudi Supermarket,Alasdekaa Cheese with Cream,Alasdekaa,97.95,101.95,EGP,Cheese,Cheese & Labneh,,270.0,g,4,,https://seoudisupermarket.com/en/alasdekaa-cheese-with-cream-270-g,Out of Stock,,2026-09-14 18:46:33.539133
298,Seoudi Supermarket,Alasdekaa Cheese with Pastrami,Alasdekaa,108.95,113.95,EGP,Cheese,Cheese & Labneh,,270.0,g,4,,https://seoudisupermarket.com/en/alasdekaa-cheese-with-pastrami-270-g,Out of Stock,,2026-09-14 18:46:33.541134
299,Seoudi Supermarket,Puck Spread Cream Cheese,Puck,444.95,500,EGP,Cheese,Cheese & Labneh,Cream Cheese,500.0,g,11,,https://seoudisupermarket.com/en/puck-spread-cream-cheese-500-g,Out of Stock,,2026-09-14 18:46:33.542135
300,Seoudi Supermarket,Abu El-Walad Cheese with Cheddar,Abu El-Walad,20,,EGP,Cheese,Cheese & Labneh,,100.0,g,,,https://seoudisupermarket.com/en/abu-elwalad-cheese-with-cheddar-100-g,Out of Stock,,2026-09-14 18:46:33.543132
301,Seoudi Supermarket,Abu El-Walad Classic Cheese,Abu El-Walad,20,,EGP,Cheese,Cheese & Labneh,,100.0,g,,,https://seoudisupermarket.com/en/abu-elwalad-classic-cheese-100-g,Out of Stock,,2026-09-14 18:46:43.674783
302,Seoudi Supermarket,Bahcivan Lactose Free Cheese,Bahcivan,325,,EGP,Cheese,Cheese & Labneh,,420.0,g,,,https://seoudisupermarket.com/en/bahcivan-lactose-free-cheese-420-g,Out of Stock,,2026-09-14 18:46:43.674783
303,Seoudi Supermarket,Kraft Squeeze Original Cheddar Cheese,Kraft,440,,EGP,Cheese,Cheese & Labneh,,440.0,g,,,https://seoudisupermarket.com/en/kraft-original-spread-cheddar-cheese-440-g,Out of Stock,,2026-09-14 18:46:43.675791
304,Seoudi Supermarket,Kraft Original Cheddar Cheese,Kraft,250,,EGP,Cheese,Cheese & Labneh,,230.0,g,,,https://seoudisupermarket.com/en/kraft-original-cheddar-cheese-230-g,Out of Stock,,2026-09-14 18:46:43.676806
305,Seoudi Supermarket,Domty Istanbouli Cheese,Domty,109.95,144.75,EGP,Cheese,Cheese & Labneh,Istanbuli,450.0,g,24,,https://seoudisupermarket.com/en/domty-istanbouli-cheese-450-g,Out of Stock,,2026-09-14 18:46:43.677786
306,Seoudi Supermarket,Domty Gold Light Feta Cheese,Domty,90.95,114.75,EGP,Cheese,Cheese & Labneh,Feta,500.0,g,21,,https://seoudisupermarket.com/en/domty-gold-lite-feta-cheese-500-g,Out of Stock,,2026-09-14 18:46:43.677786
307,Seoudi Supermarket,Domty Light Mozzarella Cheese,Domty,128.95,169.5,EGP,Cheese,Cheese & Labneh,Mozzarella,280.0,g,24,,https://seoudisupermarket.com/en/domty-light-mozzarella-cheese-280-g,Out of Stock,,2026-09-14 18:46:43.678787
308,Seoudi Supermarket,Domty Mozzarella Cheese,Domty,128.95,169.5,EGP,Cheese,Cheese & Labneh,Mozzarella,280.0,g,24,,https://seoudisupermarket.com/en/domty-mozzarella-cheese-280-g,Out of Stock,,2026-09-14 18:46:43.678787
309,Seoudi Supermarket,Domty Gold Feta Cheese,Domty,90.95,114.75,EGP,Cheese,Cheese & Labneh,Feta,500.0,g,21,,https://seoudisupermarket.com/en/domty-gold-feta-cheese-500-g,Out of Stock,,2026-09-14 18:46:43.679790
310,Seoudi Supermarket,g's Natural Mozzarella Cheese,g's,177.5,,EGP,Cheese,Cheese & Labneh,Mozzarella,350.0,g,,,https://seoudisupermarket.com/en/gs-natural-mozzarella-cheese-350-g,Out of Stock,,2026-09-14 18:46:43.679790
311,Seoudi Supermarket,Dina Farms Cheese with Cream,Dina Farms,193.95,,EGP,Cheese,Cheese & Labneh,,500.0,g,,,https://seoudisupermarket.com/en/dina-farms-cheese-with-cream-500-g,Out of Stock,,2026-09-14 18:46:43.680785
312,Seoudi Supermarket,Blue River Cheddar Cheese Slices,Blue River,493,,EGP,Cheese,Cheese & Labneh,,48,Pieces,,,https://seoudisupermarket.com/en/blue-river-cheddar-cheese-slices-48-pieces,Out of Stock,,2026-09-14 18:46:43.681785
313,Seoudi Supermarket,Domty Creamy Roumy Cheese,Domty,79.95,99.95,EGP,Cheese,Cheese & Labneh,Roumy,220.0,g,20,,https://seoudisupermarket.com/en/domty-creamy-roumy-cheese-220-g,Out of Stock,,2026-09-14 18:46:43.681785
314,Seoudi Supermarket,Domty Plain Creamy Cheese,Domty,79.95,99.95,EGP,Cheese,Cheese & Labneh,Creamy Cheese,220.0,g,20,,https://seoudisupermarket.com/en/domty-plain-creamy-cheese-220-g,Out of Stock,,2026-09-14 18:46:43.682785
315,Seoudi Supermarket,Domty Creamy Cheese with Burger Flavor,Domty,79.95,99.95,EGP,Cheese,Cheese & Labneh,Creamy Cheese,220.0,g,20,,https://seoudisupermarket.com/en/domty-creamy-cheese-with-burger-flavor-220-g,Out of Stock,,2026-09-14 18:46:43.682785
316,Seoudi Supermarket,Domty Feta Cheese,Domty,22.75,27.25,EGP,Cheese,Cheese & Labneh,Feta,250.0,g,17,,https://seoudisupermarket.com/en/domty-feta-cheese-250-g,Out of Stock,,2026-09-14 18:46:43.683784
317,Seoudi Supermarket,Domty Light Creamy Cheese,Domty,136.5,149.5,EGP,Cheese,Cheese & Labneh,Creamy Cheese,380.0,g,9,,https://seoudisupermarket.com/en/domty-light-creamy-cheese-380-g,Out of Stock,,2026-09-14 18:46:43.683784
318,Seoudi Supermarket,Domty Feta Cheese,Domty,45.33,54,EGP,Cheese,Cheese & Labneh,Feta,500.0,g,16,,https://seoudisupermarket.com/en/domty-feta-cheese-500-g,Out of Stock,,2026-09-14 18:46:43.684788
319,Seoudi Supermarket,Domty Istanbuli Cheese,Domty,85.5,103.95,EGP,Cheese,Cheese & Labneh,Istanbuli,1.0,kg,18,,https://seoudisupermarket.com/en/domty-istanbuli-cheese-1kg,Out of Stock,,2026-09-14 18:46:43.685788
320,Seoudi Supermarket,Domty Feta Light Cheese,Domty,99.95,108,EGP,Cheese,Cheese & Labneh,Feta,1.0,kg,7,,https://seoudisupermarket.com/en/domty-feta-light-cheese-1-kg,Out of Stock,,2026-09-14 18:46:43.685788
321,Seoudi Supermarket,Domty Plus Istanbouli Cheese,Domty,52.95,62.5,EGP,Cheese,Cheese & Labneh,Istanbuli,500.0,g,15,,https://seoudisupermarket.com/en/domty-plus-istanbouli-cheese-500-g,Out of Stock,,2026-09-14 18:46:43.686786
322,Seoudi Supermarket,Domty Plus Feta Cheese,Domty,26.5,31.25,EGP,Cheese,Cheese & Labneh,Feta,250.0,g,15,,https://seoudisupermarket.com/en/domty-plus-feta-cheese-250-g,Out of Stock,,2026-09-14 18:46:43.686786
323,Seoudi Supermarket,Domty Low Salt Cheese,Domty,116.95,129.75,EGP,Cheese,Cheese & Labneh,,400.0,g,10,,https://seoudisupermarket.com/en/domty-low-salt-cheese-400-g,Out of Stock,,2026-09-14 18:46:43.687787
324,Seoudi Supermarket,Domty Creamy Cheese with Pastrami,Domty,136.5,149.5,EGP,Cheese,Cheese & Labneh,Creamy Cheese,380.0,g,9,,https://seoudisupermarket.com/en/domty-creamy-cheese-with-pastrami-380-g,Out of Stock,,2026-09-14 18:46:43.688787
325,Seoudi Supermarket,Domty Plus Feta Cheese with Pastrami Flavor,Domty,52.95,62.5,EGP,Cheese,Cheese & Labneh,Feta,500.0,g,15,,https://seoudisupermarket.com/en/domty-plus-feta-cheese-with-pastrami-flavor-500-g,Out of Stock,,2026-09-14 18:46:43.688787
326,Seoudi Supermarket,Domty Shredded Mozzarella Cheese,Domty,82.25,104.75,EGP,Cheese,Cheese & Labneh,Mozzarella,280.0,g,21,,https://seoudisupermarket.com/en/domty-shredded-mozzarella-cheese-280-g,Out of Stock,,2026-09-14 18:46:43.689786
327,Seoudi Supermarket,Domty Shredded Mozzarella Cheese,Domty,162.75,199.5,EGP,Cheese,Cheese & Labneh,Mozzarella,550.0,g,18,,https://seoudisupermarket.com/en/domty-shredded-mozzarella-cheese-550-g,Out of Stock,,2026-09-14 18:46:43.689786
328,Seoudi Supermarket,Domty Shredded Mozzarella Cheese,Domty,279.95,349,EGP,Cheese,Cheese & Labneh,Mozzarella,1.0,kg,20,,https://seoudisupermarket.com/en/domty-shredded-mozzarella-cheese-1-kg,Out of Stock,,2026-09-14 18:46:43.690787
329,Seoudi Supermarket,Domty Feta Cheese with Olives,Domty,85.5,103.95,EGP,Cheese,Cheese & Labneh,Feta,1.0,kg,18,,https://seoudisupermarket.com/en/domty-feta-cheese-with-olives-1-kg,Out of Stock,,2026-09-14 18:46:43.690787
330,Seoudi Supermarket,Domty Plain Creamy Cheese,Domty,136.5,149.5,EGP,Cheese,Cheese & Labneh,Creamy Cheese,380.0,g,9,,https://seoudisupermarket.com/en/domty-plain-creamy-cheese-380-g,Out of Stock,,2026-09-14 18:46:43.691786
331,Seoudi Supermarket,Domty Olive Creamy Cheese,Domty,136.5,149.5,EGP,Cheese,Cheese & Labneh,Creamy Cheese,380.0,g,9,,https://seoudisupermarket.com/en/domty-olive-creamy-cheese-380-g,Out of Stock,,2026-09-14 18:46:43.692787
332,Seoudi Supermarket,Avanti Mozzarella Cheese Slices,Avanti,66,78,EGP,Cheese,Cheese & Labneh,Mozzarella,150.0,g,15,,https://seoudisupermarket.com/en/avanti-mozzarella-cheese-slices-150-g,Out of Stock,,2026-09-14 18:46:43.693798
333,Seoudi Supermarket,Avanti Natural Feta Cheese,Avanti,187,207,EGP,Cheese,Cheese & Labneh,Feta,800.0,g,10,,https://seoudisupermarket.com/en/avanti-natural-feta-cheese-800-g,Out of Stock,,2026-09-14 18:46:43.694787
334,Seoudi Supermarket,Yopolis Dipz Cream Cheese with Garlic & Herbs and Pretzel Crackers,Yopolis,29,,EGP,Cheese,Cheese & Labneh,Cream Cheese,70.0,g,,,https://seoudisupermarket.com/en/yopolis-dipz-cream-cheese-with-garlic-and-herbs-and-pretzel-crackers-70-g,Out of Stock,,2026-09-14 18:46:43.695788
335,Seoudi Supermarket,Yopolis Dipz Cream Cheese with Pretzel Crackers,Yopolis,29,,EGP,Cheese,Cheese & Labneh,Cream Cheese,70.0,g,,,https://seoudisupermarket.com/en/yopolis-dipz-cream-cheese-with-pretzel-crackers-70-g,Out of Stock,,2026-09-14 18:46:43.695788
336,Seoudi Supermarket,Almarai Feta Cheese,Almarai,25.95,,EGP,Cheese,Cheese & Labneh,Feta,250.0,g,,,https://seoudisupermarket.com/en/almarai-feta-cheese-250-g,Out of Stock,,2026-09-14 18:46:43.696783
337,Seoudi Supermarket,Almarai Cream Cheese,Almarai,124.95,140,EGP,Cheese,Cheese & Labneh,Cream Cheese,12,Pieces,11,,https://seoudisupermarket.com/en/almarai-cream-cheese-12-pieces,Out of Stock,,2026-09-14 18:46:43.696783
338,Seoudi Supermarket,Almarai Cream Cheese,Almarai,64.95,70,EGP,Cheese,Cheese & Labneh,Cream Cheese,6,Pieces,7,,https://seoudisupermarket.com/en/almarai-cream-cheese-6-pieces,Out of Stock,,2026-09-14 18:46:43.697783
339,Seoudi Supermarket,Grated Parmigiano Reggiano Cheese,,211.88,,EGP,Cheese,Cheese & Labneh,Parmesan,0.125,Kg,,,https://seoudisupermarket.com/en/grated-parmigiano-reggiano-cheese,Out of Stock,,2026-09-14 18:46:43.698799
340,Seoudi Supermarket,Seoudi Blue Cheese Salad,Seoudi,40.63,,EGP,Cheese,Cheese & Labneh,Blue Cheese,0.125,Kg,,,https://seoudisupermarket.com/en/seoudi-blue-cheese-salad,Out of Stock,,2026-09-14 18:46:43.698799
341,Seoudi Supermarket,Primos Natural Mozzarella,Primos,135,,EGP,Cheese,Cheese & Labneh,Mozzarella,300.0,g,,,https://seoudisupermarket.com/en/primos-natural-mozzarella-300-g,Out of Stock,,2026-09-14 18:46:43.699787
342,Seoudi Supermarket,Yopolis Garlic and Herb Cheese,Yopolis,88,98,EGP,Cheese,Cheese & Labneh,,225.0,g,10,,https://seoudisupermarket.com/en/yopolis-garlic-and-herb-cheese-225-g,Out of Stock,,2026-09-14 18:46:43.700792
343,Seoudi Supermarket,Seoudi Natural Mozzarella Cheese Slices,Seoudi,49.38,,EGP,Cheese,Cheese & Labneh,Mozzarella,0.125,Kg,,,https://seoudisupermarket.com/en/seoudi-natural-mozzarella-cheese-slices,Out of Stock,,2026-09-14 18:46:43.700792
344,Seoudi Supermarket,Obour Land Natural Feta Cheese,Obour Land,47.45,,EGP,Cheese,Cheese & Labneh,Feta,250.0,g,,,https://seoudisupermarket.com/en/obour-land-natural-feta-cheese-250-g,Out of Stock,,2026-09-14 18:46:43.701785
345,Seoudi Supermarket,"La Vache Qui rit Triangle Cheese, Original",La Vache Qui Rit,66.95,,EGP,Cheese,Cheese & Labneh,Triangle Cheese,8,Pieces,,,https://seoudisupermarket.com/en/la-vache-qui-rit-triangle-cheese-original-8-pieces,Out of Stock,,2026-09-14 18:46:43.701785
346,Seoudi Supermarket,Babybel Mini,Babybel,122.5,,EGP,Cheese,Cheese & Labneh,Babybel,100.0,g,,,https://seoudisupermarket.com/en/babybel-mini-100-g,Out of Stock,,2026-09-14 18:46:43.702783
347,Seoudi Supermarket,Dina Farms Low Salt Cheese,Dina Farms,114.95,,EGP,Cheese,Cheese & Labneh,,450.0,g,,,https://seoudisupermarket.com/en/dina-farms-low-salt-cheese-450-g,Out of Stock,,2026-09-14 18:46:43.703782
348,Seoudi Supermarket,Seoudi Multigrain Cottage Cheese,Seoudi,85,,EGP,Cheese,Cheese & Labneh,Cottage Cheese,250.0,g,,,https://seoudisupermarket.com/en/seoudi-multigrain-cottage-cheese-250-g,Out of Stock,,2026-09-14 18:46:43.703782
349,Seoudi Supermarket,Kiri Dippers Cheese,Kiri,34.5,,EGP,Cheese,Cheese & Labneh,,35.0,g,,,https://seoudisupermarket.com/en/kiri-dippers-cheese-35-g,Out of Stock,,2026-09-14 18:46:43.704785
350,Seoudi Supermarket,Milkana Cheddar Cheese Sauce,Milkana,246.95,,EGP,Cheese,Cheese & Labneh,,900.0,g,,,https://seoudisupermarket.com/en/milkana-cheddar-cheese-sauce-900-g,Out of Stock,,2026-09-14 18:46:43.704785
351,Seoudi Supermarket,Kiri Spread Creamy Cheese,Kiri,319.95,360,EGP,Cheese,Cheese & Labneh,Creamy Cheese,500.0,g,11,,https://seoudisupermarket.com/en/kiri-spread-creamy-cheese-500-g,Out of Stock,,2026-09-14 18:46:54.657801
352,Seoudi Supermarket,Al Sharq Halloumi Cheese Fingers,Al Sharq,103.5,,EGP,Cheese,Cheese & Labneh,Halloumi,200.0,g,,,https://seoudisupermarket.com/en/al-sharq-halloumi-cheese-fingers-200-g,Out of Stock,,2026-09-14 18:46:54.658803
353,Seoudi Supermarket,Malika Hallomi Cheese,Malika,126.95,,EGP,Cheese,Cheese & Labneh,,300.0,g,,,https://seoudisupermarket.com/en/malika-hallomi-cheese-300-g,Out of Stock,,2026-09-14 18:46:54.659798
354,Seoudi Supermarket,Alsharq Halloumi Cheese,Al Sharq,103.5,,EGP,Cheese,Cheese & Labneh,Halloumi,200.0,g,,,https://seoudisupermarket.com/en/alsharq-halloumi-cheese-200-g,Out of Stock,,2026-09-14 18:46:54.659798
355,Seoudi Supermarket,Alasdekaa Moazzarella Cheese,Alasdekaa,345.95,349.95,EGP,Cheese,Cheese & Labneh,Mozzarella,900.0,g,1,,https://seoudisupermarket.com/en/alasdekaa-moazzarella-cheese-900-g,Out of Stock,,2026-09-14 18:46:54.661801
356,Seoudi Supermarket,Alasdekaa Mozzarella Cheese,Alasdekaa,91.95,97.95,EGP,Cheese,Cheese & Labneh,Mozzarella,200.0,g,6,,https://seoudisupermarket.com/en/alasdekaa-mozzarella-cheese-200-g,Out of Stock,,2026-09-14 18:46:54.662800
357,Seoudi Supermarket,Alasdekaa Mozzarella Cheese,Alasdekaa,143.95,,EGP,Cheese,Cheese & Labneh,Mozzarella,300.0,g,,,https://seoudisupermarket.com/en/alasdekaa-mozzarella-cheese-300-g,Out of Stock,,2026-09-14 18:46:54.663800
358,Seoudi Supermarket,Food House Goat Cheese with Black Pepper,Food House,102,,EGP,Cheese,Cheese & Labneh,Goat Cheese,150.0,g,,,https://seoudisupermarket.com/en/food-house-goat-cheese-with-black-pepper-150-g,Out of Stock,,2026-09-14 18:46:54.664799
359,Seoudi Supermarket,Food House Thyme Goat Cheese,Food House,102,,EGP,Cheese,Cheese & Labneh,Goat Cheese,150.0,g,,,https://seoudisupermarket.com/en/food-house-thyme-goat-cheese-150-g,Out of Stock,,2026-09-14 18:46:54.665800
360,Seoudi Supermarket,Dutch Maasdam Cheese,,78.13,,EGP,Cheese,Cheese & Labneh,Maasdam,0.125,Kg,,,https://seoudisupermarket.com/en/%D8%AC%D8%A8%D9%86%D8%A9-%D9%85%D8%B3%D8%AF%D8%A7%D9%85-%D9%87%D9%88%D9%84%D9%86%D8%AF%D9%89-%D9%88%D8%B2%D9%86-2005467000000,Out of Stock,,2026-09-14 18:46:54.666797
361,Seoudi Supermarket,Old Amsterdam Cheese Wedges,Old Amsterdam,639.95,740,EGP,Cheese,Cheese & Labneh,,300.0,g,14,,https://seoudisupermarket.com/en/old-amsterdam-cheese-wedges-300-g,Out of Stock,,2026-09-14 18:46:54.667798
362,Seoudi Supermarket,Old Amsterdam Cheese Wedges,Old Amsterdam,249.95,350,EGP,Cheese,Cheese & Labneh,,90.0,g,29,,https://seoudisupermarket.com/en/old-amsterdam-cheese-wedges-90-g,Out of Stock,,2026-09-14 18:46:54.668799
363,Seoudi Supermarket,Cheesa Roquefort Cheese,Cheesa,121,,EGP,Cheese,Cheese & Labneh,Roquefort,100.0,g,,,https://seoudisupermarket.com/en/cheesa-roquefort-cheese-100-g,Out of Stock,,2026-09-14 18:46:54.669797
364,Seoudi Supermarket,Seoudi Blue Cheese & Tortilla Chips,Seoudi,115,,EGP,Cheese,Cheese & Labneh,Blue Cheese,170.0,g,,,https://seoudisupermarket.com/en/seoudi-blue-cheese-and-tortilla-chips-170-g,Out of Stock,,2026-09-14 18:46:54.670798
365,Seoudi Supermarket,Saluti French Emmental Cheese,Saluti,168.75,,EGP,Cheese,Cheese & Labneh,Emmental,150.0,g,,,https://seoudisupermarket.com/en/saluti-french-emmental-cheese-150-g,Out of Stock,,2026-09-14 18:46:54.671799
366,Seoudi Supermarket,Prima Processed Creamy Cheese,Prima,99.95,,EGP,Cheese,Cheese & Labneh,Creamy Cheese,240.0,g,,,https://seoudisupermarket.com/en/prima-processed-creamy-cheese-240-g,Out of Stock,,2026-09-14 18:46:54.672799
367,Seoudi Supermarket,Al Karam Cheddar Cheese Sauce,Al Karam,25,,EGP,Cheese,Cheese & Labneh,,0.125,Kg,,,https://seoudisupermarket.com/en/al-karam-cheddar-cheese-sauce,Out of Stock,,2026-09-14 18:46:54.673801
368,Seoudi Supermarket,Cheesa Edam Cheese,Cheesa,144.5,,EGP,Cheese,Cheese & Labneh,Edam,235.0,g,,,https://seoudisupermarket.com/en/cheesa-edam-cheese-235-g,Out of Stock,,2026-09-14 18:46:54.674800
369,Seoudi Supermarket,La Vache Qui rit Creamy Cheese Jar,La Vache Qui Rit,114.95,,EGP,Cheese,Cheese & Labneh,Creamy Cheese,240.0,g,,,https://seoudisupermarket.com/en/la-vache-qui-rit-creamy-cheese-jar-240-g,Out of Stock,,2026-09-14 18:46:54.675797
370,Seoudi Supermarket,La Vache Qui rit Vegeterian Triangle Cheese,La Vache Qui Rit,39,,EGP,Cheese,Cheese & Labneh,Triangle Cheese,8,Pieces,,,https://seoudisupermarket.com/en/la-vache-qui-rit-vegeterian-triangle-cheese-8-pieces,Out of Stock,,2026-09-14 18:46:54.676801
371,Seoudi Supermarket,Royal Goat Gouda Cheese,Royal,131.25,,EGP,Cheese,Cheese & Labneh,Gouda,0.125,Kg,,,https://seoudisupermarket.com/en/royal-goat-gouda-cheese,Out of Stock,,2026-09-14 18:46:54.677797
372,Seoudi Supermarket,Bulgarian Kashkaval Cheese,,85,,EGP,Cheese,Cheese & Labneh,Kashkaval,0.125,Kg,,,https://seoudisupermarket.com/en/bulgarian-kashkaval-cheese,Out of Stock,,2026-09-14 18:46:54.678799
373,Seoudi Supermarket,Dolce Provolone Cheese,Dolce,115.63,,EGP,Cheese,Cheese & Labneh,Provolone,0.125,Kg,,,https://seoudisupermarket.com/en/dolce-provolone-cheese,Out of Stock,,2026-09-14 18:46:54.678799
374,Seoudi Supermarket,Domty Mix Shredded Mozzarella & Roumy Cheese,Domty,85.95,154.5,EGP,Cheese,Cheese & Labneh,Mozzarella,280.0,g,44,,https://seoudisupermarket.com/en/domty-mix-shredded-mozzarella-and-roumy-cheese-280-g,Out of Stock,,2026-09-14 18:46:54.679798
375,Seoudi Supermarket,Prima Ricotta Cheese,Prima,107.95,,EGP,Cheese,Cheese & Labneh,Ricotta,400.0,g,,,https://seoudisupermarket.com/en/prima-ricotta-cheese-400-g,Out of Stock,,2026-09-14 18:46:54.680800
376,Seoudi Supermarket,Kiri Cream Cheese,Kiri,45.5,,EGP,Cheese,Cheese & Labneh,Cream Cheese,4,Pieces,,,https://seoudisupermarket.com/en/kiri-cream-cheese-4-pieces,Out of Stock,,2026-09-14 18:46:54.681799
377,Seoudi Supermarket,Lebanese Nabulsi Cheese,,137.98,,EGP,Cheese,Cheese & Labneh,Nabulsi,0.4,Kg,,,https://seoudisupermarket.com/en/lebanese-nabulsi-cheese,Out of Stock,,2026-09-14 18:46:54.682800
378,Seoudi Supermarket,Hajdu Smoked Kashkaval Cheese,Hajdu,102.49,,EGP,Cheese,Cheese & Labneh,Kashkaval,0.125,Kg,,,https://seoudisupermarket.com/en/hajdu-smoked-kashkaval-cheese,Out of Stock,,2026-09-14 18:46:54.683798
379,Seoudi Supermarket,Almarai Labneh,Almarai,252.95,,EGP,Labneh,Cheese & Labneh,Labneh,400.0,g,,,https://seoudisupermarket.com/en/almarai-labneh-400-g,Out of Stock,,2026-09-14 18:46:54.684798
380,Seoudi Supermarket,Shallal Cheese,,167.98,,EGP,Cheese,Cheese & Labneh,Shallal,0.4,Kg,,,https://seoudisupermarket.com/en/shallal-cheese,Out of Stock,,2026-09-14 18:46:54.685798
381,Seoudi Supermarket,Bulgarian Goat Kashkaval Cheese,,128.75,,EGP,Cheese,Cheese & Labneh,Kashkaval,0.125,Kg,,,https://seoudisupermarket.com/en/bulgarian-goat-kashkaval-cheese,Out of Stock,,2026-09-14 18:46:54.686800
382,Seoudi Supermarket,"La Vache Qui rit Triangle Cheese, Original",La Vache Qui Rit,192.95,,EGP,Cheese,Cheese & Labneh,Triangle Cheese,24,Pieces,,,https://seoudisupermarket.com/en/la-vache-qui-rit-triangle-cheese-original-24-pieces,Out of Stock,,2026-09-14 18:46:54.687800
383,Seoudi Supermarket,Virgilio Mascarpone Cheese,Virgilio,220,,EGP,Cheese,Cheese & Labneh,Mascarpone,250.0,g,,,https://seoudisupermarket.com/en/virgilio-mascarpone-cheese-250-g,Out of Stock,,2026-09-14 18:46:54.688800
384,Seoudi Supermarket,Almarai Labneh,Almarai,120.95,,EGP,Labneh,Cheese & Labneh,Labneh,180.0,g,,,https://seoudisupermarket.com/en/almarai-labneh-180-g,Out of Stock,,2026-09-14 18:46:54.689804
385,Seoudi Supermarket,Kiri Creamy Cheese,Kiri,399.95,550,EGP,Cheese,Cheese & Labneh,Creamy Cheese,48,Pieces,27,,https://seoudisupermarket.com/en/kiri-creamy-cheese-48-pieces,Out of Stock,,2026-09-14 18:46:54.690799
386,Seoudi Supermarket,Saluti Parmisan Cheese,Saluti,390.5,,EGP,Cheese,Cheese & Labneh,,250.0,g,,,https://seoudisupermarket.com/en/saluti-parmisan-cheese-250-g,Out of Stock,,2026-09-14 18:46:54.691800
387,Seoudi Supermarket,La Vache Qui rit Vegeterian Triangle Cheese,La Vache Qui Rit,77,,EGP,Cheese,Cheese & Labneh,Triangle Cheese,16,Pieces,,,https://seoudisupermarket.com/en/la-vache-qui-rit-vegeterian-triangle-cheese-16-pieces,Out of Stock,,2026-09-14 18:46:54.692799
388,Seoudi Supermarket,Hajdu Light Kashkaval Cheese,Hajdu,96.87,,EGP,Cheese,Cheese & Labneh,Kashkaval,0.125,Kg,,,https://seoudisupermarket.com/en/hajdu-lite-kashkaval-cheese,Out of Stock,,2026-09-14 18:46:54.693796
389,Seoudi Supermarket,Swiss Gruyere Cheese,,164.5,,EGP,Cheese,Cheese & Labneh,Gruyere,0.1,Kg,,,https://seoudisupermarket.com/en/swiss-gruyere-cheese,Out of Stock,,2026-09-14 18:46:54.694800
390,Seoudi Supermarket,"La Vache Qui rit Triangle Cheese, Original",La Vache Qui Rit,249.95,,EGP,Cheese,Cheese & Labneh,Triangle Cheese,32,Pieces,,,https://seoudisupermarket.com/en/la-vache-qui-rit-triangle-cheese-original-32-pieces,Out of Stock,,2026-09-14 18:46:54.695799
391,Seoudi Supermarket,Basiron Gouda Cheese with Jalapeno,Basiron,137.38,,EGP,Cheese,Cheese & Labneh,Gouda,0.125,Kg,,,https://seoudisupermarket.com/en/basiron-gouda-cheese-with-jalapeno,Out of Stock,,2026-09-14 18:46:54.696800
392,Seoudi Supermarket,Domty Plus Feta Cheese Edam Flavor,Domty,26.5,31.25,EGP,Cheese,Cheese & Labneh,Edam,250.0,g,15,,https://seoudisupermarket.com/en/domty-plus-feta-cheese-edam-flavor-250-g,Out of Stock,,2026-09-14 18:46:54.697799
393,Seoudi Supermarket,Garcia Iberico Cheese,Garcia,399,,EGP,Cheese,Cheese & Labneh,Iberico,150.0,g,,,https://seoudisupermarket.com/en/garcia-iberico-cheese-150-g,Out of Stock,,2026-09-14 18:46:54.699798
394,Seoudi Supermarket,Yopolis Light Cream Cheese,Yopolis,88,98,EGP,Cheese,Cheese & Labneh,Cream Cheese,225.0,g,10,,https://seoudisupermarket.com/en/%D9%8A%D9%88%D8%A8%D9%88%D9%84%D8%B3-%D8%AC%D8%A8%D9%86%D8%A9-%D9%83%D8%B1%D9%8A%D9%85%D9%89-%D9%84%D8%A7%D9%8A%D8%AA225%D8%AC%D9%85,Out of Stock,,2026-09-14 18:46:54.700797
395,Seoudi Supermarket,Domty Feta Cheese with Jalapeno,Domty,90.95,114.75,EGP,Cheese,Cheese & Labneh,Feta,500.0,g,21,,https://seoudisupermarket.com/en/domty-feta-cheese-with-jalapeno-500-g,Out of Stock,,2026-09-14 18:46:54.701799
396,Seoudi Supermarket,Mafaza Natural Mozzarella Cheese,Mafaza,334.95,394.95,EGP,Cheese,Cheese & Labneh,Mozzarella,700.0,g,15,,https://seoudisupermarket.com/en/mafaza-natural-mozzarella-700-g,Out of Stock,,2026-09-14 18:46:54.702798
397,Seoudi Supermarket,Domty Gold Feta Cheese with Olives,Domty,90.95,114.75,EGP,Cheese,Cheese & Labneh,Feta,500.0,g,21,,https://seoudisupermarket.com/en/domty-gold-feta-cheese-with-olives-500-g,Out of Stock,,2026-09-14 18:46:54.703799
398,Seoudi Supermarket,Domty Istanbuli Cheese,Domty,22.75,27.25,EGP,Cheese,Cheese & Labneh,Istanbuli,250.0,g,17,,https://seoudisupermarket.com/en/domty-istanbuli-cheese-250-g,Out of Stock,,2026-09-14 18:46:54.705799
399,Seoudi Supermarket,Domty Shredded Mozzarella Cheese,Domty,73.25,,EGP,Cheese,Cheese & Labneh,Mozzarella,180.0,g,,,https://seoudisupermarket.com/en/domty-shredded-mozzarella-cheese-180-g,Out of Stock,,2026-09-14 18:46:54.706798
400,Seoudi Supermarket,Domty Feta Cheese with Olives,Domty,22.75,27.25,EGP,Cheese,Cheese & Labneh,Feta,250.0,g,17,,https://seoudisupermarket.com/en/domty-feta-cheese-with-olives-250-g,Out of Stock,,2026-09-14 18:46:54.707798
401,Seoudi Supermarket,Domty Low Salt Feta Cheese,Domty,85.5,103.95,EGP,Cheese,Cheese & Labneh,Feta,1.0,kg,18,,https://seoudisupermarket.com/en/domty-low-salt-feta-cheese-1-kg,Out of Stock,,2026-09-14 18:47:06.260070
402,Seoudi Supermarket,Puck Labneh,Puck,159.95,,EGP,Labneh,Cheese & Labneh,Labneh,200.0,g,,,https://seoudisupermarket.com/en/puck-labneh-200-g,Out of Stock,,2026-09-14 18:47:06.260070
403,Seoudi Supermarket,Puck Cream Cheese with Olives,Puck,159.95,,EGP,Cheese,Cheese & Labneh,Cream Cheese,200.0,g,,,https://seoudisupermarket.com/en/puck-cream-cheese-with-olives-200-g,Out of Stock,,2026-09-14 18:47:06.261070
404,Seoudi Supermarket,Puck Light Cream Cheese,Puck,159.95,,EGP,Cheese,Cheese & Labneh,Cream Cheese,200.0,g,,,https://seoudisupermarket.com/en/puck-light-cream-cheese-200-g,Out of Stock,,2026-09-14 18:47:06.261070
405,Seoudi Supermarket,Primos Natural Mozzarella,Primos,325,,EGP,Cheese,Cheese & Labneh,Mozzarella,900.0,g,,,https://seoudisupermarket.com/en/primos-natural-mozzarella-900-g,Out of Stock,,2026-09-14 18:47:06.262071
406,Seoudi Supermarket,Puck Cream Cheese,Puck,159.95,,EGP,Cheese,Cheese & Labneh,Cream Cheese,200.0,g,,,https://seoudisupermarket.com/en/puck-cream-cheese-200-g,Out of Stock,,2026-09-14 18:47:06.262071
407,Seoudi Supermarket,Creamy Cheese with Butter,,23.88,,EGP,Cheese,Cheese & Labneh,Creamy Cheese,0.125,Kg,,,https://seoudisupermarket.com/en/creamy-cheese-with-roumy-cheese,Out of Stock,,2026-09-14 18:47:06.263070
408,Seoudi Supermarket,Old Amsterdam Cheese Wedges,Old Amsterdam,499.95,600,EGP,Cheese,Cheese & Labneh,,250.0,g,17,,https://seoudisupermarket.com/en/old-amsterdam-cheese-wedges-250-g,Out of Stock,,2026-09-14 18:47:06.263070
409,Seoudi Supermarket,Garcia Baquero Goat Cheese,Garcia,370,,EGP,Cheese,Cheese & Labneh,Goat Cheese,100.0,g,,,https://seoudisupermarket.com/en/garcia-baquero-goat-cheese-100-g,Out of Stock,,2026-09-14 18:47:06.264070
410,Seoudi Supermarket,President White Cheese,President,163.5,,EGP,Cheese,Cheese & Labneh,White Cheese,450.0,g,,,https://seoudisupermarket.com/en/%D8%A8%D8%B1%D9%8A%D8%B2%D9%8A%D8%AF%D9%86-%D8%AC%D8%A8%D9%86%D8%A9-%D8%A8%D9%8A%D8%B6%D8%A7%D8%A1-450-%D8%AC%D9%85,Out of Stock,,2026-09-14 18:47:06.264070
411,Seoudi Supermarket,President Cream Cheese,President,180.95,,EGP,Cheese,Cheese & Labneh,Cream Cheese,240.0,g,,,https://seoudisupermarket.com/en/president-cream-cheese-240-g,Out of Stock,,2026-09-14 18:47:06.265070
412,Seoudi Supermarket,Puck Cheddar Cheese Slices,Puck,139.95,200,EGP,Cheese,Cheese & Labneh,,10,Pieces,30,,https://seoudisupermarket.com/en/puck-cheddar-cheese-slices-10-pieces,Out of Stock,,2026-09-14 18:47:06.265070
413,Seoudi Supermarket,Panda Istanbuli Cheese,Panda,26.75,,EGP,Cheese,Cheese & Labneh,Istanbuli,250.0,g,,,https://seoudisupermarket.com/en/panda-istanbuli-cheese-250-g,Out of Stock,,2026-09-14 18:47:06.266071
414,Seoudi Supermarket,Garcia Manchego Creamy Cheese,Garcia,315,,EGP,Cheese,Cheese & Labneh,Manchego,125.0,g,,,https://seoudisupermarket.com/en/garcia-manchego-creamy-cheese-125-g,Out of Stock,,2026-09-14 18:47:06.266071
415,Seoudi Supermarket,Baby Mozzarella,,54.13,,EGP,Cheese,Cheese & Labneh,Mozzarella,0.125,Kg,,,https://seoudisupermarket.com/en/baby-mozzarella,Out of Stock,,2026-09-14 18:47:06.267070
416,Seoudi Supermarket,Freddy Camembert Cheese,Freddy's,140,,EGP,Cheese,Cheese & Labneh,Camembert,200.0,g,,,https://seoudisupermarket.com/en/freddy-camembert-cheese-200-g,Out of Stock,,2026-09-14 18:47:06.267070
417,Seoudi Supermarket,Freddy's Brie Cheese,Freddy's,141.25,,EGP,Cheese,Cheese & Labneh,Brie,200.0,g,,,https://seoudisupermarket.com/en/freddys-brie-cheese-200-g,Out of Stock,,2026-09-14 18:47:06.268071
418,Seoudi Supermarket,Ma Chevre Cendre Soft Natural Chevre Cheese from Goat and Cow Milk,Ma Chevre,120,,EGP,Cheese,Cheese & Labneh,Chevre,150.0,g,,,https://seoudisupermarket.com/en/ma-chevre-cendre-soft-natural-chevre-cheese-from-goat-and-cow-milk-150-g,Out of Stock,,2026-09-14 18:47:06.268071
419,Seoudi Supermarket,Ma Chevre Soft Natural Chevre Cheese from Goat and Cow Milk with Garlic and Thyme,Ma Chevre,120,,EGP,Cheese,Cheese & Labneh,Chevre,150.0,g,,,https://seoudisupermarket.com/en/ma-chevre-soft-natural-chevre-cheese-from-goat-and-cow-milk-with-garlic-and-thyme-150-g,Out of Stock,,2026-09-14 18:47:06.269071
420,Seoudi Supermarket,Ma Chevre Soft Natural Chevre Cheese from Goat and Cow Milk with Garlic and Chili,Ma Chevre,120,,EGP,Cheese,Cheese & Labneh,Chevre,150.0,g,,,https://seoudisupermarket.com/en/ma-chevre-soft-natural-chevre-cheese-from-goat-and-cow-milk-with-garlic-and-chili-150-g,Out of Stock,,2026-09-14 18:47:06.269071
421,Seoudi Supermarket,Food House Goat Cheese With Plant Coal,Food House,102,,EGP,Cheese,Cheese & Labneh,Goat Cheese,150.0,g,,,https://seoudisupermarket.com/en/food-house-goat-cheese-with-plant-coal-150-g,Out of Stock,,2026-09-14 18:47:06.270070
422,Seoudi Supermarket,Violife Creamy Cheese Flavor,Violife,265,,EGP,Cheese,Cheese & Labneh,Creamy Cheese,150.0,g,,,https://seoudisupermarket.com/en/violife-creamy-cheese-flavor-150-g,Out of Stock,,2026-09-14 18:47:06.270070
423,Seoudi Supermarket,Maleka Akawi Cheese,Malika,109.95,,EGP,Cheese,Cheese & Labneh,Akawi,300.0,g,,,https://seoudisupermarket.com/en/maleka-akawi-cheese-300-g,Out of Stock,,2026-09-14 18:47:06.271070
424,Seoudi Supermarket,Al Sharq Akawi Cheese,Al Sharq,103.5,,EGP,Cheese,Cheese & Labneh,Akawi,200.0,g,,,https://seoudisupermarket.com/en/al-sharq-akawi-cheese-200-g,Out of Stock,,2026-09-14 18:47:06.271070
425,Seoudi Supermarket,Garcia Manchego Sheep Cheese,Garcia,640,,EGP,Cheese,Cheese & Labneh,Manchego,150.0,g,,,https://seoudisupermarket.com/en/garcia-manchego-sheep-cheese-150-g,Out of Stock,,2026-09-14 18:47:06.272071
426,Seoudi Supermarket,Saluti Provolone Cheese,Saluti,255.5,,EGP,Cheese,Cheese & Labneh,Provolone,200.0,g,,,https://seoudisupermarket.com/en/saluti-provolone-cheese-200-g,Out of Stock,,2026-09-14 18:47:06.272071
427,Seoudi Supermarket,Burrata Cheese,,126.25,,EGP,Cheese,Cheese & Labneh,Burrata,0.25,Kg,,,https://seoudisupermarket.com/en/burrata-cheese,Out of Stock,,2026-09-14 18:47:06.273071
428,Seoudi Supermarket,Malika Majdool Cheese,Malika,139.95,,EGP,Cheese,Cheese & Labneh,Majdool,300.0,g,,,https://seoudisupermarket.com/en/malika-majdool-cheese-300-g,Out of Stock,,2026-09-14 18:47:06.274073
429,Seoudi Supermarket,Malika Mashalala Cheese,Malika,134.95,,EGP,Cheese,Cheese & Labneh,Mashalala,300.0,g,,,https://seoudisupermarket.com/en/malika-mashalala-cheese-300-g,Out of Stock,,2026-09-14 18:47:06.275072
430,Seoudi Supermarket,Panda Feta Cheese with Olive,Panda,26.75,,EGP,Cheese,Cheese & Labneh,Feta,250.0,g,,,https://seoudisupermarket.com/en/panda-feta-cheese-with-olive-250-g,Out of Stock,,2026-09-14 18:47:06.276071
431,Seoudi Supermarket,Ma Chevre Fresh Soft Natural Chevre Cheese from Goat and Cow Milk,Ma Chevre,120,,EGP,Cheese,Cheese & Labneh,Chevre,150.0,g,,,https://seoudisupermarket.com/en/ma-chevre-fresh-soft-natural-chevre-cheese-from-goat-and-cow-milk-150-g,Out of Stock,,2026-09-14 18:47:06.276071
432,Seoudi Supermarket,Al Sharq Moshalal Cheese,Al Sharq,103.5,,EGP,Cheese,Cheese & Labneh,Mashalala,200.0,g,,,https://seoudisupermarket.com/en/al-sharq-moshalal-cheese-200-g,Out of Stock,,2026-09-14 18:47:06.277071
433,Seoudi Supermarket,Saluti Parmigiano Reggiano Cheese,Saluti,555.75,,EGP,Cheese,Cheese & Labneh,Parmesan,250.0,g,,,https://seoudisupermarket.com/en/saluti-parmigiano-reggiano-cheese-250-g,Out of Stock,,2026-09-14 18:47:06.278071
434,Seoudi Supermarket,Pecorino Romano Cheese with Black Pepper,,186.88,,EGP,Cheese,Cheese & Labneh,Pecorino,0.125,Kg,,,https://seoudisupermarket.com/en/pecorino-romano-cheese-with-black-pepper,Out of Stock,,2026-09-14 18:47:06.279072
435,Seoudi Supermarket,Pecorino Romano Cheese,,173.75,,EGP,Cheese,Cheese & Labneh,Pecorino,0.125,Kg,,,https://seoudisupermarket.com/en/%D8%AC%D8%A8%D9%86%D8%A9-%D8%A8%D9%8A%D9%83%D9%88%D8%B1%D9%8A%D9%86%D9%88-%D8%B1%D9%88%D9%85%D8%A7%D9%86%D9%88-%D9%88%D8%B2%D9%86-2005470000000,Out of Stock,,2026-09-14 18:47:06.280072
436,Seoudi Supermarket,Domty Plus Shredded Mozzarella Cheese,Domty,142.95,,EGP,Cheese,Cheese & Labneh,Mozzarella,325.0,g,,,https://seoudisupermarket.com/en/domty-plus-shredded-mozzarella-cheese-325-g,Out of Stock,,2026-09-14 18:47:06.281071
1,Seoudi Supermarket,Rich Land Semolina Flour,Rich Land,39.95,,EGP,Flour,Flour,,1.0,kg,,,https://seoudisupermarket.com/en/%D8%B1%D9%8A%D8%AA%D8%B4-%D9%84%D8%A7%D9%86%D8%AF-%D8%AF%D9%82%D9%8A%D9%82-%D8%B3%D9%85%D9%8A%D8%AF-1-%D9%83%D8%AC%D9%85,In Stock,,2026-09-14 18:32:20.087972
2,Seoudi Supermarket,Rich Land Whole Wheat Flour,Rich Land,34.95,,EGP,Flour,Flour,,1.0,kg,,,https://seoudisupermarket.com/en/%D8%B1%D9%8A%D8%AA%D8%B4-%D9%84%D8%A7%D9%86%D8%AF-%D8%AF%D9%82%D9%8A%D9%82-%D8%AD%D8%A8%D8%A9-%D9%83%D8%A7%D9%85%D9%84%D8%A91%D9%83%D8%AC%D9%85,In Stock,,2026-09-14 18:32:20.092971
4,Seoudi Supermarket,Rich Land All-Purpose Flour,Rich Land,28.75,,EGP,Flour,Flour,,1.0,kg,,,https://seoudisupermarket.com/en/%D8%B1%D9%8A%D8%AA%D8%B4-%D9%84%D8%A7%D9%86%D8%AF-%D8%AF%D9%82%D9%8A%D9%82-%D8%AC%D9%85%D9%8A%D8%B9-%D8%A7%D9%84%D8%A7%D8%BA%D8%B1%D8%A7%D8%B61%D9%83,In Stock,,2026-09-14 18:32:20.097971
44,Seoudi Supermarket,Al Doha Flour,Al Doha,27.75,37.45,EGP,Flour,Flour,,1.0,kg,26,,https://seoudisupermarket.com/en/al-doha-flour-1-kg,In Stock,,2026-09-14 18:32:20.181970
45,Seoudi Supermarket,Rehana Flour,Rehana,36.95,,EGP,Flour,Flour,,1.0,kg,,,https://seoudisupermarket.com/en/rehana-flour-1-kg,In Stock,,2026-09-14 18:32:20.183969
46,Seoudi Supermarket,Five Stars All Purpose Flour,Five Stars,39.95,44.95,EGP,Flour,Flour,,1.0,kg,11,,https://seoudisupermarket.com/en/five-stars-all-purpose-flour-1-kg,In Stock,,2026-09-14 18:32:20.185970
47,Seoudi Supermarket,Dopella All Purpouse Flour,Dobella,34.95,38.95,EGP,Flour,Flour,,1.0,kg,10,,https://seoudisupermarket.com/en/dopella-all-purpose-flour-1-kg,In Stock,,2026-09-14 18:32:20.187967
49,Seoudi Supermarket,Dobella Basbousa Semolina Flour,Dobella,46.45,51.75,EGP,Flour,Flour,,1.0,kg,10,,https://seoudisupermarket.com/en/dobella-basbousa-semolina-flour-1-kg,In Stock,,2026-09-14 18:32:20.189969
50,Seoudi Supermarket,Shahy Flour,Shahy,27.75,34.95,EGP,Flour,Flour,,1.0,kg,21,,https://seoudisupermarket.com/en/shahy-flour-1-kg,In Stock,,2026-09-14 18:32:20.191970
51,Seoudi Supermarket,King M All Purpose Flour,King M,36.75,,EGP,Flour,Flour,,1.0,kg,,,https://seoudisupermarket.com/en/king-m-all-purpose-flour-1-kg,In Stock,,2026-09-14 18:32:28.776454
53,Seoudi Supermarket,Dobella Baking & Pizza Flour,Dobella,37.16,41.45,EGP,Flour,Flour,,1.0,kg,10,,https://seoudisupermarket.com/en/dobella-baking-pizza-flour-1-kg,In Stock,,2026-09-14 18:32:28.783451
54,Seoudi Supermarket,Dobella Cake Flour,Dobella,37.16,41.45,EGP,Flour,Flour,,1.0,kg,10,,https://seoudisupermarket.com/en/dobella-cake-flour-1-kg,In Stock,,2026-09-14 18:32:28.785451
55,Seoudi Supermarket,Dobella Diet Flour,Dobella,37.16,40.95,EGP,Flour,Flour,,1.0,kg,9,,https://seoudisupermarket.com/en/dobella-diet-flour-1-kg,In Stock,,2026-09-14 18:32:28.786452
56,Seoudi Supermarket,Dopella White Rice Flour,Dobella,40.75,45.75,EGP,Flour,Flour,,1.0,kg,11,,https://seoudisupermarket.com/en/dopella-white-rice-flour-1-kg,In Stock,,2026-09-14 18:32:28.788453
57,Seoudi Supermarket,Sain Oat Flour,Sain,54.95,,EGP,Flour,Flour,,500.0,g,,,https://seoudisupermarket.com/en/sain-oat-flour-500-g,In Stock,,2026-09-14 18:32:28.789453
58,Seoudi Supermarket,Picky Baker Cookies & Biscuits Flour,Picky Baker,28.95,,EGP,Flour,Flour,,1.0,kg,,,https://seoudisupermarket.com/en/picky-baker-cookies-biscuits-flour-1-kg,In Stock,,2026-09-14 18:32:28.793452
59,Seoudi Supermarket,King M Rice Flour,King M,41.95,,EGP,Flour,Flour,,1.0,kg,,,https://seoudisupermarket.com/en/king-m-rice-flour-1-kg,In Stock,,2026-09-14 18:32:28.795452
60,Seoudi Supermarket,Dobella White Corn Flour,Dobella,32.63,36.95,EGP,Flour,Flour,,750.0,g,12,,https://seoudisupermarket.com/en/dobella-white-corn-flour-750-g,In Stock,,2026-09-14 18:32:28.796450
61,Seoudi Supermarket,Five Stars Brown Flour,Five Stars,74.95,,EGP,Flour,Flour,,1.0,kg,,,https://seoudisupermarket.com/en/five-stars-brown-flour-1-kg,In Stock,,2026-09-14 18:32:28.799451
62,Seoudi Supermarket,Dobella Yellow Corn Flour,Dobella,39.45,43.45,EGP,Flour,Flour,,1.0,kg,9,,https://seoudisupermarket.com/en/dobella-yellow-corn-flour-1-kg,In Stock,,2026-09-14 18:32:28.800451
63,Seoudi Supermarket,"Healthy Mill Oat Flour ",Healthy Mill,72.95,,EGP,Flour,Flour,,500.0,g,,,https://seoudisupermarket.com/en/healthy-mill-oat-flour-500-g,In Stock,,2026-09-14 18:32:28.802449
64,Seoudi Supermarket,King M Yellow Corn Flour,King M,41.95,,EGP,Flour,Flour,,1.0,kg,,,https://seoudisupermarket.com/en/king-m-yellow-corn-flour-1-kg,In Stock,,2026-09-14 18:32:28.803451
65,Seoudi Supermarket,Dobella Oat Flour,Dobella,92.95,,EGP,Flour,Flour,,750.0,g,,,https://seoudisupermarket.com/en/dobella-oat-flour-750-g,In Stock,,2026-09-14 18:32:28.805450
66,Seoudi Supermarket,Healthy Mill Gluten Free All Purpose Flour,Healthy Mill,66.25,,EGP,Flour,Flour,,500.0,g,,,https://seoudisupermarket.com/en/healthy-mill-gluten-free-all-purpose-flour-500-g,In Stock,,2026-09-14 18:32:28.806452
67,Seoudi Supermarket,Five Stars Pancakes Flour Mix,Five Stars,89.95,,EGP,Flour,Flour,,1.0,kg,,,https://seoudisupermarket.com/en/five-stars-pancakes-flour-mix-1-kg,In Stock,,2026-09-14 18:32:28.808451
68,Seoudi Supermarket,Five Stars Cake Flour,Five Stars,57.75,,EGP,Flour,Flour,,1.0,kg,,,https://seoudisupermarket.com/en/five-stars-cake-flour-1-kg,In Stock,,2026-09-14 18:32:28.810451
79,Seoudi Supermarket,Dobella Gluten Free Chickpea Flour,Dobella,77.75,,EGP,Flour,Flour,,500.0,g,,,https://seoudisupermarket.com/en/dobella-gluten-free-chickpea-flour-500-g,Out of Stock,,2026-09-14 18:32:28.823453
80,Seoudi Supermarket,Imtenan Gluten Free Almond Flour,Imtenan,479.95,,EGP,Flour,Flour,,500.0,g,,,https://seoudisupermarket.com/en/imtenan-gluten-free-almond-flour-500-g,Out of Stock,,2026-09-14 18:32:28.824451
81,Seoudi Supermarket,Lametna Whole Wheat Flour,Lametna,37.75,,EGP,Flour,Flour,,1.0,kg,,,https://seoudisupermarket.com/en/lametna-whole-wheat-flour-1-kg,Out of Stock,,2026-09-14 18:32:28.826453
84,Seoudi Supermarket,Manitalty Italian Flour,Manitalty,159.95,,EGP,Flour,Flour,,1.0,kg,,,https://seoudisupermarket.com/en/manitalty-italian-flour-1-kg,Out of Stock,,2026-09-14 18:32:28.829451
96,Seoudi Supermarket,Sonbolat Elforat Cake Flour,Sonbolat,49.95,,EGP,Flour,Flour,,1.0,kg,,,https://seoudisupermarket.com/en/sonbolat-elforat-cake-flour-1-kg,Out of Stock,,2026-09-14 18:32:28.843452
97,Seoudi Supermarket,Sonbolat Elforat White Wheat Flour,Sonbolat,49.95,,EGP,Flour,Flour,,1.0,kg,,,https://seoudisupermarket.com/en/sonbolat-elforat-white-wheat-flour-1-kg,Out of Stock,,2026-09-14 18:32:28.844449
181,Seoudi Supermarket,Ragab El Attar Coconut Flour,Ragab El Attar,134.95,,EGP,Flour,Flour,,350.0,g,,,https://seoudisupermarket.com/en/ragab-el-attar-coconut-flour-350-g,Out of Stock,,2026-09-14 18:32:44.883605
182,Seoudi Supermarket,Picky Baker Multi Purpose Flour,Picky Baker,28.95,,EGP,Flour,Flour,,1.0,kg,,,https://seoudisupermarket.com/en/picky-baker-multi-purpose-flour-1-kg,Out of Stock,,2026-09-14 18:32:44.884605
183,Seoudi Supermarket,Dobella Biscuit & Cake Flour,Dobella,37.16,41.45,EGP,Flour,Flour,,1.0,kg,10,,https://seoudisupermarket.com/en/dobella-biscuit-cake-flour-1-kg,Out of Stock,,2026-09-14 18:32:44.885605
184,Seoudi Supermarket,Al Sakr Flour,Al Sakr,25.95,,EGP,Flour,Flour,,1.0,kg,,,https://seoudisupermarket.com/en/al-sakr-flour-1-kg,Out of Stock,,2026-09-14 18:32:44.886606
185,Seoudi Supermarket,Origin Flour,Origin,25.95,,EGP,Flour,Flour,,1.0,kg,,,https://seoudisupermarket.com/en/origin-flour-1-kg,Out of Stock,,2026-09-14 18:32:44.887605
186,Seoudi Supermarket,Picky Baker Pizza Flour,Picky Baker,32.45,,EGP,Flour,Flour,,1.0,kg,,,https://seoudisupermarket.com/en/picky-baker-pizza-flour-1-kg,Out of Stock,,2026-09-14 18:32:44.888606
187,Seoudi Supermarket,Five Stars Pizza Flour,Five Stars,49.95,56.75,EGP,Flour,Flour,,1.0,kg,12,,https://seoudisupermarket.com/en/five-stars-pizza-flour-1-kg,Out of Stock,,2026-09-14 18:32:44.890606
188,Seoudi Supermarket,Sonbolat Elforat Biscuits & Cookies Flour,Sonbolat,41.45,,EGP,Flour,Flour,,1.0,kg,,,https://seoudisupermarket.com/en/sonbolat-elforat-biscuits-and-cookies-flour-1-kg,Out of Stock,,2026-09-14 18:32:44.891609
189,Seoudi Supermarket,King M Wholemeal Brown Flour,King M,41.95,,EGP,Flour,Flour,,1.0,kg,,,https://seoudisupermarket.com/en/king-m-wholemeal-brown-flour-1-kg,Out of Stock,,2026-09-14 18:32:44.892605
190,Seoudi Supermarket,Sonbolat Elforat Pizza Flour,Sonbolat,52.45,,EGP,Flour,Flour,,1.0,kg,,,https://seoudisupermarket.com/en/sonbolat-elforat-pizza-flour-1-kg,Out of Stock,,2026-09-14 18:32:44.892605
191,Seoudi Supermarket,Picky Baker Cakes Flour,Picky Baker,28.95,,EGP,Flour,Flour,,1.0,kg,,,https://seoudisupermarket.com/en/picky-baker-cakes-flour-1-kg,Out of Stock,,2026-09-14 18:32:44.893605
192,Seoudi Supermarket,Ragab El Attar Corn Flour,Ragab El Attar,27.95,,EGP,Flour,Flour,,500.0,g,,,https://seoudisupermarket.com/en/ragab-el-attar-corn-flour-500-g,Out of Stock,,2026-09-14 18:32:44.895606
193,Seoudi Supermarket,Food Print Oat Flour,Food Print,65.45,,EGP,Flour,Flour,,500.0,g,,,https://seoudisupermarket.com/en/food-print-oat-flour-500-g,Out of Stock,,2026-09-14 18:32:44.896606
194,Seoudi Supermarket,Foodprint Coconut Flour,Foodprint,86.75,,EGP,Flour,Flour,,250.0,g,,,https://seoudisupermarket.com/en/foodprint-coconut-flour-250-g,Out of Stock,,2026-09-14 18:32:44.897606
195,Seoudi Supermarket,Sonbolat Elforat Gluten Free Corn Flour,Sonbolat,56.95,,EGP,Flour,Flour,,1.0,kg,,,https://seoudisupermarket.com/en/sonbolat-elforat-gluten-free-corn-flour-1-kg,Out of Stock,,2026-09-14 18:32:44.898606
196,Seoudi Supermarket,Sonbolat ElForat Gluten Free Flour,Sonbolat,101.45,,EGP,Flour,Flour,,500.0,g,,,https://seoudisupermarket.com/en/sonbolat-elforat-gluten-free-flour-500-g,Out of Stock,,2026-09-14 18:32:44.899606
197,Seoudi Supermarket,Keto Licious Coconut Flour,Keto Licious,139.95,,EGP,Flour,Flour,,454.0,g,,,https://seoudisupermarket.com/en/keto-licious-coconut-flour-454-g,Out of Stock,,2026-09-14 18:32:44.900605
198,Seoudi Supermarket,Naldoni Coarse Corn Flour,Naldoni,259.95,,EGP,Flour,Flour,,1.0,kg,,,https://seoudisupermarket.com/en/naldoni-coarse-corn-flour-1-kg,Out of Stock,,2026-09-14 18:32:44.901606
199,Seoudi Supermarket,Keto Licious Vital Wheat Gluten Flour,Keto Licious,269.95,,EGP,Flour,Flour,,454.0,g,,,https://seoudisupermarket.com/en/keto-licious-vital-wheat-gluten-flour-454-g,Out of Stock,,2026-09-14 18:32:44.902607
200,Seoudi Supermarket,Double Bear Finest Rice Flour,Double Bear,199.75,,EGP,Flour,Flour,,1.0,kg,,,https://seoudisupermarket.com/en/double-bear-finest-rice-flour-1-kg,Out of Stock,,2026-09-14 18:32:44.903607
201,Seoudi Supermarket,5 Stagioni Pizza Flour,5 Stagioni,924.95,,EGP,Flour,Flour,,10.0,kg,,,https://seoudisupermarket.com/en/5-stagioni-pizza-flour-10-kg,Out of Stock,,2026-09-14 18:32:51.011163
202,Seoudi Supermarket,Uncle Barns Tempura Flour,Uncle Barns,189.95,,EGP,Flour,Flour,,1.0,kg,,,https://seoudisupermarket.com/en/uncle-barns-tempura-flour-1-kg,Out of Stock,,2026-09-14 18:32:51.012169
203,Seoudi Supermarket,Uncle Barns Tempura Flour,Uncle Barns,161.95,,EGP,Flour,Flour,,500.0,g,,,https://seoudisupermarket.com/en/uncle-barns-tempura-flour-500-g,Out of Stock,,2026-09-14 18:32:51.012169
204,Seoudi Supermarket,Keto Licious Lupin Flour,Keto Licious,109.95,,EGP,Flour,Flour,,454.0,g,,,https://seoudisupermarket.com/en/keto-licious-lupin-flour-454-g,Out of Stock,,2026-09-14 18:32:51.013167
205,Seoudi Supermarket,Haboba Flour,Haboba,24.95,,EGP,Flour,Flour,,1.0,kg,,,https://seoudisupermarket.com/en/haboba-flour-1-kg,Out of Stock,,2026-09-14 18:32:51.014167
206,Seoudi Supermarket,Five Stars Dumpling Flour Mix,Five Stars,61.75,,EGP,Flour,Flour,,1.0,kg,,,https://seoudisupermarket.com/en/five-stars-dumpling-flour-mix-1-kg,Out of Stock,,2026-09-14 18:32:51.014167
207,Seoudi Supermarket,Sonbolat El Forat Gluten Free Rice Flour,Sonbolat El Forat,64.95,,EGP,Flour,Flour,,1.0,kg,,,https://seoudisupermarket.com/en/sonbolat-el-forat-gluten-free-rice-flour-1-kg,Out of Stock,,2026-09-14 18:32:51.015167
1,Seoudi Supermarket,Open Country New Zealand Butter,,142.5,,EGP,Ghee & Butter,Ghee & Butter,Ghee,0.3,Kg,,,https://seoudisupermarket.com/en/open-country-new-zealand-butter,In Stock,,2026-09-14 18:52:09.189800
2,Seoudi Supermarket,Anchor Unsalted Butter,Anchor,60,120,EGP,Ghee & Butter,Ghee & Butter,Ghee,100.0,g,- 50%,,https://seoudisupermarket.com/en/anchor-unsalted-butter-100-g,In Stock,,2026-09-14 18:52:09.195802
3,Seoudi Supermarket,Seoudi Cow Ghee,Seoudi,465,,EGP,Ghee & Butter,Ghee & Butter,Ghee,850.0,g,,,https://seoudisupermarket.com/en/seoudi-cow-ghee-850-g,In Stock,,2026-09-14 18:52:09.195802
4,Seoudi Supermarket,Seoudi Cow Ghee,Seoudi,280,,EGP,Ghee & Butter,Ghee & Butter,Ghee,450.0,g,,,https://seoudisupermarket.com/en/seoudi-cow-ghee-450-g,In Stock,,2026-09-14 18:52:09.196801
5,Seoudi Supermarket,Seoudi Buffalo Ghee,Seoudi,580,,EGP,Ghee & Butter,Ghee & Butter,Ghee,850.0,g,,,https://seoudisupermarket.com/en/seoudi-buffalo-ghee-850-g,In Stock,,2026-09-14 18:52:09.197802
6,Seoudi Supermarket,Seoudi Buffalo Ghee,Seoudi,345,,EGP,Ghee & Butter,Ghee & Butter,Ghee,450.0,g,,,https://seoudisupermarket.com/en/seoudi-buffalo-ghee-450-g,In Stock,,2026-09-14 18:52:09.198803
7,Seoudi Supermarket,Seoudi Natural Ghee,Seoudi,414.95,,EGP,Ghee & Butter,Ghee & Butter,Ghee,700.0,g,,,https://seoudisupermarket.com/en/seoudi-natural-ghee-700-g,In Stock,,2026-09-14 18:52:09.199802
8,Seoudi Supermarket,Argentinian Yellow Butter,,126,,EGP,Ghee & Butter,Ghee & Butter,Ghee,0.3,Kg,,,https://seoudisupermarket.com/en/argentinian-yellow-butter,Out of Stock,,2026-09-14 18:52:09.200803
9,Seoudi Supermarket,Almarai Unsalted Butter,Almarai,104.95,140,EGP,Ghee & Butter,Ghee & Butter,Ghee,100.0,g,- 25%,,https://seoudisupermarket.com/en/almarai-unsalted-butter-100-g,In Stock,,2026-09-14 18:52:09.201800
10,Seoudi Supermarket,Sherraton Pure Butter Ghee,Sherraton,249.95,,EGP,Ghee & Butter,Ghee & Butter,Ghee,400.0,g,,,https://seoudisupermarket.com/en/sherraton-pure-butter-ghee-400-g,In Stock,,2026-09-14 18:52:09.202801
11,Seoudi Supermarket,Alasdekaa Buffalo Butter Ghee,Alasdekaa,549.95,575.95,EGP,Ghee & Butter,Ghee & Butter,Ghee,900.0,g,- 5%,,https://seoudisupermarket.com/en/alasdekaa-buffalo-butter-ghee-900-g,In Stock,,2026-09-14 18:52:09.203806
12,Seoudi Supermarket,Lurpak Unsalted Butter,Lurpak,209.5,229.5,EGP,Ghee & Butter,Ghee & Butter,Ghee,200.0,g,- 9%,,https://seoudisupermarket.com/en/lurpak-unsalted-butter-200-gm,In Stock,,2026-09-14 18:52:09.204804
13,Seoudi Supermarket,Ezbetna Buffalo Ghee,Ezbetna,550,,EGP,Ghee & Butter,Ghee & Butter,Ghee,1.0,kg,,,https://seoudisupermarket.com/en/ezbetna-buffalo-ghee-1-kg,In Stock,,2026-09-14 18:52:09.205804
14,Seoudi Supermarket,Lurpak Unsalted Butter,Lurpak,105.55,115.55,EGP,Ghee & Butter,Ghee & Butter,Ghee,100.0,g,- 9%,,https://seoudisupermarket.com/en/lurpak-unsalted-butter-100-gm,In Stock,,2026-09-14 18:52:09.206804
15,Seoudi Supermarket,Ezbetna Buffalo Butter,Ezbetna,460,,EGP,Ghee & Butter,Ghee & Butter,Ghee,1.0,kg,,,https://seoudisupermarket.com/en/ezbetna-buffalo-butter-1-kg,In Stock,,2026-09-14 18:52:09.207803
16,Seoudi Supermarket,Sheratton Natural Ghee,"Sheratton ",489.75,,EGP,Ghee & Butter,Ghee & Butter,Ghee,800.0,g,,,https://seoudisupermarket.com/en/sheratton-natural-ghee-800-g,In Stock,,2026-09-14 18:52:09.207803
17,Seoudi Supermarket,"Almarai Unsalted Butter, 10 g - Pack of 100",Almarai,1195,,EGP,Ghee & Butter,Ghee & Butter,Ghee,10.0,g,,,https://seoudisupermarket.com/en/almarai-unsalted-butter-10-g-pack-of-100,In Stock,,2026-09-14 18:52:09.208804
18,Seoudi Supermarket,Haloub Al Missalia Butter Ghee,Haloub Al Missalia,158.45,,EGP,Ghee & Butter,Ghee & Butter,Ghee,250.0,g,,,https://seoudisupermarket.com/en/haloub-al-missalia-butter-ghee-250-g,In Stock,,2026-09-14 18:52:09.209803
19,Seoudi Supermarket,Sheratton Natural Ghee,"Sheratton ",1199.95,,EGP,Ghee & Butter,Ghee & Butter,Ghee,2.0,kg,,,https://seoudisupermarket.com/en/sheratton-natural-ghee-2-kg,In Stock,,2026-09-14 18:52:09.210805
20,Seoudi Supermarket,Richy Cow Ghee,Richy Farm,420,470,EGP,Ghee & Butter,Ghee & Butter,Ghee,1.0,kg,- 11%,,https://seoudisupermarket.com/en/richy-cow-ghee-1-kg,In Stock,,2026-09-14 18:52:09.210805
21,Seoudi Supermarket,Haloub Al Missalia Natural Butter Ghee,Haloub Al Missalia,949.95,,EGP,Ghee & Butter,Ghee & Butter,Ghee,1600.0,g,,,https://seoudisupermarket.com/en/haloub-al-missalia-natural-butter-ghee-1600-g,In Stock,,2026-09-14 18:52:09.211805
22,Seoudi Supermarket,Haloub Al Missalia Butter Ghee,Haloub Al Missalia,248.75,,EGP,Ghee & Butter,Ghee & Butter,Ghee,400.0,g,,,https://seoudisupermarket.com/en/haloub-al-missalia-butter-ghee-400-g,In Stock,,2026-09-14 18:52:09.212806
23,Seoudi Supermarket,Isigny Unsalted Butter,Isigny,189,242,EGP,Ghee & Butter,Ghee & Butter,Ghee,200.0,g,- 22%,,https://seoudisupermarket.com/en/isigny-unsalted-butter-200-g,In Stock,,2026-09-14 18:52:09.219215
24,Seoudi Supermarket,Almarai Unsalted Butter,Almarai,394.95,540,EGP,Ghee & Butter,Ghee & Butter,Ghee,400.0,g,- 27%,,https://seoudisupermarket.com/en/almarai-unsalted-butter-400-g,In Stock,,2026-09-14 18:52:09.219803
25,Seoudi Supermarket,Rotana Unsalted Butter,"Rotana ",9.5,,EGP,Ghee & Butter,Ghee & Butter,Ghee,10.0,g,,,https://seoudisupermarket.com/en/rotana-unsalted-butter-10-g,In Stock,,2026-09-14 18:52:09.222802
26,Seoudi Supermarket,Lurpak Unsalted Butter,Lurpak,5.45,7.45,EGP,Ghee & Butter,Ghee & Butter,Ghee,8.0,g,- 27%,,https://seoudisupermarket.com/en/lurpak-unsalted-butter-8-g,In Stock,,2026-09-14 18:52:09.223801
27,Seoudi Supermarket,Lurpak Unsalted Butter,Lurpak,406.95,446.95,EGP,Ghee & Butter,Ghee & Butter,Ghee,400.0,g,- 9%,,https://seoudisupermarket.com/en/lurpak-unsalted-butter-400-gm,In Stock,,2026-09-14 18:52:09.225801
28,Seoudi Supermarket,Isigny Unsalted Butter,Isigny,17.95,,EGP,Ghee & Butter,Ghee & Butter,Ghee,10.0,g,,,https://seoudisupermarket.com/en/isigny-unsalted-butter-10-g,In Stock,,2026-09-14 18:52:09.226801
29,Seoudi Supermarket,Ezbetna Buffalo Ghee,Ezbetna,289,,EGP,Ghee & Butter,Ghee & Butter,Ghee,500.0,g,,,https://seoudisupermarket.com/en/ezbetna-buffalo-ghee-500-g,In Stock,,2026-09-14 18:52:09.227800
30,Seoudi Supermarket,"Lurpak Unsalted Butter, 8 g - 120 Pieces",Lurpak,654,894,EGP,Ghee & Butter,Ghee & Butter,Ghee,8.0,g,- 27%,,https://seoudisupermarket.com/en/lurpak-unsalted-butter-8-g-120-pieces,In Stock,,2026-09-14 18:52:09.227800
31,Seoudi Supermarket,Haloub Al Missalia Natural Butter Ghee,Haloub Al Missalia,484.95,,EGP,Ghee & Butter,Ghee & Butter,Ghee,800.0,g,,,https://seoudisupermarket.com/en/haloub-al-missalia-natural-butter-ghee-800-g,In Stock,,2026-09-14 18:52:09.229804
32,Seoudi Supermarket,Dina Farms Natural Butter,Dina Farms,229.95,,EGP,Ghee & Butter,Ghee & Butter,Ghee,400.0,g,,,https://seoudisupermarket.com/en/dina-farms-natural-butter-400-g,In Stock,,2026-09-14 18:52:09.230802
33,Seoudi Supermarket,Sherraton Natural Ghee,Sherraton,899.95,,EGP,Ghee & Butter,Ghee & Butter,Ghee,1.5,kg,,,https://seoudisupermarket.com/en/sherraton-natural-ghee-1-5-kg,In Stock,,2026-09-14 18:52:09.231803
34,Seoudi Supermarket,"Isigny Unsalted Butter, 10 g - 60 Pieces",Isigny,1077,,EGP,Ghee & Butter,Ghee & Butter,Ghee,10.0,g,,,https://seoudisupermarket.com/en/isigny-unsalted-butter-10-g-60-pieces,In Stock,,2026-09-14 18:52:09.232803
35,Seoudi Supermarket,La Ville Natural Buffalo Butter,La Ville,410,,EGP,Ghee & Butter,Ghee & Butter,Ghee,900.0,g,,,https://seoudisupermarket.com/en/la-ville-natural-buffalo-butter-900-g,Out of Stock,,2026-09-14 18:52:09.233802
36,Seoudi Supermarket,La Ville Natural Cow Butter,La Ville,375,,EGP,Ghee & Butter,Ghee & Butter,Ghee,900.0,g,,,https://seoudisupermarket.com/en/la-ville-natural-cow-butter-900-g,Out of Stock,,2026-09-14 18:52:09.234801
37,Seoudi Supermarket,Le Gall Premium Natural Unsalted French Butter,Le Gall,275.95,,EGP,Ghee & Butter,Ghee & Butter,Ghee,250.0,g,,,https://seoudisupermarket.com/en/le-gall-premium-natural-unsalted-french-butter-250-g,Out of Stock,,2026-09-14 18:52:09.234801
38,Seoudi Supermarket,Seoudi Natural Ghee,Seoudi,829.95,,EGP,Ghee & Butter,Ghee & Butter,Ghee,1.4,kg,,,https://seoudisupermarket.com/en/seoudi-natural-ghee-1-4-kg,Out of Stock,,2026-09-14 18:52:09.235802
39,Seoudi Supermarket,"Rotana Unsalted Natural Butter, 10 g - 200 Pieces","Rotana ",1900,,EGP,Ghee & Butter,Ghee & Butter,Ghee,10.0,g,,,https://seoudisupermarket.com/en/rotana-unsalted-natural-butter-10-g-200-pieces,Out of Stock,,2026-09-14 18:52:09.235802
40,Seoudi Supermarket,Almarai Pure Butter Ghee,Almarai,527.45,,EGP,Ghee & Butter,Ghee & Butter,Ghee,800.0,g,,,https://seoudisupermarket.com/en/almarai-pure-butter-ghee-800-g,Out of Stock,,2026-09-14 18:52:09.236802
41,Seoudi Supermarket,Westgold Unsalted New Zealand Butter,Westgold,265,,EGP,Ghee & Butter,Ghee & Butter,Ghee,500.0,g,,,https://seoudisupermarket.com/en/westgold-unsalted-new-zealand-butter-500-g,Out of Stock,,2026-09-14 18:52:09.237803
42,Seoudi Supermarket,Noura Buffalo Butter,,385,,EGP,Ghee & Butter,Ghee & Butter,Ghee,1.0,kg,,,https://seoudisupermarket.com/en/noura-buffalo-butter-1-kg,Out of Stock,,2026-09-14 18:52:09.237803
43,Seoudi Supermarket,Pam Original Butter Spray - 170 g,Pam,379.95,,EGP,Ghee & Butter,Ghee & Butter,Ghee,170.0,g,,,https://seoudisupermarket.com/en/pam-original-butter-spray-170-g,Out of Stock,,2026-09-14 18:52:09.238804
44,Seoudi Supermarket,Rotana Natural Unsalted Butter - 400 g,"Rotana ",349.95,,EGP,Ghee & Butter,Ghee & Butter,Ghee,400.0,g,,,https://seoudisupermarket.com/en/rotana-natural-unsalted-butter-400-g,Out of Stock,,2026-09-14 18:52:09.239802
45,Seoudi Supermarket,Almarai Pure Butter Ghee - 400 g,Almarai,268.75,,EGP,Ghee & Butter,Ghee & Butter,Ghee,400.0,g,,,https://seoudisupermarket.com/en/almarai-pure-butter-ghee-400-g,Out of Stock,,2026-09-14 18:52:09.240802
46,Seoudi Supermarket,West Gold New Zealand Unsalted Butter - 1 Kg,Westgold,510,,EGP,Ghee & Butter,Ghee & Butter,Ghee,1.0,Kg,,,https://seoudisupermarket.com/en/west-gold-new-zealand-unsalted-butter-1-kg,Out of Stock,,2026-09-14 18:52:09.240802
47,Seoudi Supermarket,Le Gall Unsalted Matured Cream Butter - 500 g,Le Gall,505,,EGP,Ghee & Butter,Ghee & Butter,Ghee,500.0,g,,,https://seoudisupermarket.com/en/le-gall-unsalted-matured-cream-butter-500-g,Out of Stock,,2026-09-14 18:52:09.242803
48,Seoudi Supermarket,Westgold Unsalted New Zealand Butter - 250 g,Westgold,137.5,,EGP,Ghee & Butter,Ghee & Butter,Ghee,250.0,g,,,https://seoudisupermarket.com/en/westgold-unsalted-new-zealand-butter-250-g,Out of Stock,,2026-09-14 18:52:09.242803
49,Seoudi Supermarket,Kout El Qoloob White Ghee - 650 g,Kout El Qoloob,76.95,,EGP,Ghee & Butter,Ghee & Butter,Vegetable Ghee,650.0,g,,,https://seoudisupermarket.com/en/kout-el-qoloob-white-ghee-650-g,In Stock,,2026-09-14 18:52:20.678401
50,Seoudi Supermarket,Crystal White Ghee - 1500 g,Crystal,181,,EGP,Ghee & Butter,Ghee & Butter,Vegetable Ghee,1500.0,g,,,https://seoudisupermarket.com/en/crystal-white-ghee-1500-g,In Stock,,2026-09-14 18:52:20.679401
51,Seoudi Supermarket,Crystal Golden Vegetable Ghee - 1500 g,Crystal,181,,EGP,Ghee & Butter,Ghee & Butter,Vegetable Ghee,1500.0,g,,,https://seoudisupermarket.com/en/crystal-golden-vegetable-ghee-1500-g,In Stock,,2026-09-14 18:52:20.680400
52,Seoudi Supermarket,Fern Pure Butter Ghee,Fern,834.95,,EGP,Ghee & Butter,Ghee & Butter,Vegetable Ghee,1.4,kg,,,https://seoudisupermarket.com/en/fern-pure-butter-ghee-1-4-kg,In Stock,,2026-09-14 18:52:20.681401
53,Seoudi Supermarket,Fern Pure Butter Ghee,Fern,1068,,EGP,Ghee & Butter,Ghee & Butter,Vegetable Ghee,1.8,kg,,,https://seoudisupermarket.com/en/fern-pure-butter-ghee-1-8-kg,In Stock,,2026-09-14 18:52:20.682398
54,Seoudi Supermarket,Fern Pure Butter Ghee - 450 g,Fern,274.45,,EGP,Ghee & Butter,Ghee & Butter,Vegetable Ghee,450.0,g,,,https://seoudisupermarket.com/en/fern-pure-butter-ghee-450-g,In Stock,,2026-09-14 18:52:20.683401
55,Seoudi Supermarket,Fern Natural Ghee - 700 g,Fern,420.75,,EGP,Ghee & Butter,Ghee & Butter,Vegetable Ghee,700.0,g,,,https://seoudisupermarket.com/en/fern-natural-ghee-700-g,In Stock,,2026-09-14 18:52:20.684401
56,Seoudi Supermarket,Crystal Mix Ghee - 1 kg + Can,Crystal,139.95,,EGP,Ghee & Butter,Ghee & Butter,Vegetable Ghee,1.0,kg,,,https://seoudisupermarket.com/en/crystal-mix-ghee-1-kg-can,In Stock,,2026-09-14 18:52:20.685401
57,Seoudi Supermarket,Fern Mixed Butter,Fern,85.5,,EGP,Ghee & Butter,Ghee & Butter,Vegetable Ghee,500.0,g,,,https://seoudisupermarket.com/en/fern-mixed-butter-500-g,In Stock,,2026-09-14 18:52:20.686400
58,Seoudi Supermarket,Fern Mixed Butter,Fern,162.95,,EGP,Ghee & Butter,Ghee & Butter,Vegetable Ghee,1.0,kg,,,https://seoudisupermarket.com/en/fern-mixed-butter-1-kg,In Stock,,2026-09-14 18:52:20.686400
59,Seoudi Supermarket,Crystal Golden Vegetable Ghee,Crystal,237.75,,EGP,Ghee & Butter,Ghee & Butter,Vegetable Ghee,2.0,kg,,,https://seoudisupermarket.com/en/crystal-golden-vegetable-ghee-2-kg,In Stock,,2026-09-14 18:52:20.687402
60,Seoudi Supermarket,Crystal White Vegetables Ghee,Crystal,237.75,,EGP,Ghee & Butter,Ghee & Butter,Vegetable Ghee,2.0,kg,,,https://seoudisupermarket.com/en/crystal-white-vegetables-ghee-2-kg,In Stock,,2026-09-14 18:52:20.688400
61,Seoudi Supermarket,Ganna Newzealand Vegan Ghee,Ganna,91.95,,EGP,Ghee & Butter,Ghee & Butter,Vegetable Ghee,700.0,g,,,https://seoudisupermarket.com/en/ganna-newzealand-vegan-ghee-700-g,In Stock,,2026-09-14 18:52:20.689398
62,Seoudi Supermarket,Ganna Newzealand Vegan Ghee,Ganna,175.45,181,EGP,Ghee & Butter,Ghee & Butter,Vegetable Ghee,1.5,kg,- 3%,,https://seoudisupermarket.com/en/ganna-newzealand-vegan-ghee-1-5-kg,In Stock,,2026-09-14 18:52:20.690401
63,Seoudi Supermarket,Crystal Golden Vegetable Ghee,Crystal,91.95,,EGP,Ghee & Butter,Ghee & Butter,Vegetable Ghee,700.0,g,,,https://seoudisupermarket.com/en/crystal-golden-vegetable-ghee-700-g,In Stock,,2026-09-14 18:52:20.691401
64,Seoudi Supermarket,Crystal White Vegetable Ghee,Crystal,91.95,,EGP,Ghee & Butter,Ghee & Butter,Vegetable Ghee,700.0,g,,,https://seoudisupermarket.com/en/crystal-white-vegetable-ghee-700-g,In Stock,,2026-09-14 18:52:20.692397
65,Seoudi Supermarket,El Hanim Vegetable Ghee,"El Hanim ",173.95,,EGP,Ghee & Butter,Ghee & Butter,Vegetable Ghee,1.5,kg,,,https://seoudisupermarket.com/en/el-hanim-vegetable-ghee-1-5-kg,In Stock,,2026-09-14 18:52:20.693399
66,Seoudi Supermarket,El Hanim Vegetable Ghee,"El Hanim ",84.95,,EGP,Ghee & Butter,Ghee & Butter,Vegetable Ghee,650.0,g,,,https://seoudisupermarket.com/en/el-hanim-vegetable-ghee-650-g,In Stock,,2026-09-14 18:52:20.695399
67,Seoudi Supermarket,Ganna Vegetable Ghee,Ganna,175.45,181,EGP,Ghee & Butter,Ghee & Butter,Vegetable Ghee,1.5,kg,- 3%,,https://seoudisupermarket.com/en/ganna-vegetable-ghee-1-5-kg,In Stock,,2026-09-14 18:52:20.697406
68,Seoudi Supermarket,Rawaby Vegetable Ghee,Rawaby,175.45,181,EGP,Ghee & Butter,Ghee & Butter,Vegetable Ghee,1.5,kg,- 3%,,https://seoudisupermarket.com/en/rawaby-vegetable-ghee-1-5-kg,In Stock,,2026-09-14 18:52:20.698399
69,Seoudi Supermarket,Rawaby Vegetable Ghee with Cream,Rawaby,175.45,181,EGP,Ghee & Butter,Ghee & Butter,Vegetable Ghee,1.5,Kg,- 3%,,https://seoudisupermarket.com/en/rawaby-vegetable-ghee-with-cream-1-5-kg,In Stock,,2026-09-14 18:52:20.700398
70,Seoudi Supermarket,Rawaby Vegetable Ghee with Cream,Rawaby,91.95,,EGP,Ghee & Butter,Ghee & Butter,Vegetable Ghee,700.0,g,,,https://seoudisupermarket.com/en/rawaby-vegetable-ghee-with-cream-700-g,In Stock,,2026-09-14 18:52:20.701398
71,Seoudi Supermarket,Kout El Qoloob White Ghee,Kout El Qoloob,159.45,,EGP,Ghee & Butter,Ghee & Butter,Vegetable Ghee,1.45,kg,,,https://seoudisupermarket.com/en/kout-el-qoloob-white-ghee-1-45-kg,In Stock,,2026-09-14 18:52:20.702397
72,Seoudi Supermarket,Ganna Vegetable Ghee,Ganna,91.95,,EGP,Ghee & Butter,Ghee & Butter,Vegetable Ghee,700.0,g,,,https://seoudisupermarket.com/en/ganna-vegetable-ghee-700-g-express,In Stock,,2026-09-14 18:52:20.704397
73,Seoudi Supermarket,Rawaby Vegtable Ghee,Rawaby,91.95,,EGP,Ghee & Butter,Ghee & Butter,Vegetable Ghee,700.0,g,,,https://seoudisupermarket.com/en/rawaby-vegtable-ghee-700-g,In Stock,,2026-09-14 18:52:20.705397
74,Seoudi Supermarket,Koot El Kloob Vegetable Ghee,Kout El Qoloob,159.25,,EGP,Ghee & Butter,Ghee & Butter,Vegetable Ghee,1.45,kg,,,https://seoudisupermarket.com/en/koot-el-kloob-vegetable-ghee-1-45-kg,In Stock,,2026-09-14 18:52:20.707402
75,Seoudi Supermarket,Kout El Qoloob Ghee,Kout El Qoloob,76.95,,EGP,Ghee & Butter,Ghee & Butter,Vegetable Ghee,650.0,g,,,https://seoudisupermarket.com/en/kout-el-qoloob-ghee-650-g,In Stock,,2026-09-14 18:52:20.708399
76,Seoudi Supermarket,Fern Mixed Butter - 1 kg + Box,Fern,162.95,,EGP,Ghee & Butter,Ghee & Butter,Vegetable Ghee,1.0,kg,,,https://seoudisupermarket.com/en/fern-mixed-butter-1-kg-box,Out of Stock,,2026-09-14 18:52:20.709399
77,Seoudi Supermarket,Ganna Butter Mix for Cooking & Pastry,Ganna,139.95,,EGP,Ghee & Butter,Ghee & Butter,Vegetable Ghee,1.0,kg,,,https://seoudisupermarket.com/en/ganna-butter-mix-for-cooking-pastry-1-kg,Out of Stock,,2026-09-14 18:52:20.710402
78,Seoudi Supermarket,Crisco Butter Flavor No Stick Spray,Crisco,484.95,,EGP,Ghee & Butter,Ghee & Butter,Vegetable Ghee,170.0,g,,,https://seoudisupermarket.com/en/crisco-butter-flavor-no-stick-spray-170-g,Out of Stock,,2026-09-14 18:52:20.711397
79,Seoudi Supermarket,Pam Baking Spray,Pam,389.45,,EGP,Ghee & Butter,Ghee & Butter,Vegetable Ghee,141.0,g,,,https://seoudisupermarket.com/en/pam-baking-spray-141-g,Out of Stock,,2026-09-14 18:52:20.712396
80,Seoudi Supermarket,Crystal Mixed Butter,Crystal,139.95,,EGP,Ghee & Butter,Ghee & Butter,Vegetable Ghee,1.0,kg,,,https://seoudisupermarket.com/en/crystal-mixed-butter-1-kg,Out of Stock,,2026-09-14 18:52:20.713414
81,Seoudi Supermarket,Kout El Qoloob Vegetable Ghee,Kout El Qoloob,42.75,,EGP,Ghee & Butter,Ghee & Butter,Vegetable Ghee,350.0,g,,,https://seoudisupermarket.com/en/kout-el-qoloob-vegetable-ghee-350-g,Out of Stock,,2026-09-14 18:52:20.714398
82,Seoudi Supermarket,Swiss Yellow Butter,,127.5,147,EGP,Ghee & Butter,Ghee & Butter,Yellow Butter,0.3,Kg,- 13%,,https://seoudisupermarket.com/en/swiss-yellow-butter,In Stock,,2026-09-14 18:52:31.691352
83,Seoudi Supermarket,Rotana Unsalted Butter,"Rotana ",104.95,,EGP,Ghee & Butter,Ghee & Butter,Yellow Butter,100.0,g,,,https://seoudisupermarket.com/en/rotana-unsalted-butter-100-g,In Stock,,2026-09-14 18:52:31.692353
84,Seoudi Supermarket,Almarai Unsalted Butter,Almarai,202.95,280,EGP,Ghee & Butter,Ghee & Butter,Yellow Butter,200.0,g,- 28%,,https://seoudisupermarket.com/en/almarai-unsalted-butter-200-g,In Stock,,2026-09-14 18:52:31.751363
85,Seoudi Supermarket,Isigny Salted Butter,Isigny,189,242,EGP,Ghee & Butter,Ghee & Butter,Yellow Butter,200.0,g,- 22%,,https://seoudisupermarket.com/en/isigny-salted-butter-200-g,In Stock,,2026-09-14 18:52:31.758354
86,Seoudi Supermarket,Dina Farms Natural Butter,Dina Farms,459.95,,EGP,Ghee & Butter,Ghee & Butter,Yellow Butter,900.0,g,,,https://seoudisupermarket.com/en/dina-farms-natural-butter-900-g,In Stock,,2026-09-14 18:52:31.759352
87,Seoudi Supermarket,New Zealand Yellow Butter,,142.5,,EGP,Ghee & Butter,Ghee & Butter,Yellow Butter,0.3,Kg,,,https://seoudisupermarket.com/en/%D8%B2%D8%A8%D8%AF%D8%A9-%D8%B5%D9%81%D8%B1%D8%A7%D8%A1-%D9%86%D9%8A%D9%88%D8%B2%D9%84%D8%A7%D9%86%D8%AF%D9%89-%D9%88%D8%B2%D9%86-2005461000000,In Stock,,2026-09-14 18:52:31.761350
88,Seoudi Supermarket,Asturiana Lactose Free Butter,Asturiana,405,,EGP,Ghee & Butter,Ghee & Butter,Yellow Butter,250.0,g,,,https://seoudisupermarket.com/en/central-lechera-asturiana-traditional-lactose-free-butter-250-g,Out of Stock,,2026-09-14 18:52:31.762350
89,Seoudi Supermarket,Asturiana Unsalted Butter,Asturiana,325,,EGP,Ghee & Butter,Ghee & Butter,Yellow Butter,250.0,g,,,https://seoudisupermarket.com/en/central-lechera-asturiana-traditional-unsalted-butter-250-g,Out of Stock,,2026-09-14 18:52:31.762350
90,Seoudi Supermarket,Anchor Unsalted Butter,Anchor,189.95,,EGP,Ghee & Butter,Ghee & Butter,Yellow Butter,180.0,g,,,https://seoudisupermarket.com/en/anchor-unsalted-butter-200-gm,Out of Stock,,2026-09-14 18:52:31.767350
91,Seoudi Supermarket,"Anchor Unsalted Butter ",Anchor,389.95,,EGP,Ghee & Butter,Ghee & Butter,Yellow Butter,380.0,g,,,https://seoudisupermarket.com/en/anchor-unsalted-butter-400-gm,Out of Stock,,2026-09-14 18:52:31.768349
92,Seoudi Supermarket,Uruguay Yellow Butter,,126,,EGP,Ghee & Butter,Ghee & Butter,Yellow Butter,0.3,Kg,,,https://seoudisupermarket.com/en/uruguay-yellow-butter,Out of Stock,,2026-09-14 18:52:31.769350
93,Seoudi Supermarket,Pam Cooking Butter Spray,Pam,464.95,,EGP,Ghee & Butter,Ghee & Butter,Yellow Butter,141.0,g,,,https://seoudisupermarket.com/en/pam-cooking-butter-spray-141-g,Out of Stock,,2026-09-14 18:52:31.770351
94,Seoudi Supermarket,Ireland Yellow Butter,"Ireland ",132,,EGP,Ghee & Butter,Ghee & Butter,Yellow Butter,0.3,Kg,,,https://seoudisupermarket.com/en/ireland-yellow-butter,Out of Stock,,2026-09-14 18:52:31.771349
06e3b59a-dc1b-47a3-9bc5-60f4b54760d9,Seoudi Supermarket,Lamar Lactose-Free Full Cream Milk,Lamar,30.75,,EGP,Fresh Milk,Milk,N/A,250,ml,,,https://seoudisupermarket.com/en/lamar-lactose-free-full-cream-milk-250-ml,In Stock,N/A,2026-09-14 18:16:32
06e3b59a-dc1b-47a3-9bc5-60f4b54760d9,Seoudi Supermarket,Miro Skimmed Milk Powder,Miro,9.95,,EGP,Powdered Milk,Milk,N/A,20,g,,,https://seoudisupermarket.com/en/miro-skimmed-milk-powder-20-g,In Stock,N/A,2026-09-14 18:16:32
06e3b59a-dc1b-47a3-9bc5-60f4b54760d9,Seoudi Supermarket,Miro Skimmed Milk Powder - Pack of 20 Sachets,Miro,189.95,,EGP,Powdered Milk,Milk,N/A,20,g,,,https://seoudisupermarket.com/en/miro-skimmed-milk-powder-20-g-pack-of-20-sachets,In Stock,N/A,2026-09-14 18:16:32
06e3b59a-dc1b-47a3-9bc5-60f4b54760d9,Seoudi Supermarket,Miro Full Cream Milk Powder - Pack of 20 Sachets,Miro,169.95,,EGP,Powdered Milk,Milk,N/A,15,g,,,https://seoudisupermarket.com/en/miro-full-cream-milk-powder-15-g-pack-of-20-sachets,In Stock,N/A,2026-09-14 18:16:32
06e3b59a-dc1b-47a3-9bc5-60f4b54760d9,Seoudi Supermarket,Miro Full Cream Milk Powder,Miro,159.95,,EGP,Powdered Milk,Milk,N/A,400,g,,,https://seoudisupermarket.com/en/miro-full-cream-milk-powder-400-g,In Stock,N/A,2026-09-14 18:16:32
06e3b59a-dc1b-47a3-9bc5-60f4b54760d9,Seoudi Supermarket,Miro Full Cream Milk Powder,Miro,8.95,,EGP,Powdered Milk,Milk,N/A,15,g,,,https://seoudisupermarket.com/en/miro-full-cream-milk-powder-15-g,In Stock,N/A,2026-09-14 18:16:32
06e3b59a-dc1b-47a3-9bc5-60f4b54760d9,Seoudi Supermarket,Abu Qus Lite Evaporated Milk,Abu Qus,79.95,,EGP,Evaporated Milk,Milk,N/A,170,ml,,,https://seoudisupermarket.com/en/abu-qus-lite-evaporated-milk-170-ml,In Stock,N/A,2026-09-14 18:16:32
06e3b59a-dc1b-47a3-9bc5-60f4b54760d9,Seoudi Supermarket,Almarai Yogo Pina Colada Flavored Yogurt Drink,Almarai,29.5,32.25,EGP,Yogurt Drink,Milk,N/A,425,g,9,,https://seoudisupermarket.com/en/almarai-yogo-pina-colada-flavored-yogurt-drink-425-g,In Stock,N/A,2026-09-14 18:16:32
06e3b59a-dc1b-47a3-9bc5-60f4b54760d9,Seoudi Supermarket,Almarai Yogo Pina Colada Flavored Yogurt Drink,Almarai,17.25,18.95,EGP,Yogurt Drink,Milk,N/A,220,g,9,,https://seoudisupermarket.com/en/almarai-yogo-pina-colada-flavored-yogurt-drink-220-g,In Stock,N/A,2026-09-14 18:16:32
06e3b59a-dc1b-47a3-9bc5-60f4b54760d9,Seoudi Supermarket,Almarai Treats Double Chocolate Milk,Almarai,14.95,,EGP,Flavored Milk,Milk,N/A,200,ml,,,https://seoudisupermarket.com/en/almarai-treats-chocolate-milk-200-ml,In Stock,N/A,2026-09-14 18:16:32
06e3b59a-dc1b-47a3-9bc5-60f4b54760d9,Seoudi Supermarket,Juhayna Lactose Free Full Cream Milk,Juhayna,64.95,,EGP,Fresh Milk,Milk,N/A,500,ml,,,https://seoudisupermarket.com/en/juhayna-lactose-free-full-cream-milk-500-ml,In Stock,N/A,2026-09-14 18:16:32
06e3b59a-dc1b-47a3-9bc5-60f4b54760d9,Seoudi Supermarket,Miro Skimmed Milk Powder,Miro,229.95,,EGP,Powdered Milk,Milk,N/A,700,g,,,https://seoudisupermarket.com/en/%D9%85%D9%8A%D8%B1%D9%88-%D9%84%D8%A8%D9%86-%D8%A8%D9%88%D8%AF%D8%B1%D8%A9-%D8%AE%D8%A7%D9%84%D9%89-%D8%A7%D9%84%D8%AF%D8%B3%D9%85700%D8%AC%D9%85,In Stock,N/A,2026-09-14 18:16:32
06e3b59a-dc1b-47a3-9bc5-60f4b54760d9,Seoudi Supermarket,Juhayna N&G Barista Coconut Milk,Juhayna,149.95,,EGP,Plant-Based Milk,Milk,N/A,1,L,,,https://seoudisupermarket.com/en/juhayna-barista-coconut-milk-1-liter,In Stock,N/A,2026-09-14 18:16:32
06e3b59a-dc1b-47a3-9bc5-60f4b54760d9,Seoudi Supermarket,Juhayna N&G Barista Almond Milk,Juhayna,79.95,,EGP,Plant-Based Milk,Milk,N/A,500,ml,,,https://seoudisupermarket.com/en/juhayna-barista-almond-milk-500-ml,In Stock,N/A,2026-09-14 18:16:32
06e3b59a-dc1b-47a3-9bc5-60f4b54760d9,Seoudi Supermarket,Juhayna N&G Barista Oat Milk,Juhayna,79.95,,EGP,Plant-Based Milk,Milk,N/A,500,ml,,,https://seoudisupermarket.com/en/juhayna-barista-oat-milk-500-ml,In Stock,N/A,2026-09-14 18:16:32
06e3b59a-dc1b-47a3-9bc5-60f4b54760d9,Seoudi Supermarket,Abu Qous Adani Evaporated Milk,Abu Qus,79.95,,EGP,Evaporated Milk,Milk,N/A,170,ml,,,https://seoudisupermarket.com/en/abu-qous-adani-evaporated-milk-170-ml,In Stock,N/A,2026-09-14 18:16:32
06e3b59a-dc1b-47a3-9bc5-60f4b54760d9,Seoudi Supermarket,Almarai Full Cream Milk - Pack of 6,Almarai,314.95,,EGP,Fresh Milk,Milk,N/A,1,L,,,https://seoudisupermarket.com/en/almarai-full-cream-milk-1-liter-6-pieces,In Stock,N/A,2026-09-14 18:16:32
06e3b59a-dc1b-47a3-9bc5-60f4b54760d9,Seoudi Supermarket,Ezbetna Skimmed Buffalo Milk,Ezbetna,79.95,,EGP,Fresh Milk,Milk,N/A,1,L,,,https://seoudisupermarket.com/en/ezbetna-skimmed-buffalo-milk-1-liter,In Stock,N/A,2026-09-14 18:16:32
06e3b59a-dc1b-47a3-9bc5-60f4b54760d9,Seoudi Supermarket,Ezbetna Full Cream Buffalo Milk,Ezbetna,79.95,,EGP,Fresh Milk,Milk,N/A,1,L,,,https://seoudisupermarket.com/en/ezbetna-full-cream-buffalo-milk-1-liter,In Stock,N/A,2026-09-14 18:16:32
06e3b59a-dc1b-47a3-9bc5-60f4b54760d9,Seoudi Supermarket,The Milkman Lactose Free Skimmed Milk,The Milkman,97.5,,EGP,Fresh Milk,Milk,N/A,850,ml,,,https://seoudisupermarket.com/en/the-milkman-lactose-free-milk-850ml,In Stock,N/A,2026-09-14 18:16:32
06e3b59a-dc1b-47a3-9bc5-60f4b54760d9,Seoudi Supermarket,Reefy Lactose Free Skimmed Milk,Reefy,84.95,,EGP,Fresh Milk,Milk,N/A,850,ml,,,https://seoudisupermarket.com/en/reefy-lactose-free-skimmed-milk-850-ml,In Stock,N/A,2026-09-14 18:16:32
06e3b59a-dc1b-47a3-9bc5-60f4b54760d9,Seoudi Supermarket,The Milkman Full Cream Milk,The Milkman,49.95,57.75,EGP,Fresh Milk,Milk,N/A,1,L,14,,https://seoudisupermarket.com/en/the-milkman-full-cream-milk-1-liter,In Stock,N/A,2026-09-14 18:16:32
06e3b59a-dc1b-47a3-9bc5-60f4b54760d9,Seoudi Supermarket,The Milkman Skimmed Milk,The Milkman,49.95,57.75,EGP,Fresh Milk,Milk,N/A,1,L,14,,https://seoudisupermarket.com/en/the-milkman-skimmed-milk-1-liter,In Stock,N/A,2026-09-14 18:16:32
06e3b59a-dc1b-47a3-9bc5-60f4b54760d9,Seoudi Supermarket,Juhayna N&G Unsweetened Coconut Milk,Juhayna,149.95,,EGP,Plant-Based Milk,Milk,N/A,1,L,,,https://seoudisupermarket.com/en/juhayna-coconut-milk-1-liter,In Stock,N/A,2026-09-14 18:16:32
06e3b59a-dc1b-47a3-9bc5-60f4b54760d9,Seoudi Supermarket,Juhayna Lactose Free Milk,Juhayna,109.95,,EGP,Fresh Milk,Milk,N/A,1,L,,,https://seoudisupermarket.com/en/juhayna-lactose-free-milk-1-liter,In Stock,N/A,2026-09-14 18:16:32
06e3b59a-dc1b-47a3-9bc5-60f4b54760d9,Seoudi Supermarket,Gro Almond Milk Chocolate,Gro,159.95,,EGP,Plant-Based Milk,Milk,N/A,1,L,,,https://seoudisupermarket.com/en/gro-almond-milk-chocolate-1-liter,In Stock,N/A,2026-09-14 18:16:32
06e3b59a-dc1b-47a3-9bc5-60f4b54760d9,Seoudi Supermarket,Dina Farms Skimmed Milk,Dina Farms,54.5,,EGP,Fresh Milk,Milk,N/A,850,ml,,,https://seoudisupermarket.com/en/dina-farms-skimmed-milk-850-ml,In Stock,N/A,2026-09-14 18:16:32
06e3b59a-dc1b-47a3-9bc5-60f4b54760d9,Seoudi Supermarket,Juhayna Lactose Free Skimmed Milk,Juhayna,109.95,,EGP,Fresh Milk,Milk,N/A,1,L,,,https://seoudisupermarket.com/en/juhayna-lactose-free-skimmed-milk-1-liter,In Stock,N/A,2026-09-14 18:16:32
06e3b59a-dc1b-47a3-9bc5-60f4b54760d9,Seoudi Supermarket,Lamar Full Cream Milk,Lamar,48.95,56.75,EGP,Fresh Milk,Milk,N/A,1,L,14,,https://seoudisupermarket.com/en/lamar-full-cream-milk-1-liter,In Stock,N/A,2026-09-14 18:16:32
06e3b59a-dc1b-47a3-9bc5-60f4b54760d9,Seoudi Supermarket,Almarai Full Cream Milk,Almarai,53.45,55.95,EGP,Fresh Milk,Milk,N/A,1,L,4,,https://seoudisupermarket.com/en/%D8%A7%D9%84%D9%85%D8%B1%D8%A7%D8%B9%D9%8A-%D9%84%D8%A8%D9%86-%D9%83%D8%A7%D9%85%D9%84-%D8%A7%D9%84%D8%AF%D8%B3%D9%85%D8%8C-%D8%B2%D8%AC%D8%A7%D8%AC%D8%A9-%D8%A8%D9%84%D8%A7%D8%B3%D8%AA%D9%8A%D9%83-1-%D9%84%D8%AA%D8%B1,In Stock,N/A,2026-09-14 18:16:32
06e3b59a-dc1b-47a3-9bc5-60f4b54760d9,Seoudi Supermarket,Lamar Skimmed Milk,Lamar,48.95,56.75,EGP,Fresh Milk,Milk,N/A,1,L,14,,https://seoudisupermarket.com/en/lamar-skimmed-milk-1-liter,In Stock,N/A,2026-09-14 18:16:32
06e3b59a-dc1b-47a3-9bc5-60f4b54760d9,Seoudi Supermarket,Almarai Full Cream Milk,Almarai,78.45,,EGP,Fresh Milk,Milk,N/A,1.5,L,,,https://seoudisupermarket.com/en/almarai-full-cream-milk-1-5-liter,In Stock,N/A,2026-09-14 18:16:32
06e3b59a-dc1b-47a3-9bc5-60f4b54760d9,Seoudi Supermarket,Juhayna Full Cream Milk,Juhayna,77.95,,EGP,Fresh Milk,Milk,N/A,1.5,L,,,https://seoudisupermarket.com/en/juhayna-full-cream-milk-1-5-liter,In Stock,N/A,2026-09-14 18:16:32
06e3b59a-dc1b-47a3-9bc5-60f4b54760d9,Seoudi Supermarket,Lamar Half Cream Milk,Lamar,48.95,56.75,EGP,Fresh Milk,Milk,N/A,1,L,14,,https://seoudisupermarket.com/en/lamar-half-cream-milk-1-liter,In Stock,N/A,2026-09-14 18:16:32
06e3b59a-dc1b-47a3-9bc5-60f4b54760d9,Seoudi Supermarket,Juhayna Full Cream Milk,Juhayna,55.45,,EGP,Fresh Milk,Milk,N/A,1,L,,,https://seoudisupermarket.com/en/%D8%AC%D9%87%D9%8A%D9%86%D9%87-%D9%84%D8%A8%D9%86-%D9%83%D8%A7%D9%85%D9%84-%D8%A7%D9%84%D8%AF%D8%B3%D9%85-1-%D9%84%D8%AA%D8%B1,In Stock,N/A,2026-09-14 18:16:32
06e3b59a-dc1b-47a3-9bc5-60f4b54760d9,Seoudi Supermarket,Nestle Condensed Milk,Nestle,114.75,,EGP,Condensed Milk,Milk,N/A,370,g,,,https://seoudisupermarket.com/en/nestle-condensed-milk-370-g,In Stock,N/A,2026-09-14 18:16:32
06e3b59a-dc1b-47a3-9bc5-60f4b54760d9,Seoudi Supermarket,Almarai Full Cream Milk,Almarai,52.45,55.95,EGP,Fresh Milk,Milk,N/A,1,L,6,,https://seoudisupermarket.com/en/almarai-full-cream-milk-1-liter,In Stock,N/A,2026-09-14 18:16:32
06e3b59a-dc1b-47a3-9bc5-60f4b54760d9,Seoudi Supermarket,Zumra Cococnut Milk 13%,Zumra,106.75,,EGP,Fresh Milk,Milk,N/A,400,ml,,,https://seoudisupermarket.com/en/zumra-cococnut-milk-13-400-ml,In Stock,N/A,2026-09-14 18:16:32
06e3b59a-dc1b-47a3-9bc5-60f4b54760d9,Seoudi Supermarket,Reefy Fresh Milk Full Cream,Reefy,53.5,57.95,EGP,Fresh Milk,Milk,N/A,850,ml,8,,https://seoudisupermarket.com/en/reefy-fresh-milk-full-cream-850-ml,In Stock,N/A,2026-09-14 18:16:32
06e3b59a-dc1b-47a3-9bc5-60f4b54760d9,Seoudi Supermarket,Dina Farms Full Cream Milk,Dina Farms,54.5,,EGP,Fresh Milk,Milk,N/A,850,ml,,,https://seoudisupermarket.com/en/dina-farms-full-cream-milk-850-ml,In Stock,N/A,2026-09-14 18:16:32
06e3b59a-dc1b-47a3-9bc5-60f4b54760d9,Seoudi Supermarket,Nido El Assassy Powdered Milk,Nido,169.95,,EGP,Powdered Milk,Milk,N/A,500,g,,,https://seoudisupermarket.com/en/nido-fortified-rich-in-fiber-powdered-milk-500-g,In Stock,N/A,2026-09-14 18:16:32
06e3b59a-dc1b-47a3-9bc5-60f4b54760d9,Seoudi Supermarket,Almarai Lemon Mint Flavored Rayeb Milk,Almarai,29.5,32.5,EGP,Yogurt Drink,Milk,N/A,425,ml,9,,https://seoudisupermarket.com/en/almarai-lemon-mint-flavored-rayeb-milk-425-ml,In Stock,N/A,2026-09-14 18:16:32
06e3b59a-dc1b-47a3-9bc5-60f4b54760d9,Seoudi Supermarket,Almarai Lemon Mint Flavored Rayeb Milk,Almarai,17.25,18.95,EGP,Yogurt Drink,Milk,N/A,220,ml,9,,https://seoudisupermarket.com/en/almarai-lemon-mint-flavored-rayeb-milk-220-ml,In Stock,N/A,2026-09-14 18:16:32
06e3b59a-dc1b-47a3-9bc5-60f4b54760d9,Seoudi Supermarket,Danone Dango Banana Flavored Milk,Danone,11.75,13.95,EGP,Flavored Milk,Milk,N/A,200,ml,16,,https://seoudisupermarket.com/en/danone-dango-banana-flavored-milk-200-ml,In Stock,N/A,2026-09-14 18:16:32
06e3b59a-dc1b-47a3-9bc5-60f4b54760d9,Seoudi Supermarket,Danone Dango Strawberry Flavored Milk,Danone,11.75,13.95,EGP,Flavored Milk,Milk,N/A,200,ml,16,,https://seoudisupermarket.com/en/danone-dango-strawberry-flavored-milk-200-ml,In Stock,N/A,2026-09-14 18:16:32
06e3b59a-dc1b-47a3-9bc5-60f4b54760d9,Seoudi Supermarket,Danone Dango Chocolate Milk,Danone,11.75,13.95,EGP,Flavored Milk,Milk,N/A,200,ml,16,,https://seoudisupermarket.com/en/danone-dango-chocolate-milk-200-ml,In Stock,N/A,2026-09-14 18:16:32
06e3b59a-dc1b-47a3-9bc5-60f4b54760d9,Seoudi Supermarket,Almarai Skimmed Milk,Almarai,13.45,,EGP,Fresh Milk,Milk,N/A,200,ml,,,https://seoudisupermarket.com/en/almarai-skimmed-milk-200-ml,In Stock,N/A,2026-09-14 18:16:32
06e3b59a-dc1b-47a3-9bc5-60f4b54760d9,Seoudi Supermarket,Milky Way Milk Drink,Milky Way,139.95,,EGP,Fresh Milk,Milk,N/A,250,ml,,,https://seoudisupermarket.com/en/milky-way-chocolate-drink-250-ml,In Stock,N/A,2026-09-14 18:16:32
06e3b59a-dc1b-47a3-9bc5-60f4b54760d9,Seoudi Supermarket,Mars Chocolate Milk Drink,Mars,139.95,,EGP,Flavored Milk,Milk,N/A,250,ml,,,https://seoudisupermarket.com/en/mars-chocolate-milk-drink-250-ml,In Stock,N/A,2026-09-14 18:16:32
06e3b59a-dc1b-47a3-9bc5-60f4b54760d9,Seoudi Supermarket,Almarai Full Cream Milk - 4 Pieces,Almarai,287.75,,EGP,Fresh Milk,Milk,N/A,1.5,L,,,https://seoudisupermarket.com/en/almarai-full-cream-milk-1-5-liters-4-pieces,In Stock,N/A,2026-09-14 18:16:32
06e3b59a-dc1b-47a3-9bc5-60f4b54760d9,Seoudi Supermarket,American Garden Coconut Milk,American Garden,116.95,,EGP,Plant-Based Milk,Milk,N/A,400,ml,,,https://seoudisupermarket.com/en/american-garden-coconut-milk-400-ml,In Stock,N/A,2026-09-14 18:16:32
06e3b59a-dc1b-47a3-9bc5-60f4b54760d9,Seoudi Supermarket,Miro Full Cream Powdered Milk,Miro,104.95,,EGP,Powdered Milk,Milk,N/A,250,g,,,https://seoudisupermarket.com/en/miro-full-cream-powdered-milk-250-g,In Stock,N/A,2026-09-14 18:16:32
06e3b59a-dc1b-47a3-9bc5-60f4b54760d9,Seoudi Supermarket,Nido Fiber Powdered Milk,Nido,207.75,229.95,EGP,Powdered Milk,Milk,N/A,500,g,10,,https://seoudisupermarket.com/en/nido-fiber-powdered-milk-500-g,In Stock,N/A,2026-09-14 18:16:32
06e3b59a-dc1b-47a3-9bc5-60f4b54760d9,Seoudi Supermarket,Bestow Evaporated Milk,Bestow,44.95,,EGP,Evaporated Milk,Milk,N/A,170,g,,,https://seoudisupermarket.com/en/bestow-evaporated-milk-170-g,In Stock,N/A,2026-09-14 18:16:32
06e3b59a-dc1b-47a3-9bc5-60f4b54760d9,Seoudi Supermarket,Obour Land Full Cream Milk,Obour Land,46.45,49.95,EGP,Fresh Milk,Milk,N/A,1,L,7,,https://seoudisupermarket.com/en/obour-land-full-cream-milk-1-liter,In Stock,N/A,2026-09-14 18:16:32
06e3b59a-dc1b-47a3-9bc5-60f4b54760d9,Seoudi Supermarket,Bekhero Full Cream Milk,Bekhero,44.95,,EGP,Fresh Milk,Milk,N/A,1,L,,,https://seoudisupermarket.com/en/bekhero-full-cream-milk-1-liter,In Stock,N/A,2026-09-14 18:16:32
06e3b59a-dc1b-47a3-9bc5-60f4b54760d9,Seoudi Supermarket,"Juhayna Full Cream Milk, , Pack of 6 - Discount%",Juhayna,322.75,,EGP,Fresh Milk,Milk,N/A,1,L,,,https://seoudisupermarket.com/en/juhayna-full-cream-milk-1-liter-pack-of-6-discount,In Stock,N/A,2026-09-14 18:16:32
06e3b59a-dc1b-47a3-9bc5-60f4b54760d9,Seoudi Supermarket,Almarai Full Cream Milk  - Pack of 4,Almarai,203.95,,EGP,Fresh Milk,Milk,N/A,1,L,,,https://seoudisupermarket.com/en/almarai-full-cream-milk-1-liter-pack-of-4,In Stock,N/A,2026-09-14 18:16:32
06e3b59a-dc1b-47a3-9bc5-60f4b54760d9,Seoudi Supermarket,Almarai Skimmed Milk,Almarai,53.45,55.95,EGP,Fresh Milk,Milk,N/A,1,L,4,,https://seoudisupermarket.com/en/%D8%A7%D9%84%D9%85%D8%B1%D8%A7%D8%B9%D9%8A-%D9%84%D8%A8%D9%86-%D8%AE%D8%A7%D9%84%D9%8A-%D8%A7%D9%84%D8%AF%D8%B3%D9%85%D8%8C-%D8%B2%D8%AC%D8%A7%D8%AC%D8%A9-%D8%A8%D9%84%D8%A7%D8%B3%D8%AA%D8%A8%D9%83-1-%D9%84%D8%AA%D8%B1,In Stock,N/A,2026-09-14 18:16:32
06e3b59a-dc1b-47a3-9bc5-60f4b54760d9,Seoudi Supermarket,Almarai Skimmed Milk,Almarai,52.45,55.95,EGP,Fresh Milk,Milk,N/A,1,L,6,,https://seoudisupermarket.com/en/almarai-skimmed-milk-1-liter,In Stock,N/A,2026-09-14 18:16:32
06e3b59a-dc1b-47a3-9bc5-60f4b54760d9,Seoudi Supermarket,Almarai Half Cream Milk,Almarai,53.45,55.95,EGP,Fresh Milk,Milk,N/A,1,L,4,,https://seoudisupermarket.com/en/almarai-half-cream-milk-1-liter,In Stock,N/A,2026-09-14 18:16:32
06e3b59a-dc1b-47a3-9bc5-60f4b54760d9,Seoudi Supermarket,Bekhero Full Cream Milk,Bekhero,23.95,,EGP,Fresh Milk,Milk,N/A,500,ml,,,https://seoudisupermarket.com/en/bekhero-full-cream-milk-500-ml,In Stock,N/A,2026-09-14 18:16:32
06e3b59a-dc1b-47a3-9bc5-60f4b54760d9,Seoudi Supermarket,"Almarai Chocolate Milk, , 6 Pieces",Almarai,74.45,,EGP,Flavored Milk,Milk,N/A,200,ml,,,https://seoudisupermarket.com/en/almarai-chocolate-milk-200-ml-6-pieces-discount,In Stock,N/A,2026-09-14 18:16:32
06e3b59a-dc1b-47a3-9bc5-60f4b54760d9,Seoudi Supermarket,Juhayna Skimmed Milk,Juhayna,55.45,,EGP,Fresh Milk,Milk,N/A,1,L,,,https://seoudisupermarket.com/en/juhayna-skimmed-milk-1-liter,In Stock,N/A,2026-09-14 18:16:32
06e3b59a-dc1b-47a3-9bc5-60f4b54760d9,Seoudi Supermarket,Juhayna Full Cream Milk,Juhayna,12.75,,EGP,Fresh Milk,Milk,N/A,200,ml,,,https://seoudisupermarket.com/en/juhayna-full-cream-milk-200-ml,In Stock,N/A,2026-09-14 18:16:32
06e3b59a-dc1b-47a3-9bc5-60f4b54760d9,Seoudi Supermarket,Juhayna Half Cream Milk,Juhayna,55.45,,EGP,Fresh Milk,Milk,N/A,1,L,,,https://seoudisupermarket.com/en/juhayna-half-cream-milk-1-liter,In Stock,N/A,2026-09-14 18:16:32
06e3b59a-dc1b-47a3-9bc5-60f4b54760d9,Seoudi Supermarket,Almarai Half Cream Milk,Almarai,52.45,55.95,EGP,Fresh Milk,Milk,N/A,1,L,6,,https://seoudisupermarket.com/en/%D8%A7%D9%84%D9%85%D8%B1%D8%A7%D8%B9%D9%8A-%D9%84%D8%A8%D9%86-%D9%86%D8%B5%D9%81-%D8%AF%D8%B3%D9%85-1-%D9%84%D8%AA%D8%B1,In Stock,N/A,2026-09-14 18:16:32
06e3b59a-dc1b-47a3-9bc5-60f4b54760d9,Seoudi Supermarket,Juhayna mix Strawberry Milk,Juhayna,12.95,,EGP,Flavored Milk,Milk,N/A,200,ml,,,https://seoudisupermarket.com/en/juhayna-mix-strawberry-milk-200-ml,In Stock,N/A,2026-09-14 18:16:32
06e3b59a-dc1b-47a3-9bc5-60f4b54760d9,Seoudi Supermarket,Juhayna Mix Low Sugar Chocolate Milk,Juhayna,12.95,,EGP,Flavored Milk,Milk,N/A,200,ml,,,https://seoudisupermarket.com/en/juhayna-mix-low-sugar-chocolate-milk-200-ml,In Stock,N/A,2026-09-14 18:16:32
06e3b59a-dc1b-47a3-9bc5-60f4b54760d9,Seoudi Supermarket,Juhayna Mix Vanilla Flavored Milk,Juhayna,12.95,,EGP,Flavored Milk,Milk,N/A,200,ml,,,https://seoudisupermarket.com/en/juhayna-mix-vanilla-flavored-milk-200-ml,In Stock,N/A,2026-09-14 18:16:32
06e3b59a-dc1b-47a3-9bc5-60f4b54760d9,Seoudi Supermarket,Almarai Skimmed Milk,Almarai,78.45,,EGP,Fresh Milk,Milk,N/A,1.5,L,,,https://seoudisupermarket.com/en/almarai-skimmed-milk-1-5-liter,In Stock,N/A,2026-09-14 18:16:32
06e3b59a-dc1b-47a3-9bc5-60f4b54760d9,Seoudi Supermarket,Juhayna Skimmed Milk,Juhayna,77.95,,EGP,Fresh Milk,Milk,N/A,1.5,L,,,https://seoudisupermarket.com/en/juhayna-skimmed-milk-1-5-liter,In Stock,N/A,2026-09-14 18:16:32
06e3b59a-dc1b-47a3-9bc5-60f4b54760d9,Seoudi Supermarket,Miro Full Cream Powder Milk,Miro,269.95,,EGP,Powdered Milk,Milk,N/A,700,g,,,https://seoudisupermarket.com/en/miro-full-cream-powder-milk-700-g,In Stock,N/A,2026-09-14 18:16:32
06e3b59a-dc1b-47a3-9bc5-60f4b54760d9,Seoudi Supermarket,"Juhayna Half Cream Milk, , Pack of 6",Juhayna,322.75,,EGP,Fresh Milk,Milk,N/A,1,L,,,https://seoudisupermarket.com/en/%D8%AC%D9%87%D9%8A%D9%86%D9%87-%D9%84%D8%A8%D9%86-%D9%86%D8%B5%D9%81-%D8%AF%D8%B3%D9%85%D8%8C-1-%D9%84%D8%AA%D8%B1-%D8%B9%D8%A8%D9%88%D8%A9-%D9%85%D9%86-6-%D9%82%D8%B7%D8%B9,In Stock,N/A,2026-09-14 18:16:32
06e3b59a-dc1b-47a3-9bc5-60f4b54760d9,Seoudi Supermarket,Lamar Milk 0% Fat,Lamar,48.95,56.75,EGP,Fresh Milk,Milk,N/A,1,L,14,,https://seoudisupermarket.com/en/lamar-milk-0-fat-1-liter,In Stock,N/A,2026-09-14 18:16:32
06e3b59a-dc1b-47a3-9bc5-60f4b54760d9,Seoudi Supermarket,Almarai Strawberry Milk,Almarai,13.45,,EGP,Flavored Milk,Milk,N/A,200,ml,,,https://seoudisupermarket.com/en/almarai-strawberry-milk-200-ml,In Stock,N/A,2026-09-14 18:16:32
06e3b59a-dc1b-47a3-9bc5-60f4b54760d9,Seoudi Supermarket,Juhayna mix Banana Milk,Juhayna,12.95,,EGP,Flavored Milk,Milk,N/A,200,ml,,,https://seoudisupermarket.com/en/juhayna-mix-banana-milk-200-ml,In Stock,N/A,2026-09-14 18:16:32
06e3b59a-dc1b-47a3-9bc5-60f4b54760d9,Seoudi Supermarket,Juhayna Mix Caramel Flavored Milk,Juhayna,12.95,,EGP,Flavored Milk,Milk,N/A,200,ml,,,https://seoudisupermarket.com/en/juhayna-mix-caramel-flavored-milk-200-ml,In Stock,N/A,2026-09-14 18:16:32
06e3b59a-dc1b-47a3-9bc5-60f4b54760d9,Seoudi Supermarket,"Lamar Lactose Free Milk, Full Cream",Lamar,104.95,,EGP,Fresh Milk,Milk,N/A,1,L,,,https://seoudisupermarket.com/en/lamar-lactose-free-milk-full-cream-1-liter,In Stock,N/A,2026-09-14 18:16:32
06e3b59a-dc1b-47a3-9bc5-60f4b54760d9,Seoudi Supermarket,Juhayna Zero Fat Milk,Juhayna,55.45,,EGP,Fresh Milk,Milk,N/A,1,L,,,https://seoudisupermarket.com/en/juhayna-zero-fat-milk-1-liter,In Stock,N/A,2026-09-14 18:16:32
06e3b59a-dc1b-47a3-9bc5-60f4b54760d9,Seoudi Supermarket,"Juhayna Skimmed Milk, , Pack of 6 - Discount%",Juhayna,322.75,,EGP,Fresh Milk,Milk,N/A,1,L,,,https://seoudisupermarket.com/en/%D8%AC%D9%87%D9%8A%D9%86%D9%87-%D9%84%D8%A8%D9%86-%D8%AE%D8%A7%D9%84%D9%8A-%D8%A7%D9%84%D8%AF%D8%B3%D9%85%D8%8C-1-%D9%84%D8%AA%D8%B1%D8%8C-%D8%B9%D8%A8%D9%88%D8%A9-%D9%85%D9%86-6-%D8%AE%D8%B5%D9%85,In Stock,N/A,2026-09-14 18:16:32
06e3b59a-dc1b-47a3-9bc5-60f4b54760d9,Seoudi Supermarket,Miro Powdered Full Cream Milk,Miro,109.95,,EGP,Powdered Milk,Milk,N/A,250,g,,,https://seoudisupermarket.com/en/miro-powdered-full-cream-milk-250-g,In Stock,N/A,2026-09-14 18:16:32
06e3b59a-dc1b-47a3-9bc5-60f4b54760d9,Seoudi Supermarket,"Lamar Lactose Free Milk, Skimmed",Lamar,104.95,,EGP,Fresh Milk,Milk,N/A,1,L,,,https://seoudisupermarket.com/en/lamar-lactose-free-milk-skimmed-1-liter,In Stock,N/A,2026-09-14 18:16:32
06e3b59a-dc1b-47a3-9bc5-60f4b54760d9,Seoudi Supermarket,Alpro Coconut Milk for Coffe,Alpro,224.95,,EGP,Plant-Based Milk,Milk,N/A,1,L,,,https://seoudisupermarket.com/en/alpro-coconut-milk-for-coffe-1-liter,In Stock,N/A,2026-09-14 18:16:32
06e3b59a-dc1b-47a3-9bc5-60f4b54760d9,Seoudi Supermarket,Lamar Skimmed Milk,Lamar,12.75,,EGP,Fresh Milk,Milk,N/A,200,ml,,,https://seoudisupermarket.com/en/lamar-skimmed-milk-200-ml,In Stock,N/A,2026-09-14 18:16:32
06e3b59a-dc1b-47a3-9bc5-60f4b54760d9,Seoudi Supermarket,Obour Land Skimmed Milk,Obour Land,46.45,49.95,EGP,Fresh Milk,Milk,N/A,1,L,7,,https://seoudisupermarket.com/en/obour-land-skimmed-milk-1-liter,In Stock,N/A,2026-09-14 18:16:32
06e3b59a-dc1b-47a3-9bc5-60f4b54760d9,Seoudi Supermarket,Gro Coconut Milk,Gro,159.95,,EGP,Plant-Based Milk,Milk,N/A,1,L,,,https://seoudisupermarket.com/en/gro-coconut-milk-1-liter,In Stock,N/A,2026-09-14 18:16:32
06e3b59a-dc1b-47a3-9bc5-60f4b54760d9,Seoudi Supermarket,Alpro Oat Milk For Coffe,Alpro,169.95,224.95,EGP,Plant-Based Milk,Milk,N/A,1,L,24,,https://seoudisupermarket.com/en/alpro-oat-milk-for-coffe-1-liter,In Stock,N/A,2026-09-14 18:16:32
06e3b59a-dc1b-47a3-9bc5-60f4b54760d9,Seoudi Supermarket,Juhayna N&G Unsweetened Almond Milk,Juhayna,149.95,,EGP,Plant-Based Milk,Milk,N/A,1,L,,,https://seoudisupermarket.com/en/juhayna-almond-milk-1liter,In Stock,N/A,2026-09-14 18:16:32
06e3b59a-dc1b-47a3-9bc5-60f4b54760d9,Seoudi Supermarket,Aria Full Cream Milk,Aria,49.95,,EGP,Fresh Milk,Milk,N/A,1,L,,,https://seoudisupermarket.com/en/aria-full-cream-milk-1-liter,In Stock,N/A,2026-09-14 18:16:32
06e3b59a-dc1b-47a3-9bc5-60f4b54760d9,Seoudi Supermarket,Juhayna N&G Barista Oat Milk,Juhayna,149.95,,EGP,Plant-Based Milk,Milk,N/A,1,L,,,https://seoudisupermarket.com/en/juhayna-oat-milk-1-liter,In Stock,N/A,2026-09-14 18:16:32
06e3b59a-dc1b-47a3-9bc5-60f4b54760d9,Seoudi Supermarket,Gro Almond Milk,Gro,159.95,,EGP,Plant-Based Milk,Milk,N/A,1,L,,,https://seoudisupermarket.com/en/gro-almond-milk-1-liter,In Stock,N/A,2026-09-14 18:16:32
06e3b59a-dc1b-47a3-9bc5-60f4b54760d9,Seoudi Supermarket,Juhayna Skimmed Milk,Juhayna,12.75,,EGP,Fresh Milk,Milk,N/A,200,ml,,,https://seoudisupermarket.com/en/juhayna-skimmed-milk-200-ml,In Stock,N/A,2026-09-14 18:16:32
06e3b59a-dc1b-47a3-9bc5-60f4b54760d9,Seoudi Supermarket,Gro Barista Coconut Milk,Gro,159.95,,EGP,Plant-Based Milk,Milk,N/A,1,L,,,https://seoudisupermarket.com/en/gro-barista-coconut-milk-1-liter,In Stock,N/A,2026-09-14 18:16:32
06e3b59a-dc1b-47a3-9bc5-60f4b54760d9,Seoudi Supermarket,Miro Skimmed Powder Milk,Miro,94.75,,EGP,Powdered Milk,Milk,N/A,250,g,,,https://seoudisupermarket.com/en/miro-skimmed-powder-milk-250-g,In Stock,N/A,2026-09-14 18:16:32
06e3b59a-dc1b-47a3-9bc5-60f4b54760d9,Seoudi Supermarket,Alpro Almond Milk for Coffee,Alpro,169.95,224.95,EGP,Plant-Based Milk,Milk,N/A,1,L,24,,https://seoudisupermarket.com/en/alpro-almond-milk-for-coffee-1-liter,In Stock,N/A,2026-09-14 18:16:32
06e3b59a-dc1b-47a3-9bc5-60f4b54760d9,Seoudi Supermarket,Nido Powder Rich in Fiber Milk,Nido,104.95,,EGP,Powdered Milk,Milk,N/A,225,g,,,https://seoudisupermarket.com/en/nido-powder-rich-in-fiber-milk-225-g,In Stock,N/A,2026-09-14 18:16:32
06e3b59a-dc1b-47a3-9bc5-60f4b54760d9,Seoudi Supermarket,"Almarai Banana Milk, , 6 Pieces",Almarai,74.45,,EGP,Flavored Milk,Milk,N/A,200,ml,,,https://seoudisupermarket.com/en/almarai-banana-milk-200-ml-6-pieces-discount,In Stock,N/A,2026-09-14 18:16:32
06e3b59a-dc1b-47a3-9bc5-60f4b54760d9,Seoudi Supermarket,Puck Cream,Puck,57.45,69.95,EGP,Cream,Milk,N/A,160,g,18,,https://seoudisupermarket.com/en/puck-natural-cream-160-g,In Stock,N/A,2026-09-14 18:16:32
06e3b59a-dc1b-47a3-9bc5-60f4b54760d9,Seoudi Supermarket,Rainbow Evaporated Milk,Rainbow,64.95,,EGP,Evaporated Milk,Milk,N/A,170,g,,,https://seoudisupermarket.com/en/rainbow-evaporated-milk-170-g,In Stock,N/A,2026-09-14 18:16:32
06e3b59a-dc1b-47a3-9bc5-60f4b54760d9,Seoudi Supermarket,Lamar Strawberry Flavored Milk,Lamar,12.75,14.45,EGP,Flavored Milk,Milk,N/A,200,ml,12,,https://seoudisupermarket.com/en/lamar-strawberry-flavored-milk-200-ml,In Stock,N/A,2026-09-14 18:16:32
06e3b59a-dc1b-47a3-9bc5-60f4b54760d9,Seoudi Supermarket,Nido Powder Fortigrow Milk,Nido,514.95,,EGP,Powdered Milk,Milk,N/A,1200,g,,,https://seoudisupermarket.com/en/nido-powder-fortigrow-milk-1200-g,In Stock,N/A,2026-09-14 18:16:32
06e3b59a-dc1b-47a3-9bc5-60f4b54760d9,Seoudi Supermarket,Almarai Chocolate Milk - Pack of 27,Almarai,362.75,,EGP,Flavored Milk,Milk,N/A,200,ml,,,https://seoudisupermarket.com/en/almarai-chocolate-milk-200-ml-pack-of-27,In Stock,N/A,2026-09-14 18:16:32
06e3b59a-dc1b-47a3-9bc5-60f4b54760d9,Seoudi Supermarket,Lamar Tom Oat Milk,Lamar,124.95,,EGP,Plant-Based Milk,Milk,N/A,1,L,,,https://seoudisupermarket.com/en/lamar-tom-oat-milk-1-liter,In Stock,N/A,2026-09-14 18:16:32
06e3b59a-dc1b-47a3-9bc5-60f4b54760d9,Seoudi Supermarket,Gro Barista Almond Milk,Gro,159.95,,EGP,Plant-Based Milk,Milk,N/A,1,L,,,https://seoudisupermarket.com/en/gro-barista-almond-milk-1-liter,In Stock,N/A,2026-09-14 18:16:32
06e3b59a-dc1b-47a3-9bc5-60f4b54760d9,Seoudi Supermarket,Rainbow Analogue Evaporated Milk,Rainbow,95.95,,EGP,Evaporated Milk,Milk,N/A,385,ml,,,https://seoudisupermarket.com/en/rainbow-analogue-evaporated-milk-385-ml,In Stock,N/A,2026-09-14 18:16:32
06e3b59a-dc1b-47a3-9bc5-60f4b54760d9,Seoudi Supermarket,Bonny Full Cream Evaporated Milk,Bonny,144.95,,EGP,Evaporated Milk,Milk,N/A,410,g,,,https://seoudisupermarket.com/en/bonny-full-cream-evaporated-milk-410-gm,In Stock,N/A,2026-09-14 18:16:32
06e3b59a-dc1b-47a3-9bc5-60f4b54760d9,Seoudi Supermarket,Lamar Tom Barista Oat Milk,Lamar,124.95,,EGP,Plant-Based Milk,Milk,N/A,1,L,,,https://seoudisupermarket.com/en/lamar-tom-barista-oat-milk-1-liter,In Stock,N/A,2026-09-14 18:16:32
06e3b59a-dc1b-47a3-9bc5-60f4b54760d9,Seoudi Supermarket,Lamar Flavored Banana Milk,Lamar,12.75,14.45,EGP,Flavored Milk,Milk,N/A,200,ml,12,,https://seoudisupermarket.com/en/lamar-flavored-banana-milk-200-ml,In Stock,N/A,2026-09-14 18:16:32
06e3b59a-dc1b-47a3-9bc5-60f4b54760d9,Seoudi Supermarket,Almarai Cream Modified with Vegetable Oil,Almarai,79.95,,EGP,Cream,Milk,N/A,170,g,,,https://seoudisupermarket.com/en/almarai-cream-modified-with-vegetable-oil-170-g,In Stock,N/A,2026-09-14 18:16:32
06e3b59a-dc1b-47a3-9bc5-60f4b54760d9,Seoudi Supermarket,Orasi Barista Coconut Milk,Orasi,169.75,,EGP,Plant-Based Milk,Milk,N/A,1,L,,,https://seoudisupermarket.com/en/orasi-barista-coconut-milk-1-liter,In Stock,N/A,2026-09-14 18:16:32
06e3b59a-dc1b-47a3-9bc5-60f4b54760d9,Seoudi Supermarket,Lamar Tom Almond Milk,Lamar,124.95,,EGP,Plant-Based Milk,Milk,N/A,1,L,,,https://seoudisupermarket.com/en/lamar-tom-almond-milk-1-liter,In Stock,N/A,2026-09-14 18:16:32
06e3b59a-dc1b-47a3-9bc5-60f4b54760d9,Seoudi Supermarket,Lamar Chocolate Milk,Lamar,56.95,,EGP,Flavored Milk,Milk,N/A,1,L,,,https://seoudisupermarket.com/en/lamar-chocolate-milk-1-liter,In Stock,N/A,2026-09-14 18:16:32
06e3b59a-dc1b-47a3-9bc5-60f4b54760d9,Seoudi Supermarket,Almarai Strawberry Milk - Pack of 27,Almarai,362.75,,EGP,Flavored Milk,Milk,N/A,200,ml,,,https://seoudisupermarket.com/en/almarai-strawberry-milk-200-ml-pack-of-27,In Stock,N/A,2026-09-14 18:16:32
06e3b59a-dc1b-47a3-9bc5-60f4b54760d9,Seoudi Supermarket,Lamar Tom Barista Almonds Milk,Lamar,124.95,,EGP,Plant-Based Milk,Milk,N/A,1,L,,,https://seoudisupermarket.com/en/lamar-tom-barista-almonds-milk-1-l,In Stock,N/A,2026-09-14 18:16:32
06e3b59a-dc1b-47a3-9bc5-60f4b54760d9,Seoudi Supermarket,Alpro Soy Milk for Coffee,Alpro,169.95,224.95,EGP,Plant-Based Milk,Milk,N/A,1,L,24,,https://seoudisupermarket.com/en/alpro-soy-milk-for-coffee-1-liter,In Stock,N/A,2026-09-14 18:16:32
06e3b59a-dc1b-47a3-9bc5-60f4b54760d9,Seoudi Supermarket,Almarai Banana Milk - Pack of 27,Almarai,362.75,,EGP,Flavored Milk,Milk,N/A,200,ml,,,https://seoudisupermarket.com/en/almarai-banana-milk-200-ml-pack-of-27,In Stock,N/A,2026-09-14 18:16:32
06e3b59a-dc1b-47a3-9bc5-60f4b54760d9,Seoudi Supermarket,Orasi Barista Soy Milk,Orasi,169.75,,EGP,Plant-Based Milk,Milk,N/A,1,L,,,https://seoudisupermarket.com/en/orasi-barista-soy-milk-1-liter,In Stock,N/A,2026-09-14 18:16:32
06e3b59a-dc1b-47a3-9bc5-60f4b54760d9,Seoudi Supermarket,Orasi Barista Oat Milk,Orasi,169.75,,EGP,Plant-Based Milk,Milk,N/A,1,L,,,https://seoudisupermarket.com/en/orasi-barista-oat-milk-1-liter,In Stock,N/A,2026-09-14 18:16:32
06e3b59a-dc1b-47a3-9bc5-60f4b54760d9,Seoudi Supermarket,Luna Boofia Evaporated Milk with Vegetable Oil,Luna,47.75,,EGP,Evaporated Milk,Milk,N/A,170,g,,,https://seoudisupermarket.com/en/luna-boofia-evaporated-milk-with-vegetable-oil-170-g,In Stock,N/A,2026-09-14 18:16:32
06e3b59a-dc1b-47a3-9bc5-60f4b54760d9,Seoudi Supermarket,Almarai Skimmed Milk - Pack of 27,Almarai,362.75,,EGP,Fresh Milk,Milk,N/A,200,ml,,,https://seoudisupermarket.com/en/almarai-skimmed-milk-200-ml-pack-of-27,In Stock,N/A,2026-09-14 18:16:32
06e3b59a-dc1b-47a3-9bc5-60f4b54760d9,Seoudi Supermarket,Orasi Barista Almond Milk,Orasi,169.75,,EGP,Plant-Based Milk,Milk,N/A,1,L,,,https://seoudisupermarket.com/en/orasi-barista-almond-milk-1-liter,In Stock,N/A,2026-09-14 18:16:32
06e3b59a-dc1b-47a3-9bc5-60f4b54760d9,Seoudi Supermarket,Dobella Coconut Milk,Dobella,81.95,,EGP,Plant-Based Milk,Milk,N/A,290,ml,,,https://seoudisupermarket.com/en/dobella-coconut-milk-290-ml,In Stock,N/A,2026-09-14 18:16:32
06e3b59a-dc1b-47a3-9bc5-60f4b54760d9,Seoudi Supermarket,Aria Strawberry Milk,Aria,12.75,,EGP,Flavored Milk,Milk,N/A,200,ml,,,https://seoudisupermarket.com/en/aria-strawberry-milk-200-ml,In Stock,N/A,2026-09-14 18:16:32
06e3b59a-dc1b-47a3-9bc5-60f4b54760d9,Seoudi Supermarket,Riso Scotti Organic Rice Milk,Riso Scotti,139.95,,EGP,Plant-Based Milk,Milk,N/A,1,L,,,https://seoudisupermarket.com/en/riso-scotti-organic-rice-milk-1-liter,In Stock,N/A,2026-09-14 18:16:32
06e3b59a-dc1b-47a3-9bc5-60f4b54760d9,Seoudi Supermarket,Aria Banana Milk,Aria,12.75,,EGP,Flavored Milk,Milk,N/A,200,ml,,,https://seoudisupermarket.com/en/aria-banana-milk-200-ml,In Stock,N/A,2026-09-14 18:16:32
06e3b59a-dc1b-47a3-9bc5-60f4b54760d9,Seoudi Supermarket,Zumra Cococnut Milk 18%,Zumra,153.95,,EGP,Fresh Milk,Milk,N/A,400,ml,,,https://seoudisupermarket.com/en/zumra-cococnut-milk-18-400-ml,In Stock,N/A,2026-09-14 18:16:32
06e3b59a-dc1b-47a3-9bc5-60f4b54760d9,Seoudi Supermarket,Aria Chocolate Milk,Aria,9.75,,EGP,Flavored Milk,Milk,N/A,125,ml,,,https://seoudisupermarket.com/en/aria-chocolate-milk-125-ml,In Stock,N/A,2026-09-14 18:16:32
06e3b59a-dc1b-47a3-9bc5-60f4b54760d9,Seoudi Supermarket,Gro Barista Coconut Milk,Gro,32.75,,EGP,Plant-Based Milk,Milk,N/A,200,ml,,,https://seoudisupermarket.com/en/gro-barista-coconut-milk-200-ml,In Stock,N/A,2026-09-14 18:16:32
06e3b59a-dc1b-47a3-9bc5-60f4b54760d9,Seoudi Supermarket,Gro Coconut Milk,Gro,32.75,,EGP,Plant-Based Milk,Milk,N/A,200,ml,,,https://seoudisupermarket.com/en/gro-coconut-milk-200-ml,In Stock,N/A,2026-09-14 18:16:32
06e3b59a-dc1b-47a3-9bc5-60f4b54760d9,Seoudi Supermarket,Almarai Full Cream Milk - 6 Pieces,Almarai,74.45,,EGP,Fresh Milk,Milk,N/A,200,ml,,,https://seoudisupermarket.com/en/almarai-full-cream-milk-200-ml-6-pieces,In Stock,N/A,2026-09-14 18:16:32
06e3b59a-dc1b-47a3-9bc5-60f4b54760d9,Seoudi Supermarket,Juhayna Rayeb Sobya & Mango,Juhayna,33,,EGP,Yogurt Drink,Milk,N/A,440,ml,,,https://seoudisupermarket.com/en/juhayna-rayeb-sobya-and-mango-440-ml,In Stock,N/A,2026-09-14 18:16:32
06e3b59a-dc1b-47a3-9bc5-60f4b54760d9,Seoudi Supermarket,Almarai Barista Full Cream Milk,Almarai,55.95,,EGP,Fresh Milk,Milk,N/A,1,L,,,https://seoudisupermarket.com/en/almarai-barista-full-cream-milk-1-liter,In Stock,N/A,2026-09-14 18:16:32
06e3b59a-dc1b-47a3-9bc5-60f4b54760d9,Seoudi Supermarket,The Milkman Salted Caramel Milk,The Milkman,57.5,,EGP,Flavored Milk,Milk,N/A,250,ml,,,https://seoudisupermarket.com/en/the-milkman-salted-caramel-milk-250-ml,In Stock,N/A,2026-09-14 18:16:32
06e3b59a-dc1b-47a3-9bc5-60f4b54760d9,Seoudi Supermarket,The Milkman White Mocha Milk,The Milkman,57.5,,EGP,Flavored Milk,Milk,N/A,250,ml,,,https://seoudisupermarket.com/en/the-milkman-white-mocha-milk-250-ml,In Stock,N/A,2026-09-14 18:16:32
06e3b59a-dc1b-47a3-9bc5-60f4b54760d9,Seoudi Supermarket,Reefy Lactose-Free Milk,Reefy,84.95,,EGP,Fresh Milk,Milk,N/A,850,ml,,,https://seoudisupermarket.com/en/reefy-lactosefree-milk-850-ml,In Stock,N/A,2026-09-14 18:16:32
06e3b59a-dc1b-47a3-9bc5-60f4b54760d9,Seoudi Supermarket,The Milkman Rayeb Milk,The Milkman,26.95,,EGP,Yogurt Drink,Milk,N/A,250,ml,,,https://seoudisupermarket.com/en/the-milkman-rayeb-milk-250-ml,In Stock,N/A,2026-09-14 18:16:32
06e3b59a-dc1b-47a3-9bc5-60f4b54760d9,Seoudi Supermarket,The Milkman Fresh Full Cream Milk,The Milkman,72.95,80.95,EGP,Fresh Milk,Milk,N/A,850,ml,10,,https://seoudisupermarket.com/en/the-milkman-fresh-full-cream-milk-850-ml,In Stock,N/A,2026-09-14 18:16:32
06e3b59a-dc1b-47a3-9bc5-60f4b54760d9,Seoudi Supermarket,Almarai Fresh Rayeb,Almarai,17.25,18.95,EGP,Yogurt Drink,Milk,N/A,220,ml,9,,https://seoudisupermarket.com/en/almarai-fresh-rayeb-220-ml,In Stock,N/A,2026-09-14 18:16:32
06e3b59a-dc1b-47a3-9bc5-60f4b54760d9,Seoudi Supermarket,Dina Farms Dates Milk,Dina Farms,19.95,,EGP,Flavored Milk,Milk,N/A,250,ml,,,https://seoudisupermarket.com/en/dina-farms-dates-milk-250-ml,In Stock,N/A,2026-09-14 18:16:32
06e3b59a-dc1b-47a3-9bc5-60f4b54760d9,Seoudi Supermarket,Dina Farms Coffee Milk,Dina Farms,27.95,,EGP,Flavored Milk,Milk,N/A,250,ml,,,https://seoudisupermarket.com/en/dina-farms-coffee-milk-250-ml,In Stock,N/A,2026-09-14 18:16:32
06e3b59a-dc1b-47a3-9bc5-60f4b54760d9,Seoudi Supermarket,Dina Farms Chocolate Milk,Dina Farms,20.95,,EGP,Flavored Milk,Milk,N/A,250,ml,,,https://seoudisupermarket.com/en/dina-farms-chocolate-milk-250-ml,In Stock,N/A,2026-09-14 18:16:32
06e3b59a-dc1b-47a3-9bc5-60f4b54760d9,Seoudi Supermarket,Juhayna Rayeb Milk,Juhayna,18.75,,EGP,Yogurt Drink,Milk,N/A,220,ml,,,https://seoudisupermarket.com/en/juhayna-rayeb-milk-220-ml,In Stock,N/A,2026-09-14 18:16:32
06e3b59a-dc1b-47a3-9bc5-60f4b54760d9,Seoudi Supermarket,Juhayna Light Rayeb Milk,Juhayna,32,,EGP,Yogurt Drink,Milk,N/A,440,ml,,,https://seoudisupermarket.com/en/juhayna-light-rayeb-milk-440-ml,In Stock,N/A,2026-09-14 18:16:32
06e3b59a-dc1b-47a3-9bc5-60f4b54760d9,Seoudi Supermarket,Juhayna Green Tea & Lemon Rayeb Milk,Juhayna,32,,EGP,Yogurt Drink,Milk,N/A,440,ml,,,https://seoudisupermarket.com/en/juhayna-green-tea-and-lemon-rayeb-milk-440-ml,In Stock,N/A,2026-09-14 18:16:32
06e3b59a-dc1b-47a3-9bc5-60f4b54760d9,Seoudi Supermarket,Juhayna Rayeb Milk,Juhayna,32,,EGP,Yogurt Drink,Milk,N/A,440,ml,,,https://seoudisupermarket.com/en/juhayna-rayeb-milk-440-ml,In Stock,N/A,2026-09-14 18:16:32
06e3b59a-dc1b-47a3-9bc5-60f4b54760d9,Seoudi Supermarket,Juhayna Rayeb,Juhayna,55,,EGP,Yogurt Drink,Milk,N/A,1,L,,,https://seoudisupermarket.com/en/juhayna-rayeb-1-liter,In Stock,N/A,2026-09-14 18:16:32
06e3b59a-dc1b-47a3-9bc5-60f4b54760d9,Seoudi Supermarket,Gro Barista Oat Milk,Gro,159.95,,EGP,Plant-Based Milk,Milk,N/A,1,L,,,https://seoudisupermarket.com/en/gro-barista-oat-milk-1-liter,In Stock,N/A,2026-09-14 18:16:32
06e3b59a-dc1b-47a3-9bc5-60f4b54760d9,Seoudi Supermarket,Reefy Rayeb Milk,Reefy,58.95,,EGP,Yogurt Drink,Milk,N/A,850,ml,,,https://seoudisupermarket.com/en/reefy-rayeb-milk-850-ml,In Stock,N/A,2026-09-14 18:16:32
06e3b59a-dc1b-47a3-9bc5-60f4b54760d9,Seoudi Supermarket,Aria Strawberry Milk,Aria,9.75,,EGP,Flavored Milk,Milk,N/A,125,ml,,,https://seoudisupermarket.com/en/aria-strawberry-milk-125-ml,In Stock,N/A,2026-09-14 18:16:32
06e3b59a-dc1b-47a3-9bc5-60f4b54760d9,Seoudi Supermarket,"Almarai Lactose Free Milk , Full Cream",Almarai,93.95,,EGP,Fresh Milk,Milk,N/A,1,L,,,https://seoudisupermarket.com/en/almarai-lactose-free-milk-full-cream-1-liter,In Stock,N/A,2026-09-14 18:16:32
06e3b59a-dc1b-47a3-9bc5-60f4b54760d9,Seoudi Supermarket,Reefy Rayeb Milk,Reefy,23.95,,EGP,Yogurt Drink,Milk,N/A,200,ml,,,https://seoudisupermarket.com/en/reefy-rayeb-milk-200-ml,In Stock,N/A,2026-09-14 18:16:32
06e3b59a-dc1b-47a3-9bc5-60f4b54760d9,Seoudi Supermarket,Reefy Fresh Skimmed Milk,Reefy,53.5,57.95,EGP,Fresh Milk,Milk,N/A,850,ml,8,,https://seoudisupermarket.com/en/reefy-fresh-skimmed-milk-850-ml,In Stock,N/A,2026-09-14 18:16:32
06e3b59a-dc1b-47a3-9bc5-60f4b54760d9,Seoudi Supermarket,The Milkman Chocolate Milk,The Milkman,64.5,,EGP,Flavored Milk,Milk,N/A,250,g,,,https://seoudisupermarket.com/en/the-milkman-chocolate-milk-250-g,In Stock,N/A,2026-09-14 18:16:32
06e3b59a-dc1b-47a3-9bc5-60f4b54760d9,Seoudi Supermarket,Nido Plus1 Powder Milk with Honey,Nido,184.95,,EGP,Powdered Milk,Milk,N/A,288,g,,,https://seoudisupermarket.com/en/nido-plus1-powder-milk-with-honey-288-g,In Stock,N/A,2026-09-14 18:16:32
06e3b59a-dc1b-47a3-9bc5-60f4b54760d9,Seoudi Supermarket,Nido Plus1 Milk Powder,Nido,354.95,,EGP,Powdered Milk,Milk,N/A,576,g,,,https://seoudisupermarket.com/en/nido-plus1-milk-powder-576-g,In Stock,N/A,2026-09-14 18:16:32
06e3b59a-dc1b-47a3-9bc5-60f4b54760d9,Seoudi Supermarket,Almarai Fresh Rayeb,Almarai,29.5,32.5,EGP,Yogurt Drink,Milk,N/A,425,ml,9,,https://seoudisupermarket.com/en/almarai-fresh-rayeb-425-ml,In Stock,N/A,2026-09-14 18:16:32
06e3b59a-dc1b-47a3-9bc5-60f4b54760d9,Seoudi Supermarket,Gro Oat Milk,Gro,159.95,,EGP,Plant-Based Milk,Milk,N/A,1,L,,,https://seoudisupermarket.com/en/gro-oat-milk-1-liter,In Stock,N/A,2026-09-14 18:16:32
06e3b59a-dc1b-47a3-9bc5-60f4b54760d9,Seoudi Supermarket,Juhayna N&G Barista Almond Milk,Juhayna,149.95,,EGP,Plant-Based Milk,Milk,N/A,1,L,,,https://seoudisupermarket.com/en/juhayna-barista-almond-milk-1-liter,In Stock,N/A,2026-09-14 18:16:32
06e3b59a-dc1b-47a3-9bc5-60f4b54760d9,Seoudi Supermarket,The Milkman Rayeb Milk,The Milkman,76.95,,EGP,Yogurt Drink,Milk,N/A,850,ml,,,https://seoudisupermarket.com/en/the-milkman-rayeb-milk-850-ml,In Stock,N/A,2026-09-14 18:16:32
06e3b59a-dc1b-47a3-9bc5-60f4b54760d9,Seoudi Supermarket,The Milkman Lactose Free Milk,The Milkman,97.5,,EGP,Fresh Milk,Milk,N/A,850,ml,,,https://seoudisupermarket.com/en/the-milkman-lactose-free-milk-850-ml,In Stock,N/A,2026-09-14 18:16:32
06e3b59a-dc1b-47a3-9bc5-60f4b54760d9,Seoudi Supermarket,The Milkman Dates Milk,The Milkman,27.95,,EGP,Flavored Milk,Milk,N/A,250,ml,,,https://seoudisupermarket.com/en/the-milkman-dates-milk-250-ml,In Stock,N/A,2026-09-14 18:16:32
06e3b59a-dc1b-47a3-9bc5-60f4b54760d9,Seoudi Supermarket,The Milkman Milk with Coffee,The Milkman,45.95,,EGP,Flavored Milk,Milk,N/A,250,ml,,,https://seoudisupermarket.com/en/the-milkman-milk-with-coffee-250-ml,In Stock,N/A,2026-09-14 18:16:32
06e3b59a-dc1b-47a3-9bc5-60f4b54760d9,Seoudi Supermarket,Juhayna Light Rayeb Milk,Juhayna,18.75,,EGP,Yogurt Drink,Milk,N/A,220,ml,,,https://seoudisupermarket.com/en/juhayna-light-rayeb-milk-220-ml,In Stock,N/A,2026-09-14 18:16:32
06e3b59a-dc1b-47a3-9bc5-60f4b54760d9,Seoudi Supermarket,Juhayna Green Tea & Lemon Rayeb Milk,Juhayna,18.75,,EGP,Yogurt Drink,Milk,N/A,220,ml,,,https://seoudisupermarket.com/en/juhayna-green-tea-and-lemon-rayeb-milk-220-ml,In Stock,N/A,2026-09-14 18:16:32
06e3b59a-dc1b-47a3-9bc5-60f4b54760d9,Seoudi Supermarket,Danone Activia Rayeb Milk,Danone,18.5,,EGP,Yogurt Drink,Milk,N/A,205,g,,,https://seoudisupermarket.com/en/danone-activia-rayeb-milk-205-g,In Stock,N/A,2026-09-14 18:16:32
06e3b59a-dc1b-47a3-9bc5-60f4b54760d9,Seoudi Supermarket,Danone Activia Rayeb,Danone,33,,EGP,Yogurt Drink,Milk,N/A,400,g,,,https://seoudisupermarket.com/en/danone-activia-rayeb-400-gm,In Stock,N/A,2026-09-14 18:16:32
06e3b59a-dc1b-47a3-9bc5-60f4b54760d9,Seoudi Supermarket,Dina Farms Dates Milk,Dina Farms,56.5,,EGP,Flavored Milk,Milk,N/A,850,ml,,,https://seoudisupermarket.com/en/dina-farms-dates-milk-850-ml,In Stock,N/A,2026-09-14 18:16:32
06e3b59a-dc1b-47a3-9bc5-60f4b54760d9,Seoudi Supermarket,Dina Farms Strwaberry Milk,Dina Farms,56.5,,EGP,Fresh Milk,Milk,N/A,850,ml,,,https://seoudisupermarket.com/en/dina-farms-strwaberry-milk-850-ml,In Stock,N/A,2026-09-14 18:16:32
06e3b59a-dc1b-47a3-9bc5-60f4b54760d9,Seoudi Supermarket,Dina Farms Natural Rayeb Milk,Dina Farms,19.95,,EGP,Yogurt Drink,Milk,N/A,250,ml,,,https://seoudisupermarket.com/en/dina-farms-natural-rayeb-milk-250-ml,In Stock,N/A,2026-09-14 18:16:32
06e3b59a-dc1b-47a3-9bc5-60f4b54760d9,Seoudi Supermarket,Coco Royal Coconut Milk,Coco Royal,79.75,,EGP,Plant-Based Milk,Milk,N/A,290,ml,,,https://seoudisupermarket.com/en/coco-royal-coconut-milk-290-ml,In Stock,N/A,2026-09-14 18:16:32
06e3b59a-dc1b-47a3-9bc5-60f4b54760d9,Seoudi Supermarket,Coco Royal Coconut Milk Drink with Pineapple Flavor,Coco Royal,79.75,,EGP,Plant-Based Milk,Milk,N/A,290,ml,,,https://seoudisupermarket.com/en/coco-royal-coconut-milk-drink-with-pineapple-flavor-290-ml,In Stock,N/A,2026-09-14 18:16:32
06e3b59a-dc1b-47a3-9bc5-60f4b54760d9,Seoudi Supermarket,Coco Royal Coconut Milk with Chocolate Flavor,Coco Royal,79.75,,EGP,Plant-Based Milk,Milk,N/A,290,ml,,,https://seoudisupermarket.com/en/coco-royal-coconut-milk-with-chocolate-flavor-290-ml,In Stock,N/A,2026-09-14 18:16:32
06e3b59a-dc1b-47a3-9bc5-60f4b54760d9,Seoudi Supermarket,Mafaza Full Cream Cow milk,Mafaza,64.95,76.75,EGP,Fresh Milk,Milk,N/A,850,ml,15,,https://seoudisupermarket.com/en/mafaza-full-cream-cow-milk-850-ml,In Stock,N/A,2026-09-14 18:16:32
06e3b59a-dc1b-47a3-9bc5-60f4b54760d9,Seoudi Supermarket,The Milkman Skimmed Milk,The Milkman,72.95,80.95,EGP,Fresh Milk,Milk,N/A,850,ml,10,,https://seoudisupermarket.com/en/the-milkman-skimmed-milk-850-ml,In Stock,N/A,2026-09-14 18:16:32
06e3b59a-dc1b-47a3-9bc5-60f4b54760d9,Seoudi Supermarket,Coco Royal Coconut Milk,Coco Royal,79.75,,EGP,Plant-Based Milk,Milk,N/A,300,ml,,,https://seoudisupermarket.com/en/coco-royal-coconut-milk-300-ml,In Stock,N/A,2026-09-14 18:16:32
06e3b59a-dc1b-47a3-9bc5-60f4b54760d9,Seoudi Supermarket,Uglobe Coconut Milk,Uglobe,74.95,,EGP,Plant-Based Milk,Milk,N/A,290,ml,,,https://seoudisupermarket.com/en/uglobe-coconut-milk-290-ml,In Stock,N/A,2026-09-14 18:16:32
06e3b59a-dc1b-47a3-9bc5-60f4b54760d9,Seoudi Supermarket,Uglobe Cocount Milk,Uglobe,74.95,,EGP,Fresh Milk,Milk,N/A,290,ml,,,https://seoudisupermarket.com/en/uglobe-cocount-milk-290-ml,In Stock,N/A,2026-09-14 18:16:32
06e3b59a-dc1b-47a3-9bc5-60f4b54760d9,Seoudi Supermarket,Puck Cream with Honey,Puck,69.95,,EGP,Cream,Milk,N/A,160,ml,,,https://seoudisupermarket.com/en/puck-cream-with-honey-160-ml,Out of Stock,N/A,2026-09-14 18:16:32
06e3b59a-dc1b-47a3-9bc5-60f4b54760d9,Seoudi Supermarket,Abu Qus Evaporated Milk with Cardamom,Abu Qus,79.95,,EGP,Evaporated Milk,Milk,N/A,170,ml,,,https://seoudisupermarket.com/en/abu-qus-evaporated-milk-with-cardamom-170-ml,Out of Stock,N/A,2026-09-14 18:16:32
06e3b59a-dc1b-47a3-9bc5-60f4b54760d9,Seoudi Supermarket,Nestle Sweetened Condensed Milk,Nestle,266.74,,EGP,Condensed Milk,Milk,N/A,1,kg,,,https://seoudisupermarket.com/en/nestle-sweetened-condensed-milk-1-kg,Out of Stock,N/A,2026-09-14 18:16:32
06e3b59a-dc1b-47a3-9bc5-60f4b54760d9,Seoudi Supermarket,Juhayna N&G Barista Coconut Milk,Juhayna,79.95,,EGP,Plant-Based Milk,Milk,N/A,500,ml,,,https://seoudisupermarket.com/en/juhayna-barista-coconut-milk-500-ml,Out of Stock,N/A,2026-09-14 18:16:32
06e3b59a-dc1b-47a3-9bc5-60f4b54760d9,Seoudi Supermarket,Dobella Fresh Cream,Dobella,49.95,,EGP,Cream,Milk,N/A,155,g,,,https://seoudisupermarket.com/en/dobella-fresh-cream-155-g,Out of Stock,N/A,2026-09-14 18:16:32
06e3b59a-dc1b-47a3-9bc5-60f4b54760d9,Seoudi Supermarket,Almarai Evaporated Milk,Almarai,64.95,,EGP,Evaporated Milk,Milk,N/A,170,g,,,https://seoudisupermarket.com/en/almarai-evaporated-milk-170-g,Out of Stock,N/A,2026-09-14 18:16:32
06e3b59a-dc1b-47a3-9bc5-60f4b54760d9,Seoudi Supermarket,Almarai Sweetened Condensed Milk,Almarai,106.95,,EGP,Condensed Milk,Milk,N/A,397,g,,,https://seoudisupermarket.com/en/almarai-condensed-milk-397-g,Out of Stock,N/A,2026-09-14 18:16:32
06e3b59a-dc1b-47a3-9bc5-60f4b54760d9,Seoudi Supermarket,Zumra Creamy Coconut Milk for Cooking 20-22% Fat,Zumra,134.95,,EGP,Cream,Milk,N/A,400,ml,,,https://seoudisupermarket.com/en/zumra-creamy-coconut-milk-for-cooking-400-ml,Out of Stock,N/A,2026-09-14 18:16:32
06e3b59a-dc1b-47a3-9bc5-60f4b54760d9,Seoudi Supermarket,Nido El Assassy Powdered Milk,Nido,71.75,,EGP,Powdered Milk,Milk,N/A,200,g,,,https://seoudisupermarket.com/en/nido-el-assassy-powdered-milk-200-g,Out of Stock,N/A,2026-09-14 18:16:32
06e3b59a-dc1b-47a3-9bc5-60f4b54760d9,Seoudi Supermarket,Nido Powdered Milk Rich in Fiber - 900+,Nido,399.95,,EGP,Powdered Milk,Milk,N/A,100,g,,,https://seoudisupermarket.com/en/nido-powdered-milk-rich-in-fiber-900100-g,Out of Stock,N/A,2026-09-14 18:16:32
06e3b59a-dc1b-47a3-9bc5-60f4b54760d9,Seoudi Supermarket,Gro Almond Chocolate Milk,Gro,32.75,,EGP,Plant-Based Milk,Milk,N/A,200,ml,,,https://seoudisupermarket.com/en/gro-almond-chocolate-milk-200-ml,Out of Stock,N/A,2026-09-14 18:16:32
06e3b59a-dc1b-47a3-9bc5-60f4b54760d9,Seoudi Supermarket,Juhayna mix Chocolate Milk,Juhayna,12.95,,EGP,Flavored Milk,Milk,N/A,200,ml,,,https://seoudisupermarket.com/en/juhayna-mix-chocolate-milk-200-ml,Out of Stock,N/A,2026-09-14 18:16:32
06e3b59a-dc1b-47a3-9bc5-60f4b54760d9,Seoudi Supermarket,Almarai Full Cream Milk,Almarai,13.45,,EGP,Fresh Milk,Milk,N/A,200,ml,,,https://seoudisupermarket.com/en/almarai-full-cream-milk-200-ml,Out of Stock,N/A,2026-09-14 18:16:32
06e3b59a-dc1b-47a3-9bc5-60f4b54760d9,Seoudi Supermarket,Lamar Full Cream Milk,Lamar,12.75,,EGP,Fresh Milk,Milk,N/A,200,ml,,,https://seoudisupermarket.com/en/lamar-full-cream-milk-200-ml,Out of Stock,N/A,2026-09-14 18:16:32
06e3b59a-dc1b-47a3-9bc5-60f4b54760d9,Seoudi Supermarket,Almarai Chocolate Milk,Almarai,13.45,,EGP,Flavored Milk,Milk,N/A,200,ml,,,https://seoudisupermarket.com/en/almarai-chocolate-milk-200-ml,Out of Stock,N/A,2026-09-14 18:16:32
06e3b59a-dc1b-47a3-9bc5-60f4b54760d9,Seoudi Supermarket,Nido Powder Rich in Fiber Milk,Nido,11.95,,EGP,Powdered Milk,Milk,N/A,25,g,,,https://seoudisupermarket.com/en/nido-powder-rich-in-fiber-milk-25-g,Out of Stock,N/A,2026-09-14 18:16:32
06e3b59a-dc1b-47a3-9bc5-60f4b54760d9,Seoudi Supermarket,"Almarai Strawberry Milk, , 6 Pieces - Discount%",Almarai,74.45,,EGP,Flavored Milk,Milk,N/A,200,ml,,,https://seoudisupermarket.com/en/almarai-strawberry-milk-200-ml-6-pieces-discount,Out of Stock,N/A,2026-09-14 18:16:32
06e3b59a-dc1b-47a3-9bc5-60f4b54760d9,Seoudi Supermarket,Albany Cream Can,Albany,49.95,,EGP,Cream,Milk,N/A,155,g,,,https://seoudisupermarket.com/en/albany-cream-can-155-g,Out of Stock,N/A,2026-09-14 18:16:32
06e3b59a-dc1b-47a3-9bc5-60f4b54760d9,Seoudi Supermarket,Almarai Full Cream Milk - Pack of 27,Almarai,362.75,,EGP,Fresh Milk,Milk,N/A,200,ml,,,https://seoudisupermarket.com/en/almarai-full-cream-milk-200-ml-pack-of-27,Out of Stock,N/A,2026-09-14 18:16:32
06e3b59a-dc1b-47a3-9bc5-60f4b54760d9,Seoudi Supermarket,Almarai Banana Milk,Almarai,13.45,,EGP,Flavored Milk,Milk,N/A,200,ml,,,https://seoudisupermarket.com/en/almarai-banana-milk-200-ml,Out of Stock,N/A,2026-09-14 18:16:32
06e3b59a-dc1b-47a3-9bc5-60f4b54760d9,Seoudi Supermarket,Nido Powder Rich in Fiber Milk,Nido,47.45,,EGP,Powdered Milk,Milk,N/A,100,g,,,https://seoudisupermarket.com/en/nido-powder-rich-in-fiber-milk-100-g,Out of Stock,N/A,2026-09-14 18:16:32
06e3b59a-dc1b-47a3-9bc5-60f4b54760d9,Seoudi Supermarket,Almarai Full Cream Milk - Pack of 6,Almarai,307.45,,EGP,Fresh Milk,Milk,N/A,1,L,,,https://seoudisupermarket.com/en/almarai-full-cream-milk-1-liter-pack-of-6,Out of Stock,N/A,2026-09-14 18:16:32
06e3b59a-dc1b-47a3-9bc5-60f4b54760d9,Seoudi Supermarket,Bonny Full Cream Sweetened Condensed Milk,Bonny,157.75,,EGP,Condensed Milk,Milk,N/A,395,g,,,https://seoudisupermarket.com/en/bonny-full-cream-sweetened-condensed-milk-395-gm,Out of Stock,N/A,2026-09-14 18:16:32
06e3b59a-dc1b-47a3-9bc5-60f4b54760d9,Seoudi Supermarket,Lamar Chocolate Milk,Lamar,12.75,14.45,EGP,Flavored Milk,Milk,N/A,200,ml,12,,https://seoudisupermarket.com/en/lamar-chocolate-milk-200-ml,Out of Stock,N/A,2026-09-14 18:16:32
06e3b59a-dc1b-47a3-9bc5-60f4b54760d9,Seoudi Supermarket,Lamar Almond Milk,Lamar,124.95,,EGP,Plant-Based Milk,Milk,N/A,1,L,,,https://seoudisupermarket.com/en/lamar-almond-milk-1-liter,Out of Stock,N/A,2026-09-14 18:16:32
06e3b59a-dc1b-47a3-9bc5-60f4b54760d9,Seoudi Supermarket,Almarai Skimmed Milk - 4 Pieces,Almarai,203.75,,EGP,Fresh Milk,Milk,N/A,1,L,,,https://seoudisupermarket.com/en/almarai-skimmed-milk-1-liter-4-pieces,Out of Stock,N/A,2026-09-14 18:16:32
06e3b59a-dc1b-47a3-9bc5-60f4b54760d9,Seoudi Supermarket,Alpro Sugar Free Almond Milk,Alpro,224.95,,EGP,Plant-Based Milk,Milk,N/A,1,L,,,https://seoudisupermarket.com/en/alpro-sugar-free-almond-milk-1-liter,Out of Stock,N/A,2026-09-14 18:16:32
06e3b59a-dc1b-47a3-9bc5-60f4b54760d9,Seoudi Supermarket,Al-Wadaq Semi-Natural Cream,Al-Wadaq,59.95,,EGP,Cream,Milk,N/A,155,g,,,https://seoudisupermarket.com/en/alwadaq-seminatural-cream-155-g,Out of Stock,N/A,2026-09-14 18:16:32
06e3b59a-dc1b-47a3-9bc5-60f4b54760d9,Seoudi Supermarket,Nido Powder Rich in Fiber Milk,Nido,257.95,,EGP,Powdered Milk,Milk,N/A,600,g,,,https://seoudisupermarket.com/en/nido-powder-rich-in-fiber-milk-600-g,Out of Stock,N/A,2026-09-14 18:16:32
06e3b59a-dc1b-47a3-9bc5-60f4b54760d9,Seoudi Supermarket,Nido Powder Rich in Fiber Milk,Nido,171.45,,EGP,Powdered Milk,Milk,N/A,400,g,,,https://seoudisupermarket.com/en/nido-powder-rich-in-fiber-milk-400-g,Out of Stock,N/A,2026-09-14 18:16:32
06e3b59a-dc1b-47a3-9bc5-60f4b54760d9,Seoudi Supermarket,Puck Skimmed Evaporated Milk,Puck,44.95,,EGP,Evaporated Milk,Milk,N/A,170,ml,,,https://seoudisupermarket.com/en/puck-skimmed-evaporated-milk-170-ml,Out of Stock,N/A,2026-09-14 18:16:32
06e3b59a-dc1b-47a3-9bc5-60f4b54760d9,Seoudi Supermarket,Almarai Half Cream Milk - Pack of 4,Almarai,203.75,,EGP,Fresh Milk,Milk,N/A,1,L,,,https://seoudisupermarket.com/en/almarai-half-cream-milk-1-liter-pack-of-4,Out of Stock,N/A,2026-09-14 18:16:32
06e3b59a-dc1b-47a3-9bc5-60f4b54760d9,Seoudi Supermarket,Lamar Cookies & Cream Milk,Lamar,12.75,14.45,EGP,Cream,Milk,N/A,200,ml,12,,https://seoudisupermarket.com/en/lamar-cookies-and-cream-milk-200-ml,Out of Stock,N/A,2026-09-14 18:16:32
06e3b59a-dc1b-47a3-9bc5-60f4b54760d9,Seoudi Supermarket,Luna Sweetened Condensed Milk,Luna,104.75,,EGP,Condensed Milk,Milk,N/A,395,g,,,https://seoudisupermarket.com/en/luna-sweetened-condensed-milk-395-g,Out of Stock,N/A,2026-09-14 18:16:32
06e3b59a-dc1b-47a3-9bc5-60f4b54760d9,Seoudi Supermarket,Thio Coconut Cream,Thio,86.45,,EGP,Cream,Milk,N/A,400,ml,,,https://seoudisupermarket.com/en/thio-coconut-cream-400-ml,Out of Stock,N/A,2026-09-14 18:16:32
06e3b59a-dc1b-47a3-9bc5-60f4b54760d9,Seoudi Supermarket,Alpro Almond Milk with Dark Chocolate,Alpro,224.95,,EGP,Plant-Based Milk,Milk,N/A,1,L,,,https://seoudisupermarket.com/en/alpro-almond-milk-with-dark-chocolate-1-liter,Out of Stock,N/A,2026-09-14 18:16:32
06e3b59a-dc1b-47a3-9bc5-60f4b54760d9,Seoudi Supermarket,Coast Condensed Milk,Coast,109.95,,EGP,Condensed Milk,Milk,N/A,397,g,,,https://seoudisupermarket.com/en/coast-condensed-milk-397-g,Out of Stock,N/A,2026-09-14 18:16:32
06e3b59a-dc1b-47a3-9bc5-60f4b54760d9,Seoudi Supermarket,Lamar Chocolate Almond Milk,Lamar,23.45,,EGP,Plant-Based Milk,Milk,N/A,200,ml,,,https://seoudisupermarket.com/en/lamar-chocolate-almond-milk-200-ml,Out of Stock,N/A,2026-09-14 18:16:32
06e3b59a-dc1b-47a3-9bc5-60f4b54760d9,Seoudi Supermarket,Nido Powder Rich in Fiber Milk,Nido,399.95,,EGP,Powdered Milk,Milk,N/A,900,g,,,https://seoudisupermarket.com/en/%D9%86%D9%8A%D8%AF%D9%88-%D9%84%D8%A8%D9%86-%D8%A8%D9%88%D8%AF%D8%B1%D8%A9-%D8%BA%D9%86%D9%8A-%D8%A8%D8%A7%D9%84%D8%A7%D9%84%D9%8A%D8%A7%D9%81-900-%D8%AC%D9%85,Out of Stock,N/A,2026-09-14 18:16:32
06e3b59a-dc1b-47a3-9bc5-60f4b54760d9,Seoudi Supermarket,Lamar TOM Coconut Milk,Lamar,124.95,,EGP,Plant-Based Milk,Milk,N/A,1,L,,,https://seoudisupermarket.com/en/lamar-tom-coconut-milk-1-liter,Out of Stock,N/A,2026-09-14 18:16:32
06e3b59a-dc1b-47a3-9bc5-60f4b54760d9,Seoudi Supermarket,Rizi Coconut Milk,,89.95,,EGP,Plant-Based Milk,Milk,N/A,400,g,,,https://seoudisupermarket.com/en/rizi-coconut-milk-400-g,Out of Stock,N/A,2026-09-14 18:16:32
06e3b59a-dc1b-47a3-9bc5-60f4b54760d9,Seoudi Supermarket,Queen Coconut Milk,Queen,65.75,,EGP,Plant-Based Milk,Milk,N/A,400,g,,,https://seoudisupermarket.com/en/queen-coconut-milk-400-g,Out of Stock,N/A,2026-09-14 18:16:32
06e3b59a-dc1b-47a3-9bc5-60f4b54760d9,Seoudi Supermarket,Coast Evaporated Milk,Coast,42.95,,EGP,Evaporated Milk,Milk,N/A,170,g,,,https://seoudisupermarket.com/en/coast-evaporated-milk-170-g,Out of Stock,N/A,2026-09-14 18:16:32
06e3b59a-dc1b-47a3-9bc5-60f4b54760d9,Seoudi Supermarket,Albany Cream with Honey Flavor,Albany,53.95,,EGP,Cream,Milk,N/A,155,g,,,https://seoudisupermarket.com/en/albany-cream-with-honey-flavor-155-g,Out of Stock,N/A,2026-09-14 18:16:32
06e3b59a-dc1b-47a3-9bc5-60f4b54760d9,Seoudi Supermarket,Lamar Biscuits Oat Milk,Lamar,23.25,,EGP,Plant-Based Milk,Milk,N/A,200,ml,,,https://seoudisupermarket.com/en/lamar-biscuits-oat-milk-200-ml,Out of Stock,N/A,2026-09-14 18:16:32
06e3b59a-dc1b-47a3-9bc5-60f4b54760d9,Seoudi Supermarket,Lamar Full Cream Milk,Lamar,28.95,,EGP,Fresh Milk,Milk,N/A,500,ml,,,https://seoudisupermarket.com/en/lamar-full-cream-milk-500-ml,Out of Stock,N/A,2026-09-14 18:16:32
06e3b59a-dc1b-47a3-9bc5-60f4b54760d9,Seoudi Supermarket,Thai Coco Pure Coconut Water,Thai Coco,94.95,,EGP,Plant-Based Milk,Milk,N/A,310,ml,,,https://seoudisupermarket.com/en/thai-coco-pure-coconut-water-310-ml,Out of Stock,N/A,2026-09-14 18:16:32
06e3b59a-dc1b-47a3-9bc5-60f4b54760d9,Seoudi Supermarket,Riso Scotti Original Almond Gluten Free Milk,Riso Scotti,139.95,,EGP,Plant-Based Milk,Milk,N/A,1,L,,,https://seoudisupermarket.com/en/riso-scotti-original-almond-gluten-free-milk-1-liter,Out of Stock,N/A,2026-09-14 18:16:32
06e3b59a-dc1b-47a3-9bc5-60f4b54760d9,Seoudi Supermarket,Aroy-D Coconut Milk,Aroy-D,253.45,,EGP,Plant-Based Milk,Milk,N/A,1,L,,,https://seoudisupermarket.com/en/aroyd-coconut-milk-1-liter,Out of Stock,N/A,2026-09-14 18:16:32
06e3b59a-dc1b-47a3-9bc5-60f4b54760d9,Seoudi Supermarket,Riso Scotti Gluten Free Oats Milk,Riso Scotti,139.95,,EGP,Plant-Based Milk,Milk,N/A,1,L,,,https://seoudisupermarket.com/en/riso-scotti-gluten-free-oats-milk-1-liter,Out of Stock,N/A,2026-09-14 18:16:32
06e3b59a-dc1b-47a3-9bc5-60f4b54760d9,Seoudi Supermarket,Riso Scotti Rice and Coconut Gluten Free Milk,Riso Scotti,139.95,,EGP,Plant-Based Milk,Milk,N/A,1,L,,,https://seoudisupermarket.com/en/riso-scotti-rice-and-coconut-gluten-free-milk-1-liter,Out of Stock,N/A,2026-09-14 18:16:32
06e3b59a-dc1b-47a3-9bc5-60f4b54760d9,Seoudi Supermarket,Luna Evaporated Milk,Luna,74.95,,EGP,Evaporated Milk,Milk,N/A,410,g,,,https://seoudisupermarket.com/en/luna-evaporated-milk-410-g,Out of Stock,N/A,2026-09-14 18:16:32
06e3b59a-dc1b-47a3-9bc5-60f4b54760d9,Seoudi Supermarket,Juhayna Mix Chocolate Milk - Pack of 27,Juhayna,320.45,,EGP,Flavored Milk,Milk,N/A,200,ml,,,https://seoudisupermarket.com/en/,Out of Stock,N/A,2026-09-14 18:16:32
06e3b59a-dc1b-47a3-9bc5-60f4b54760d9,Seoudi Supermarket,Dobella Coconut Milk with Coconut Pieces,Dobella,81.95,,EGP,Plant-Based Milk,Milk,N/A,290,ml,,,https://seoudisupermarket.com/en/dobella-coconut-milk-with-coconut-pieces-290-ml,Out of Stock,N/A,2026-09-14 18:16:32
06e3b59a-dc1b-47a3-9bc5-60f4b54760d9,Seoudi Supermarket,Thai Coconut Milk Concentrate 18%,"Thai ",75.45,,EGP,Plant-Based Milk,Milk,N/A,400,ml,,,https://seoudisupermarket.com/en/thai-coconut-milk-concentrate-18-400-ml,Out of Stock,N/A,2026-09-14 18:16:32
06e3b59a-dc1b-47a3-9bc5-60f4b54760d9,Seoudi Supermarket,Queen Coconut Cream,Queen,109.95,,EGP,Cream,Milk,N/A,400,ml,,,https://seoudisupermarket.com/en/queen-coconut-cream-400-ml,Out of Stock,N/A,2026-09-14 18:16:32
06e3b59a-dc1b-47a3-9bc5-60f4b54760d9,Seoudi Supermarket,Luna Cream with vegetable Oil,Luna,45.45,,EGP,Cream,Milk,N/A,155,g,,,https://seoudisupermarket.com/en/luna-cream-with-vegetable-oil-155-g,Out of Stock,N/A,2026-09-14 18:16:32
06e3b59a-dc1b-47a3-9bc5-60f4b54760d9,Seoudi Supermarket,Thai Coco Light Coconut Milk 7%,Thai Coco,84.95,,EGP,Plant-Based Milk,Milk,N/A,400,ml,,,https://seoudisupermarket.com/en/thai-coco-lite-coconut-milk-7-400-ml,Out of Stock,N/A,2026-09-14 18:16:32
06e3b59a-dc1b-47a3-9bc5-60f4b54760d9,Seoudi Supermarket,Aria Chocolate Milk,Aria,12.75,,EGP,Flavored Milk,Milk,N/A,200,ml,,,https://seoudisupermarket.com/en/aria-chocolate-milk-200-ml,Out of Stock,N/A,2026-09-14 18:16:32
06e3b59a-dc1b-47a3-9bc5-60f4b54760d9,Seoudi Supermarket,Dina Farms Coffee Flavored Milk,Dina Farms,41.95,,EGP,Flavored Milk,Milk,N/A,400,ml,,,https://seoudisupermarket.com/en/dina-farms-coffee-flavored-milk-400-ml,Out of Stock,N/A,2026-09-14 18:16:32
06e3b59a-dc1b-47a3-9bc5-60f4b54760d9,Seoudi Supermarket,Siam Coconut Milk,Siam,139.95,,EGP,Plant-Based Milk,Milk,N/A,400,ml,,,https://seoudisupermarket.com/en/siam-coconut-milk-400-ml,Out of Stock,N/A,2026-09-14 18:16:32
06e3b59a-dc1b-47a3-9bc5-60f4b54760d9,Seoudi Supermarket,Juhayna Mix Banana Milk - Pack of 6 - Discount%,Juhayna,65.25,,EGP,Flavored Milk,Milk,N/A,200,ml,,,https://seoudisupermarket.com/en/juhayna-mix-banana-milk-200-ml-pack-of-6-discount,Out of Stock,N/A,2026-09-14 18:16:32
06e3b59a-dc1b-47a3-9bc5-60f4b54760d9,Seoudi Supermarket,Juhayna Mix Chocolate Milk - Pack of 6 - Discount%,Juhayna,65.25,,EGP,Flavored Milk,Milk,N/A,200,ml,,,https://seoudisupermarket.com/en/juhayna-mix-chocolate-milk-200-ml-pack-of-6-discount,Out of Stock,N/A,2026-09-14 18:16:32
06e3b59a-dc1b-47a3-9bc5-60f4b54760d9,Seoudi Supermarket,Dina Farms Natural Rayeb Milk,Dina Farms,54.5,,EGP,Yogurt Drink,Milk,N/A,850,ml,,,https://seoudisupermarket.com/en/dina-farms-natural-rayeb-milk-850-ml,Out of Stock,N/A,2026-09-14 18:16:32
06e3b59a-dc1b-47a3-9bc5-60f4b54760d9,Seoudi Supermarket,Alasdekaa Full Cream Buffalo Milk,Alasdekaa,68.95,70.5,EGP,Fresh Milk,Milk,N/A,850,ml,2,,https://seoudisupermarket.com/en/alasdekaa-full-cream-buffalo-milk-850-ml,Out of Stock,N/A,2026-09-14 18:16:32
06e3b59a-dc1b-47a3-9bc5-60f4b54760d9,Seoudi Supermarket,Mafaza Full Cream Buffalo Milk,Mafaza,83.95,96.5,EGP,Fresh Milk,Milk,N/A,850,ml,13,,https://seoudisupermarket.com/en/mafaza-full-cream-buffalo-milk-850-ml,Out of Stock,N/A,2026-09-14 18:16:32
06e3b59a-dc1b-47a3-9bc5-60f4b54760d9,Seoudi Supermarket,Aria Skimmed Milk,Aria,49.95,,EGP,Fresh Milk,Milk,N/A,1,L,,,https://seoudisupermarket.com/en/aria-skimmed-milk-1-liter,Out of Stock,N/A,2026-09-14 18:16:32
06e3b59a-dc1b-47a3-9bc5-60f4b54760d9,Seoudi Supermarket,Aria Banana Milk,Aria,9.75,,EGP,Flavored Milk,Milk,N/A,125,ml,,,https://seoudisupermarket.com/en/aria-banana-milk-125-ml,Out of Stock,N/A,2026-09-14 18:16:32
06e3b59a-dc1b-47a3-9bc5-60f4b54760d9,Seoudi Supermarket,Dina Farms Light Rayeb Milk,Dina Farms,54.5,,EGP,Yogurt Drink,Milk,N/A,850,ml,,,https://seoudisupermarket.com/en/dina-farms-light-rayeb-milk-850-ml,Out of Stock,N/A,2026-09-14 18:16:32
06e3b59a-dc1b-47a3-9bc5-60f4b54760d9,Seoudi Supermarket,Mana Evaporated Milk,Mana,36.95,,EGP,Evaporated Milk,Milk,N/A,159,ml,,,https://seoudisupermarket.com/en/mana-evaporated-milk-159-ml,Out of Stock,N/A,2026-09-14 18:16:32
06e3b59a-dc1b-47a3-9bc5-60f4b54760d9,Seoudi Supermarket,Nestle Condensed Sweetened Milk,Nestle,209.95,,EGP,Condensed Milk,Milk,N/A,450,g,,,https://seoudisupermarket.com/en/nestle-condensed-sweetened-milk-450-g,Out of Stock,N/A,2026-09-14 18:16:32
06e3b59a-dc1b-47a3-9bc5-60f4b54760d9,Seoudi Supermarket,Dina Farms Chocolate Milk,Dina Farms,60.5,,EGP,Flavored Milk,Milk,N/A,850,ml,,,https://seoudisupermarket.com/en/dina-farms-chocolate-milk-850-ml,Out of Stock,N/A,2026-09-14 18:16:32
06e3b59a-dc1b-47a3-9bc5-60f4b54760d9,Seoudi Supermarket,Dina Farms Strwaberry Milk,Dina Farms,19.95,,EGP,Fresh Milk,Milk,N/A,250,ml,,,https://seoudisupermarket.com/en/dina-farms-strwaberry-milk-250-ml,Out of Stock,N/A,2026-09-14 18:16:32
06e3b59a-dc1b-47a3-9bc5-60f4b54760d9,Seoudi Supermarket,Coco Royal Coconut Milk with Strawberry Flavor,Coco Royal,79.75,,EGP,Plant-Based Milk,Milk,N/A,290,ml,,,https://seoudisupermarket.com/en/coco-royal-coconut-milk-with-strawberry-flavor-290-ml,Out of Stock,N/A,2026-09-14 18:16:32
06e3b59a-dc1b-47a3-9bc5-60f4b54760d9,Seoudi Supermarket,Happy Day Sweetened Condensed Milk,Happy Day,119.95,,EGP,Condensed Milk,Milk,N/A,397,g,,,https://seoudisupermarket.com/en/happy-day-sweetened-condensed-milk-397-g,Out of Stock,N/A,2026-09-14 18:16:32
1,Seoudi Supermarket,Afia Sunflower Oil,Afia,474.95,,EGP,Sunflower Oil,Oil,Sunflower Oil,4.5,L,,,https://seoudisupermarket.com/en/afia-sunflower-oil-4-5-liters,In Stock,,2026-09-14 18:21:26.070169
2,Seoudi Supermarket,Wadi Food Virgin Olive Oil,Wadi Food,824.75,,EGP,Olive Oil,Oil,Olive Oil,1.0,L,,,https://seoudisupermarket.com/en/wadi-food-virgin-olive-oil-1-liter-with-500-ml,In Stock,,2026-09-14 18:21:26.084169
3,Seoudi Supermarket,Seoudi Extra Virgin Olive Oil,Seoudi,699.0,,EGP,Olive Oil,Oil,Olive Oil,750.0,ml,,,https://seoudisupermarket.com/en/seoudi-extra-virgin-olive-oil-750-ml,In Stock,,2026-09-14 18:21:26.085170
4,Seoudi Supermarket,Seoudi Extra Virgin Olive Oil,Seoudi,279.0,,EGP,Olive Oil,Oil,Olive Oil,250.0,ml,,,https://seoudisupermarket.com/en/seoudi-extra-virgin-olive-oil-250-ml,In Stock,,2026-09-14 18:21:26.086169
5,Seoudi Supermarket,"Zitouna Extra Virgin Olive Oil, Plastic Bottle",Zitouna,609.95,,EGP,Olive Oil,Oil,Olive Oil,1.0,L,,,https://seoudisupermarket.com/en/zitouna-extra-virgin-olive-oil-plastic-bottle-1-liter,In Stock,,2026-09-14 18:21:26.088168
6,Seoudi Supermarket,King Rice Bran Oil,King,519.95,,EGP,Rice Bran Oil,Oil,Rice Bran Oil,2.0,L,,,https://seoudisupermarket.com/en/king-rice-bran-oil-2-liter,In Stock,,2026-09-14 18:21:26.089171
7,Seoudi Supermarket,Qaleya Cooking Oil,Qaleya,57.0,64.0,EGP,Cooking Oil,Oil,Cooking Oil,700.0,ml,11.0,,https://seoudisupermarket.com/en/qaleya-cooking-oil-700-ml,In Stock,,2026-09-14 18:21:26.090170
8,Seoudi Supermarket,Marvel Greek Olive Oil,Marvel,399.95,,EGP,Olive Oil,Oil,Olive Oil,500.0,ml,,,https://seoudisupermarket.com/en/marvel-greek-olive-oil-500-ml,In Stock,,2026-09-14 18:21:26.091172
9,Seoudi Supermarket,Crystal Corn Oil,Crystal,210.25,,EGP,Corn Oil,Oil,Corn Oil,1.6,L,,,https://seoudisupermarket.com/en/crystal-corn-oil-1-6-liter,In Stock,,2026-09-14 18:21:26.092168
10,Seoudi Supermarket,"Zitouna Excellent Olive Oil, Glass Bottle",Zitouna,327.95,,EGP,Olive Oil,Oil,Olive Oil,500.0,ml,,,https://seoudisupermarket.com/en/zitouna-excellent-olive-oil-glass-bottle-500-ml,In Stock,,2026-09-14 18:21:26.093173
11,Seoudi Supermarket,Afia Sunflower Oil,Afia,77.25,,EGP,Sunflower Oil,Oil,Sunflower Oil,700.0,ml,,,https://seoudisupermarket.com/en/afia-sunflower-oil-700-ml,In Stock,,2026-09-14 18:21:26.094168
12,Seoudi Supermarket,Crystal Sunflower Oil,Crystal,237.25,,EGP,Sunflower Oil,Oil,Sunflower Oil,2.2,L,,,https://seoudisupermarket.com/en/crystal-sunflower-oil-2-2-liter,In Stock,,2026-09-14 18:21:26.095170
13,Seoudi Supermarket,Karma Foods Flaxseed Oil,Karma Foods,84.95,,EGP,Flaxseed Oil,Oil,Flaxseed Oil,250.0,ml,,,https://seoudisupermarket.com/en/karma-foods-flaxseed-oil-250-ml,In Stock,,2026-09-14 18:21:26.096169
14,Seoudi Supermarket,Wadi Food Virgin Olive Oil,Wadi Food,394.95,446.95,EGP,Olive Oil,Oil,Olive Oil,500.0,ml,12.0,,https://seoudisupermarket.com/en/wadi-food-virgin-olive-oil-500-ml,In Stock,,2026-09-14 18:21:26.097169
15,Seoudi Supermarket,Wadi Food Extra Virgin Olive Oil,Wadi Food,424.45,482.45,EGP,Olive Oil,Oil,Olive Oil,500.0,ml,12.0,,https://seoudisupermarket.com/en/%D9%88%D8%A7%D8%AF%D9%89-%D9%81%D9%88%D8%AF-%D8%B2%D9%8A%D8%AA-%D8%B2%D9%8A%D8%AA%D9%88%D9%86-%D9%85%D9%85%D8%AA%D8%A7%D8%B2500%D9%85%D9%84-6223000190630,In Stock,,2026-09-14 18:21:26.097169
16,Seoudi Supermarket,Crystal Sunflower Oil Spray,Crystal,24.5,,EGP,Sunflower Oil,Oil,Sunflower Oil,200.0,ml,,,https://seoudisupermarket.com/en/crystal-sunflower-oil-spray-200-ml,In Stock,,2026-09-14 18:21:26.098676
17,Seoudi Supermarket,Hedaya Mixed Oil,Hedaya,366.75,,EGP,Mixed Oil,Oil,Mixed Oil,4.5,L,,,https://seoudisupermarket.com/en/hedaya-cooking-oil-4-5-liter,In Stock,,2026-09-14 18:21:26.099687
18,Seoudi Supermarket,Hedeya Cooking Oil,Hedaya,57.0,64.0,EGP,Cooking Oil,Oil,Cooking Oil,700.0,ml,11.0,,https://seoudisupermarket.com/en/hedeya-cooking-oil-700-ml,In Stock,,2026-09-14 18:21:26.100684
19,Seoudi Supermarket,iliada Extra Virgin Olive Oil,Iliada,593.95,,EGP,Olive Oil,Oil,Olive Oil,500.0,ml,,,https://seoudisupermarket.com/en/iliada-extra-virgin-olive-oil-500-ml,In Stock,,2026-09-14 18:21:26.101685
20,Seoudi Supermarket,Khoshala Extra Virgin Olive Oil,Khoshala,354.95,,EGP,Olive Oil,Oil,Olive Oil,500.0,ml,,,https://seoudisupermarket.com/en/khoshala-extra-virgin-olive-oil-500-ml,In Stock,,2026-09-14 18:21:26.102685
21,Seoudi Supermarket,Slite Sunflower Oil,Slite,214.25,,EGP,Sunflower Oil,Oil,Sunflower Oil,2.1,L,,,https://seoudisupermarket.com/en/slite-sunflower-oil-2-1-liter,In Stock,,2026-09-14 18:21:26.102685
22,Seoudi Supermarket,Afia Corn Plus Oil,Afia,201.0,,EGP,Corn Oil,Oil,Corn Oil,1.6,L,,,https://seoudisupermarket.com/en/afia-corn-plus-oil-1-6-liter,In Stock,,2026-09-14 18:21:26.103684
23,Seoudi Supermarket,Borges Extra Virgin Olive Oil,Borges,907.95,,EGP,Olive Oil,Oil,Olive Oil,1.0,L,,,https://seoudisupermarket.com/en/borges-extra-virgin-olive-oil-1-liter,Out of Stock,,2026-09-14 18:21:26.104684
24,Seoudi Supermarket,Slite Sunflower Oil,Slite,70.95,,EGP,Sunflower Oil,Oil,Sunflower Oil,675.0,ml,,,https://seoudisupermarket.com/en/slite-sunflower-oil-675-ml,In Stock,,2026-09-14 18:21:26.105684
25,Seoudi Supermarket,Afia Plus Corn Oil,Afia,89.75,,EGP,Corn Oil,Oil,Corn Oil,700.0,ml,,,https://seoudisupermarket.com/en/afia-plus-corn-oil-700-ml,In Stock,,2026-09-14 18:21:26.105684
26,Seoudi Supermarket,Crystal Corn Oil,Crystal,95.25,,EGP,Corn Oil,Oil,Corn Oil,700.0,ml,,,https://seoudisupermarket.com/en/crystal-corn-oil-700-ml,In Stock,,2026-09-14 18:21:26.106685
27,Seoudi Supermarket,"Zitouna Extra Virgin Olive Oil, Glass Bottle",Zitouna,644.95,,EGP,Olive Oil,Oil,Olive Oil,1.0,L,,,https://seoudisupermarket.com/en/zitouna-extra-virgin-olive-oil-glass-bottle-1-liter,In Stock,,2026-09-14 18:21:26.107685
28,Seoudi Supermarket,Wadi Food Extra Virgin Olive oil,Wadi Food,553.95,,EGP,Olive Oil,Oil,Olive Oil,500.0,ml,,,https://seoudisupermarket.com/en/wadi-food-extra-virgin-olive-oil-500-ml,In Stock,,2026-09-14 18:21:26.108685
29,Seoudi Supermarket,Hla Sunflower Oil,Hla,507.45,,EGP,Sunflower Oil,Oil,Sunflower Oil,5.0,L,,,https://seoudisupermarket.com/en/hla-sunflower-oil-5-liter,In Stock,,2026-09-14 18:21:26.109686
30,Seoudi Supermarket,Spritz Truffle Oil Spray,Spritz,239.95,,EGP,Truffle Oil,Oil,Truffle Oil,200.0,ml,,,https://seoudisupermarket.com/en/spritz-truffle-oil-spray-200-ml,In Stock,,2026-09-14 18:21:26.110685
31,Seoudi Supermarket,El Momtaz Mixed Oil for Cooking & Frying,El Momtaz,64.25,,EGP,Mixed Oil,Oil,Mixed Oil,700.0,ml,,,https://seoudisupermarket.com/en/el-momtaz-cooking-oil-700-ml,In Stock,,2026-09-14 18:21:26.111683
32,Seoudi Supermarket,Terra Olive Oil Spray,Terra,399.95,,EGP,Olive Oil,Oil,Olive Oil,200.0,ml,,,https://seoudisupermarket.com/en/terra-olive-oil-spray-200-ml,In Stock,,2026-09-14 18:21:26.112683
33,Seoudi Supermarket,Spritz Olive Oil Spray,Spritz,349.95,,EGP,Olive Oil,Oil,Olive Oil,200.0,ml,,,https://seoudisupermarket.com/en/spritz-olive-oil-spray-200-ml,In Stock,,2026-09-14 18:21:26.113683
34,Seoudi Supermarket,Sunny Mixed Oil for Cooking & Frying,Sunny,163.95,,EGP,Mixed Oil,Oil,Mixed Oil,1.75,L,,,https://seoudisupermarket.com/en/sunny-mixed-oil-for-cooking-frying-1-75-liter,In Stock,,2026-09-14 18:21:26.113683
35,Seoudi Supermarket,Slite Sunflower Oil,Slite,157.75,,EGP,Sunflower Oil,Oil,Sunflower Oil,1.5,L,,,https://seoudisupermarket.com/en/slite-sunflower-oil-1-5-liter,In Stock,,2026-09-14 18:21:26.115685
36,Seoudi Supermarket,Karma Foods Coconut Oil,Karma Foods,109.95,,EGP,Coconut Oil,Oil,Coconut Oil,250.0,ml,,,https://seoudisupermarket.com/en/karma-foods-coconut-oil-250-ml,In Stock,,2026-09-14 18:21:26.116689
37,Seoudi Supermarket,Afia Corn Oil,Afia,210.25,,EGP,Corn Oil,Oil,Corn Oil,1.6,L,,,https://seoudisupermarket.com/en/afia-corn-oil-1-6-liter,In Stock,,2026-09-14 18:21:26.116689
38,Seoudi Supermarket,Wadi Food Virgin Olive Oil,Wadi Food,734.95,824.75,EGP,Olive Oil,Oil,Olive Oil,1.0,L,11.0,,https://seoudisupermarket.com/en/wadi-food-virgin-olive-oil-1-liter,In Stock,,2026-09-14 18:21:26.117688
39,Seoudi Supermarket,Al Asil Oil for Cooking & Frying,Al Asil,217.95,,EGP,Mixed Oil,Oil,Mixed Oil,2.25,L,,,https://seoudisupermarket.com/en/al-asil-sunflower-oil-2-25-liter,In Stock,,2026-09-14 18:21:26.118688
40,Seoudi Supermarket,King Rice Bran Oil,King,264.95,,EGP,Rice Bran Oil,Oil,Rice Bran Oil,1.0,L,,,https://seoudisupermarket.com/en/king-rice-bran-oil-1-liter,In Stock,,2026-09-14 18:21:26.119687
41,Seoudi Supermarket,Karma Foods Sweet Almond Oil,Karma Foods,139.95,,EGP,Sweet Almond Oil,Oil,Sweet Almond Oil,250.0,ml,,,https://seoudisupermarket.com/en/karma-foods-sweet-almond-oil-250-ml,In Stock,,2026-09-14 18:21:26.120687
42,Seoudi Supermarket,Hedaya Oil,Hedaya,77.0,83.95,EGP,Other Oil,Oil,Other Oil,1.0,L,8.0,,https://seoudisupermarket.com/en/hedaya-oil-1-liter,In Stock,,2026-09-14 18:21:26.120687
43,Seoudi Supermarket,Zitouna Extra Virgin Olive Oil,Zitouna,162.95,,EGP,Olive Oil,Oil,Olive Oil,250.0,ml,,,https://seoudisupermarket.com/en/zitouna-extra-virgin-olive-oil-250-ml,In Stock,,2026-09-14 18:21:26.121687
44,Seoudi Supermarket,Qalyea Cooking Oil,Qaleya,77.0,83.95,EGP,Cooking Oil,Oil,Cooking Oil,1.0,L,8.0,,https://seoudisupermarket.com/en/qalyea-cooking-oil-1-liter,In Stock,,2026-09-14 18:21:26.122703
45,Seoudi Supermarket,Gold River Organic Olive Oil,Gold River,219.95,,EGP,Olive Oil,Oil,Olive Oil,250.0,ml,,,https://seoudisupermarket.com/en/gold-river-organic-olive-oil-250-ml,In Stock,,2026-09-14 18:21:26.123688
46,Seoudi Supermarket,Wadi Food Extra Virgin Olive Oil + Virgin Olive Oil,Wadi Food,482.45,,EGP,Olive Oil,Oil,Olive Oil,500.0,ml,,,https://seoudisupermarket.com/en/wadi-food-extra-virgin-olive-oil-500-ml-250-ml,In Stock,,2026-09-14 18:21:26.124688
47,Seoudi Supermarket,Marvel Greek Extra Virgin Olive Oil,Marvel,714.95,,EGP,Olive Oil,Oil,Olive Oil,1.0,L,,,https://seoudisupermarket.com/en/marvel-greek-extra-virgin-olive-oil-1-liter,In Stock,,2026-09-14 18:21:26.124688
48,Seoudi Supermarket,Hla Sunflower Oil,Hla,157.75,,EGP,Sunflower Oil,Oil,Sunflower Oil,1.5,L,,,https://seoudisupermarket.com/en/hla-sunflower-oil-1-5-l,In Stock,,2026-09-14 18:21:26.125688
49,Seoudi Supermarket,Wadi Food Extra Virgin Olive Oil,Wadi Food,789.95,888.95,EGP,Olive Oil,Oil,Olive Oil,1.0,L,11.0,,https://seoudisupermarket.com/en/wadi-food-extra-virgin-olive-oil-1-liter,In Stock,,2026-09-14 18:21:26.126688
50,Seoudi Supermarket,Crystal Corn Oil Spray,Crystal,26.25,,EGP,Corn Oil,Oil,Corn Oil,200.0,ml,,,https://seoudisupermarket.com/en/crystal-corn-oil-spray-200-ml,In Stock,,2026-09-14 18:21:26.127688
51,Seoudi Supermarket,Crystal Sunflower Oil,Crystal,107.45,,EGP,Sunflower Oil,Oil,Sunflower Oil,1.0,L,,,https://seoudisupermarket.com/en/crystal-sunflower-oil-1-liter,In Stock,,2026-09-14 18:21:31.540369
52,Seoudi Supermarket,Crystal Sunflower Oil,Crystal,528.25,,EGP,Sunflower Oil,Oil,Sunflower Oil,5.0,L,,,https://seoudisupermarket.com/en/crystal-sunflower-oil-5-liter,In Stock,,2026-09-14 18:21:31.541372
53,Seoudi Supermarket,Sunny Mixed Oil for Cooking & Frying,Sunny,72.95,,EGP,Mixed Oil,Oil,Mixed Oil,700.0,ml,,,https://seoudisupermarket.com/en/sunny-sunflower-oil-blend-700-ml,In Stock,,2026-09-14 18:21:31.542368
54,Seoudi Supermarket,Isis Extra Virgin Olive Oil,Isis,204.95,239.95,EGP,Olive Oil,Oil,Olive Oil,250.0,ml,15.0,,https://seoudisupermarket.com/en/isis-extra-virgin-olive-oil-250-ml,In Stock,,2026-09-14 18:21:31.543370
55,Seoudi Supermarket,Hla Sunflower Oil,Hla,73.75,,EGP,Sunflower Oil,Oil,Sunflower Oil,700.0,ml,,,https://seoudisupermarket.com/en/hla-sunflower-oil-700-ml,In Stock,,2026-09-14 18:21:31.544371
56,Seoudi Supermarket,Hla Sunflower Oil,Hla,224.95,,EGP,Sunflower Oil,Oil,Sunflower Oil,2.25,L,,,https://seoudisupermarket.com/en/hla-sunflower-oil-2-25-liter,In Stock,,2026-09-14 18:21:31.545367
57,Seoudi Supermarket,Afia Plus Corn Oil,Afia,269.95,,EGP,Corn Oil,Oil,Corn Oil,2.2,L,,,https://seoudisupermarket.com/en/afia-plus-corn-oil-2-2-liter,In Stock,,2026-09-14 18:21:31.546368
58,Seoudi Supermarket,Crystal Sunflower Oil,Crystal,173.95,,EGP,Sunflower Oil,Oil,Sunflower Oil,1.6,L,,,https://seoudisupermarket.com/en/crystal-sunflower-oil-1-6-liter,In Stock,,2026-09-14 18:21:31.547369
59,Seoudi Supermarket,Crystal Sunflower Oil,Crystal,77.25,,EGP,Sunflower Oil,Oil,Sunflower Oil,700.0,ml,,,https://seoudisupermarket.com/en/crystal-sunflower-oil-700-ml,In Stock,,2026-09-14 18:21:31.548367
60,Seoudi Supermarket,Al Asil Sunflower Oil,Al Asil,71.75,,EGP,Sunflower Oil,Oil,Sunflower Oil,700.0,ml,,,https://seoudisupermarket.com/en/al-asil-sunflower-oil-700-ml,In Stock,,2026-09-14 18:21:31.549370
61,Seoudi Supermarket,"Zitouna Extra Virgin Olive Oil, Plastic Bottle",Zitouna,309.95,,EGP,Olive Oil,Oil,Olive Oil,500.0,ml,,,https://seoudisupermarket.com/en/zitouna-extra-virgin-olive-oil-plastic-bottle-500-ml,In Stock,,2026-09-14 18:21:31.550366
62,Seoudi Supermarket,Wadi Food Extra Virgin Olive Oil,Wadi Food,312.45,,EGP,Olive Oil,Oil,Olive Oil,250.0,ml,,,https://seoudisupermarket.com/en/wadi-food-extra-virgin-olive-oil-250-ml,In Stock,,2026-09-14 18:21:31.550366
63,Seoudi Supermarket,Sunny Mixed Oil for Cooking & Frying,Sunny,224.95,,EGP,Mixed Oil,Oil,Mixed Oil,2.4,L,,,https://seoudisupermarket.com/en/sunny-sunflower-oil-2-4-liter,In Stock,,2026-09-14 18:21:31.551371
64,Seoudi Supermarket,Crystal Corn Oil,Crystal,443.95,,EGP,Corn Oil,Oil,Corn Oil,3.5,L,,,https://seoudisupermarket.com/en/crystal-corn-oil-3-5-liters,In Stock,,2026-09-14 18:21:31.552371
65,Seoudi Supermarket,Mazzetti Organic Apple Vinegar,"Mazzetti ",364.95,,EGP,Other Oil,Oil,Other Oil,500.0,ml,,,https://seoudisupermarket.com/en/mazzetti-organic-apple-vinegar-500-ml,In Stock,,2026-09-14 18:21:31.552371
66,Seoudi Supermarket,Wadi Food Extra Virgin Olive Oil,Wadi Food,239.95,273.45,EGP,Olive Oil,Oil,Olive Oil,250.0,ml,12.0,,https://seoudisupermarket.com/en/%D9%88%D8%A7%D8%AF%D9%89-%D9%81%D9%88%D8%AF-%D8%B2%D9%8A%D8%AA-%D8%B2%D9%8A%D8%AA%D9%88%D9%86-%D9%85%D9%85%D8%AA%D8%A7%D8%B2250%D9%85%D9%84-6223000190623,In Stock,,2026-09-14 18:21:31.553371
67,Seoudi Supermarket,Helwa Cooking Oil,Helwa,366.5,,EGP,Cooking Oil,Oil,Cooking Oil,4.5,L,,,https://seoudisupermarket.com/en/helwa-cooking-oil-4-5-liter,In Stock,,2026-09-14 18:21:31.554370
68,Seoudi Supermarket,Crystal Corn Oil,Crystal,134.25,,EGP,Corn Oil,Oil,Corn Oil,1.0,L,,,https://seoudisupermarket.com/en/crystal-corn-oil-1-liter,In Stock,,2026-09-14 18:21:31.555367
69,Seoudi Supermarket,Sunny Mixed Oil for Cooking & Frying,Sunny,399.95,,EGP,Mixed Oil,Oil,Mixed Oil,4.4,L,,,https://seoudisupermarket.com/en/sunny-sunflower-oil-4-4-liter,In Stock,,2026-09-14 18:21:31.556366
70,Seoudi Supermarket,Afia Sunflower Oil,Afia,237.25,,EGP,Sunflower Oil,Oil,Sunflower Oil,2.2,L,,,https://seoudisupermarket.com/en/afia-sunflower-oil-2-2-liter,In Stock,,2026-09-14 18:21:31.556366
71,Seoudi Supermarket,Helwa Cooking Oil,Helwa,178.45,181.25,EGP,Cooking Oil,Oil,Cooking Oil,2.25,L,2.0,,https://seoudisupermarket.com/en/helwa-cooking-oil-2-25-liter,In Stock,,2026-09-14 18:21:31.557366
72,Seoudi Supermarket,Qaleya Cooking Oil,Qaleya,366.75,,EGP,Cooking Oil,Oil,Cooking Oil,4.5,L,,,https://seoudisupermarket.com/en/qaleya-cooking-oil-4-5-liter,In Stock,,2026-09-14 18:21:31.558366
73,Seoudi Supermarket,Wadi Food Vergin Olive Oil,Wadi Food,224.95,253.95,EGP,Olive Oil,Oil,Olive Oil,250.0,ml,11.0,,https://seoudisupermarket.com/en/wadi-food-vergin-olive-oil-250-ml,In Stock,,2026-09-14 18:21:31.559366
74,Seoudi Supermarket,El Momtaz Mixed Oil for Cooking & Frying,El Momtaz,83.95,,EGP,Mixed Oil,Oil,Mixed Oil,1.0,L,,,https://seoudisupermarket.com/en/el-momtaz-cooking-oil-1-liter,In Stock,,2026-09-14 18:21:31.559366
75,Seoudi Supermarket,Hedya Oil,Hedaya,175.75,,EGP,Other Oil,Oil,Other Oil,2.1,L,,,https://seoudisupermarket.com/en/hedya-oil-2-1-liter,In Stock,,2026-09-14 18:21:31.560366
76,Seoudi Supermarket,Afia Corn Oil,Afia,95.25,,EGP,Corn Oil,Oil,Corn Oil,700.0,ml,,,https://seoudisupermarket.com/en/afia-corn-oil-700-ml,In Stock,,2026-09-14 18:21:31.561367
77,Seoudi Supermarket,Spritz Sunflower Oil Spray,Spritz,179.95,,EGP,Sunflower Oil,Oil,Sunflower Oil,200.0,ml,,,https://seoudisupermarket.com/en/spritz-sunflower-oil-spray-200-ml,In Stock,,2026-09-14 18:21:31.562366
78,Seoudi Supermarket,Karma Foods Black Seed Oil,Karma Foods,264.95,,EGP,Black Seed Oil,Oil,Black Seed Oil,250.0,ml,,,https://seoudisupermarket.com/en/karma-foods-black-seed-oil-250-ml,In Stock,,2026-09-14 18:21:31.562366
79,Seoudi Supermarket,Helwa Cooking Oil,Helwa,55.0,64.25,EGP,Cooking Oil,Oil,Cooking Oil,700.0,ml,14.0,,https://seoudisupermarket.com/en/helwa-cooking-oil-700-ml,In Stock,,2026-09-14 18:21:31.563366
80,Seoudi Supermarket,Qalyea Cooking Oil,Qaleya,175.75,,EGP,Cooking Oil,Oil,Cooking Oil,2.1,L,,,https://seoudisupermarket.com/en/qalyea-cooking-oil-2-1-liter,In Stock,,2026-09-14 18:21:31.564366
81,Seoudi Supermarket,Al Asil Oil for Cooking & Frying,Al Asil,146.75,,EGP,Mixed Oil,Oil,Mixed Oil,1.5,L,,,https://seoudisupermarket.com/en/al-asil-sunflower-oil-1-5-liter,In Stock,,2026-09-14 18:21:31.565366
82,Seoudi Supermarket,Karma Foods Sesame Oil,Karma Foods,164.95,,EGP,Sesame Oil,Oil,Sesame Oil,250.0,ml,,,https://seoudisupermarket.com/en/karma-foods-sesame-oil-250-ml,In Stock,,2026-09-14 18:21:31.565366
83,Seoudi Supermarket,Helwa Sunflower Oil,Helwa,456.5,,EGP,Sunflower Oil,Oil,Sunflower Oil,4.5,L,,,https://seoudisupermarket.com/en/helwa-sunflower-oil-4-5-liter,In Stock,,2026-09-14 18:21:31.566366
84,Seoudi Supermarket,Karma Foods Pure Virgin Olive Oil,Karma Foods,274.95,,EGP,Olive Oil,Oil,Olive Oil,500.0,ml,,,https://seoudisupermarket.com/en/karma-foods-pure-virgin-olive-oil-500-ml,In Stock,,2026-09-14 18:21:31.567367
85,Seoudi Supermarket,Wadi Food Extra Virgin Olive Oil,Wadi Food,1631.95,,EGP,Olive Oil,Oil,Olive Oil,2.0,L,,,https://seoudisupermarket.com/en/wadi-food-extra-virgin-olive-oil-2-liter,In Stock,,2026-09-14 18:21:31.568367
86,Seoudi Supermarket,Katfa Sunflower Oil + Corn Oil,Katfa,134.95,180.0,EGP,Sunflower Oil,Oil,Sunflower Oil,700.0,ml,25.0,,https://seoudisupermarket.com/en/katfa-sunflower-oil-700-ml-corn-oil-700-ml,Out of Stock,,2026-09-14 18:21:31.568367
87,Seoudi Supermarket,Imtenan Natural Coconut Oil,Imtenan,294.95,,EGP,Coconut Oil,Oil,Coconut Oil,250.0,ml,,,https://seoudisupermarket.com/en/imtenan-natural-coconut-oil-250-ml,Out of Stock,,2026-09-14 18:21:31.569367
88,Seoudi Supermarket,Imtenan Sesame Oil,Imtenan,249.95,,EGP,Sesame Oil,Oil,Sesame Oil,250.0,ml,,,https://seoudisupermarket.com/en/imtenan-sesame-oil-250-ml,Out of Stock,,2026-09-14 18:21:31.569367
89,Seoudi Supermarket,Le Blanc Sunflower Oil,Le Blanc,309.95,339.95,EGP,Sunflower Oil,Oil,Sunflower Oil,3.0,L,9.0,,https://seoudisupermarket.com/en/le-blanc-sunflower-oil-3-liter,Out of Stock,,2026-09-14 18:21:31.570367
90,Seoudi Supermarket,lliada Gold Extra Virgin Olive Oil,Iliada,1124.95,,EGP,Olive Oil,Oil,Olive Oil,1.0,L,,,https://seoudisupermarket.com/en/%D8%A7%D9%84%D9%8A%D8%A7%D8%AF%D8%A7-%D8%AC%D9%88%D9%84%D8%AF-%D8%A7%D9%83%D8%B3%D8%AA%D8%B1%D8%A7-%D9%81%D9%8A%D8%B1%D8%AC%D9%86-1%D9%84%D8%AA%D8%B1-5201043112476,Out of Stock,,2026-09-14 18:21:31.571371
91,Seoudi Supermarket,Seoudi Extra Virgin Olive Oil,Seoudi,499.0,,EGP,Olive Oil,Oil,Olive Oil,500.0,ml,,,https://seoudisupermarket.com/en/seoudi-extra-virgin-olive-oil-500-ml,Out of Stock,,2026-09-14 18:21:31.571371
92,Seoudi Supermarket,Borges Extra Virgin Olive Oil,Borges,554.95,,EGP,Olive Oil,Oil,Olive Oil,500.0,ml,,,https://seoudisupermarket.com/en/borges-extra-virgin-olive-oil-500ml,Out of Stock,,2026-09-14 18:21:31.572371
93,Seoudi Supermarket,Katfa Sunflower Oil,Katfa,204.95,227.75,EGP,Sunflower Oil,Oil,Sunflower Oil,2.1,L,10.0,,https://seoudisupermarket.com/en/katfa-sunflower-oil-2-1-liters,Out of Stock,,2026-09-14 18:21:31.573370
94,Seoudi Supermarket,Katfa Corn Oil,Katfa,174.95,197.45,EGP,Corn Oil,Oil,Corn Oil,1.5,L,11.0,,https://seoudisupermarket.com/en/katfa-corn-oil-1-5-liters,Out of Stock,,2026-09-14 18:21:31.573370
95,Seoudi Supermarket,Monini Basil Olive Oil,Monini,327.75,,EGP,Olive Oil,Oil,Olive Oil,250.0,ml,,,https://seoudisupermarket.com/en/monini-basil-olive-oil-250-ml,Out of Stock,,2026-09-14 18:21:31.574371
96,Seoudi Supermarket,iliada Extra Olive Oil,Iliada,354.95,,EGP,Olive Oil,Oil,Olive Oil,250.0,g,,,https://seoudisupermarket.com/en/iliada-extra-olive-oil-250-g,Out of Stock,,2026-09-14 18:21:31.574371
97,Seoudi Supermarket,Isis Extra Virgin Olive Oil,Isis,574.95,674.95,EGP,Olive Oil,Oil,Olive Oil,750.0,ml,15.0,,https://seoudisupermarket.com/en/isis-extra-virgin-olive-oil-750-ml,Out of Stock,,2026-09-14 18:21:31.575370
98,Seoudi Supermarket,Karma Foods Virgin Olive Oil,Karma Foods,519.95,,EGP,Olive Oil,Oil,Olive Oil,1.0,L,,,https://seoudisupermarket.com/en/karma-foods-virgin-olive-oil-1-liter,Out of Stock,,2026-09-14 18:21:31.575370
99,Seoudi Supermarket,Slite Sunflower Oil,Slite,61.95,,EGP,Sunflower Oil,Oil,Sunflower Oil,700.0,ml,,,https://seoudisupermarket.com/en/slite-sunflower-oil-700-ml,Out of Stock,,2026-09-14 18:21:31.576373
100,Seoudi Supermarket,Devine Coconut Oil for Cooking,Divine,199.95,,EGP,Coconut Oil,Oil,Coconut Oil,300.0,ml,,,https://seoudisupermarket.com/en/devine-coconut-oil-for-cooking-300-ml,Out of Stock,,2026-09-14 18:21:38.843671
101,Seoudi Supermarket,Fahd Mixed Oil for Cooking & Frying,Fahd,48.45,,EGP,Mixed Oil,Oil,Mixed Oil,700.0,ml,,,https://seoudisupermarket.com/en/fahd-mixed-oil-700-ml,Out of Stock,,2026-09-14 18:21:38.844671
102,Seoudi Supermarket,Choice Flax Seed Oil,Choice,108.95,,EGP,Flaxseed Oil,Oil,Flaxseed Oil,250.0,ml,,,https://seoudisupermarket.com/en/choice-flax-seed-oil-250-ml,Out of Stock,,2026-09-14 18:21:38.845671
103,Seoudi Supermarket,Borges Canola Oil,Borges,379.95,,EGP,Canola Oil,Oil,Canola Oil,2.0,L,,,https://seoudisupermarket.com/en/borges-canola-oil-2-liter,Out of Stock,,2026-09-14 18:21:38.846671
104,Seoudi Supermarket,Borges Classic Olive Oil,Borges,449.75,,EGP,Olive Oil,Oil,Olive Oil,500.0,ml,,,https://seoudisupermarket.com/en/borges-classic-olive-oil-500-ml,Out of Stock,,2026-09-14 18:21:38.847672
105,Seoudi Supermarket,iliada Extra Virigin Olive Oil,Iliada,1062.95,,EGP,Olive Oil,Oil,Olive Oil,750.0,ml,,,https://seoudisupermarket.com/en/iliada-extra-virigin-olive-oil-750-ml,Out of Stock,,2026-09-14 18:21:38.848672
106,Seoudi Supermarket,iliada Gentle Extra Virgin Olive Oil,Iliada,479.95,687.95,EGP,Olive Oil,Oil,Olive Oil,500.0,ml,30.0,,https://seoudisupermarket.com/en/iliada-gentle-extra-virgin-olive-oil-500-ml,Out of Stock,,2026-09-14 18:21:38.849671
107,Seoudi Supermarket,Colavita Olive Oil,Colavita,549.95,,EGP,Olive Oil,Oil,Olive Oil,500.0,ml,,,https://seoudisupermarket.com/en/colavita-olive-oil-500-ml,Out of Stock,,2026-09-14 18:21:38.850686
108,Seoudi Supermarket,Iliada Blue Olive Oil,Iliada,564.95,812.95,EGP,Olive Oil,Oil,Olive Oil,750.0,ml,31.0,,https://seoudisupermarket.com/en/iliada-blue-olive-oil-750-ml,Out of Stock,,2026-09-14 18:21:38.851671
109,Seoudi Supermarket,"Wadi Food Extra Virgin Olive Oil, + Virgin Olive Oil",Wadi Food,888.95,,EGP,Olive Oil,Oil,Olive Oil,1.0,L,,,https://seoudisupermarket.com/en/wadi-food-extra-virgin-olive-oil-1-liter-virgin-olive-oil-250-ml,Out of Stock,,2026-09-14 18:21:38.851671
110,Seoudi Supermarket,Sunny Sunflower Oil,Sunny,241.45,,EGP,Sunflower Oil,Oil,Sunflower Oil,2.4,L,,,https://seoudisupermarket.com/en/sunny-sunflower-oil-2-4-liters,Out of Stock,,2026-09-14 18:21:38.853674
111,Seoudi Supermarket,Monini Classic Olive Oil,Monini,1149.95,,EGP,Olive Oil,Oil,Olive Oil,1.0,L,,,https://seoudisupermarket.com/en/monini-classic-olive-oil-1-liter,Out of Stock,,2026-09-14 18:21:38.853674
112,Seoudi Supermarket,Loro Corn Oil,Loro,134.95,,EGP,Corn Oil,Oil,Corn Oil,1.0,L,,,https://seoudisupermarket.com/en/loro-corn-oil-1-liter,Out of Stock,,2026-09-14 18:21:38.854670
113,Seoudi Supermarket,Marvel Coconut Oil,Marvel,119.95,134.95,EGP,Coconut Oil,Oil,Coconut Oil,250.0,ml,11.0,,https://seoudisupermarket.com/en/marvel-coconut-oil-250-ml,Out of Stock,,2026-09-14 18:21:38.855685
114,Seoudi Supermarket,Riviere d'Or Extra Virgin Olive Oil,Riviere d'Or,654.95,,EGP,Olive Oil,Oil,Olive Oil,1.0,L,,,https://seoudisupermarket.com/en/riviere-dor-virgin-olive-oil-1-liter,Out of Stock,,2026-09-14 18:21:38.856670
115,Seoudi Supermarket,"Afia Sunflower Oil, + Al Osra Sugar Gift",Afia,212.25,,EGP,Sunflower Oil,Oil,Sunflower Oil,2.2,L,,,https://seoudisupermarket.com/en/afia-sunflower-oil-2-2-liters-al-osra-sugar-gift-1-kg,Out of Stock,,2026-09-14 18:21:38.857671
116,Seoudi Supermarket,Borges Picual Olive Oil,Borges,504.95,,EGP,Olive Oil,Oil,Olive Oil,500.0,ml,,,https://seoudisupermarket.com/en/borges-picual-olive-oil-500-ml,Out of Stock,,2026-09-14 18:21:38.858672
117,Seoudi Supermarket,Al Asil Corn Oil,Al Asil,83.75,,EGP,Corn Oil,Oil,Corn Oil,750.0,ml,,,https://seoudisupermarket.com/en/al-asil-corn-oil-750-ml,Out of Stock,,2026-09-14 18:21:38.859671
118,Seoudi Supermarket,El Aghsan Virgin Olive Oil,El Aghsan,554.95,,EGP,Olive Oil,Oil,Olive Oil,1.0,L,,,https://seoudisupermarket.com/en/el-aghsan-virgin-olive-oil-1-liter,Out of Stock,,2026-09-14 18:21:38.860671
119,Seoudi Supermarket,Afia Corn Oil,Afia,283.95,,EGP,Corn Oil,Oil,Corn Oil,2.2,L,,,https://seoudisupermarket.com/en/afia-corn-oil-2-2-liter,Out of Stock,,2026-09-14 18:21:38.861672
120,Seoudi Supermarket,Loro Corn Oil,Loro,287.75,,EGP,Corn Oil,Oil,Corn Oil,2.25,L,,,https://seoudisupermarket.com/en/loro-corn-oil-2-25-liter,Out of Stock,,2026-09-14 18:21:38.862671
121,Seoudi Supermarket,RS Olive Oil,RS,375.75,,EGP,Olive Oil,Oil,Olive Oil,250.0,ml,,,https://seoudisupermarket.com/en/rs-olive-oil-250-ml,Out of Stock,,2026-09-14 18:21:38.863672
122,Seoudi Supermarket,Illada Organic Olive Oil Squeeze,Iliada,479.95,687.45,EGP,Olive Oil,Oil,Olive Oil,500.0,ml,30.0,,https://seoudisupermarket.com/en/illada-organic-olive-oil-squeeze-500-ml,Out of Stock,,2026-09-14 18:21:38.864670
123,Seoudi Supermarket,Slite Corn Oil,Slite,79.95,,EGP,Corn Oil,Oil,Corn Oil,700.0,ml,,,https://seoudisupermarket.com/en/slite-corn-oil-700-ml,Out of Stock,,2026-09-14 18:21:38.865671
124,Seoudi Supermarket,Iliada Olive Oil with Chili,Iliada,229.95,330.95,EGP,Olive Oil,Oil,Olive Oil,250.0,ml,31.0,,https://seoudisupermarket.com/en/iliada-olive-oil-with-chili-250-ml,Out of Stock,,2026-09-14 18:21:38.866671
125,Seoudi Supermarket,iliada Native Olive Oil,Iliada,593.95,,EGP,Olive Oil,Oil,Olive Oil,500.0,ml,,,https://seoudisupermarket.com/en/iliada-native-olive-oil-500-ml,Out of Stock,,2026-09-14 18:21:38.867670
126,Seoudi Supermarket,Karma Mustard Oil,"Karma ",169.95,,EGP,Mustard Oil,Oil,Mustard Oil,250.0,ml,,,https://seoudisupermarket.com/en/karma-mustard-oil-250-ml,Out of Stock,,2026-09-14 18:21:38.869671
127,Seoudi Supermarket,Organic Nation Sweet Almond Oil,Organic Nation,299.95,,EGP,Sweet Almond Oil,Oil,Sweet Almond Oil,100.0,ml,,,https://seoudisupermarket.com/en/organic-nation-sweet-almond-oil-100-ml,Out of Stock,,2026-09-14 18:21:38.870671
128,Seoudi Supermarket,Dora Mixed Oil for Cooking & Frying,Dora,51.95,,EGP,Mixed Oil,Oil,Mixed Oil,700.0,ml,,,https://seoudisupermarket.com/en/dora-mixed-oil-700-ml,Out of Stock,,2026-09-14 18:21:38.871681
129,Seoudi Supermarket,Greek Extra Virgin Olive Oil,Greek,714.95,,EGP,Olive Oil,Oil,Olive Oil,1.0,L,,,https://seoudisupermarket.com/en/greek-extra-virgin-olive-oil-1-liter,Out of Stock,,2026-09-14 18:21:38.872670
130,Seoudi Supermarket,iliada Extra Virgin Olive Oil Spray,Iliada,362.95,,EGP,Olive Oil,Oil,Olive Oil,200.0,ml,,,https://seoudisupermarket.com/en/iliada-extra-virgin-olive-oil-spray-200-ml,Out of Stock,,2026-09-14 18:21:38.873671
131,Seoudi Supermarket,Crisco Original No Stick Spray,"Crisco ",369.95,,EGP,Oil Spray,Oil,Oil Spray,170.0,g,,,https://seoudisupermarket.com/en/crisco-original-no-stick-spray-170-g,Out of Stock,,2026-09-14 18:21:38.874672
132,Seoudi Supermarket,Sunny Mixed Oil for Cooking & Frying,Sunny,65.75,,EGP,Mixed Oil,Oil,Mixed Oil,750.0,ml,,,https://seoudisupermarket.com/en/sunny-sunflower-oil-750-ml,Out of Stock,,2026-09-14 18:21:38.875671
133,Seoudi Supermarket,Slite Corn Oil,Slite,141.75,,EGP,Corn Oil,Oil,Corn Oil,1.5,L,,,https://seoudisupermarket.com/en/slite-corn-oil-1-5-liters,Out of Stock,,2026-09-14 18:21:38.876670
134,Seoudi Supermarket,"Shahd Sunflower Oil, + Shahd Vinegar",Shahd,86.95,,EGP,Sunflower Oil,Oil,Sunflower Oil,800.0,ml,,,https://seoudisupermarket.com/en/shahd-sunflower-oil-800-ml-shahd-vinegar-900-ml,Out of Stock,,2026-09-14 18:21:38.877670
135,Seoudi Supermarket,"Afia Corn Oil, + Osra Free Sugar",Afia,249.45,,EGP,Corn Oil,Oil,Corn Oil,2.2,L,,,https://seoudisupermarket.com/en/afia-corn-oil-2-2-liter-osra-free-sugar-1-kg,Out of Stock,,2026-09-14 18:21:38.878669
136,Seoudi Supermarket,Imtenan Fractionated Coconut Oil,Imtenan,324.95,,EGP,Coconut Oil,Oil,Coconut Oil,250.0,ml,,,https://seoudisupermarket.com/en/imtenan-fractionated-coconut-oil-250-ml,Out of Stock,,2026-09-14 18:21:38.879672
137,Seoudi Supermarket,Choice Sesame Oil,Choice,177.95,,EGP,Sesame Oil,Oil,Sesame Oil,250.0,ml,,,https://seoudisupermarket.com/en/choice-sesame-oil-250-ml,Out of Stock,,2026-09-14 18:21:38.880670
138,Seoudi Supermarket,Roots Black Seed Oil,Roots,209.95,,EGP,Black Seed Oil,Oil,Black Seed Oil,250.0,ml,,,https://seoudisupermarket.com/en/roots-black-seed-oil-250-ml,Out of Stock,,2026-09-14 18:21:38.881670
139,Seoudi Supermarket,Slite Corn Oil,Slite,179.95,,EGP,Corn Oil,Oil,Corn Oil,2.25,L,,,https://seoudisupermarket.com/en/slite-corn-oil-2-25-liters,Out of Stock,,2026-09-14 18:21:38.882671
140,Seoudi Supermarket,Riviere Dor Extra Virgin Olive Oil,Riviere d'Or,344.95,,EGP,Olive Oil,Oil,Olive Oil,500.0,ml,,,https://seoudisupermarket.com/en/riviere-dor-extra-virgin-olive-oil-500-ml,Out of Stock,,2026-09-14 18:21:38.883671
141,Seoudi Supermarket,Marvel Greek Olive Oil,Marvel,219.95,,EGP,Olive Oil,Oil,Olive Oil,250.0,ml,,,https://seoudisupermarket.com/en/marvel-greek-olive-oil-250-ml,Out of Stock,,2026-09-14 18:21:38.885672
142,Seoudi Supermarket,Khoshala Extra Virgin Olive Oil,Khoshala,209.95,,EGP,Olive Oil,Oil,Olive Oil,250.0,ml,,,https://seoudisupermarket.com/en/khoshala-extra-virgin-olive-oil-250-ml,Out of Stock,,2026-09-14 18:21:38.886671
143,Seoudi Supermarket,Slite Sunflower Oil,Slite,204.95,,EGP,Sunflower Oil,Oil,Sunflower Oil,2.25,L,,,https://seoudisupermarket.com/en/slite-sunflower-oil-2-25-liter,Out of Stock,,2026-09-14 18:21:38.887671
144,Seoudi Supermarket,Borges Extra Virgin Olive Oil + 50% ml,Borges,534.95,,EGP,Olive Oil,Oil,Olive Oil,500.0,ml,,,https://seoudisupermarket.com/en/borges-extra-virgin-olive-oil-500-ml-50-ml,Out of Stock,,2026-09-14 18:21:38.888672
145,Seoudi Supermarket,Sunny Sunflower Oil,Sunny,164.95,,EGP,Sunflower Oil,Oil,Sunflower Oil,1.5,L,,,https://seoudisupermarket.com/en/sunny-sunflower-oil-1-5-liters,Out of Stock,,2026-09-14 18:21:38.889675
146,Seoudi Supermarket,Borges Extra Virgin Olive Oil,Borges,249.95,,EGP,Olive Oil,Oil,Olive Oil,250.0,ml,,,https://seoudisupermarket.com/en/borges-extra-virgin-olive-oil-250-ml,Out of Stock,,2026-09-14 18:21:38.890671
147,Seoudi Supermarket,Sindbad Mixed Oil for Cooking & Frying,Sindbad,84.95,,EGP,Mixed Oil,Oil,Mixed Oil,1.0,L,,,https://seoudisupermarket.com/en/sindbad-mixed-oil-1-liter,Out of Stock,,2026-09-14 18:21:38.891671
148,Seoudi Supermarket,"Mafaza Extra Virgin Olive Oil, Glass Bottle",Mafaza,582.45,,EGP,Olive Oil,Oil,Olive Oil,500.0,ml,,,https://seoudisupermarket.com/en/mafaza-extra-virgin-olive-oil-glass-bottle-500-ml,Out of Stock,,2026-09-14 18:21:38.892671
149,Seoudi Supermarket,Gold River Olive Oil,Gold River,634.95,,EGP,Olive Oil,Oil,Olive Oil,1.0,L,,,https://seoudisupermarket.com/en/gold-river-olive-oil-1-liter,Out of Stock,,2026-09-14 18:21:38.893672
150,Seoudi Supermarket,Shahd Corn Oil,Shahd,99.96,,EGP,Corn Oil,Oil,Corn Oil,800.0,ml,,,https://seoudisupermarket.com/en/shahd-corn-oil-800-ml,Out of Stock,,2026-09-14 18:21:47.791937
151,Seoudi Supermarket,Crystal Corn Oil,Crystal,283.95,,EGP,Corn Oil,Oil,Corn Oil,2.2,L,,,https://seoudisupermarket.com/en/crystal-corn-oil-2-2-liter,Out of Stock,,2026-09-14 18:21:47.792938
152,Seoudi Supermarket,"Borges Extra Virgin Olive Oil, + 33% ml",Borges,754.95,,EGP,Olive Oil,Oil,Olive Oil,750.0,ml,,,https://seoudisupermarket.com/en/borges-extra-virgin-olive-oil-750-ml-33-ml,Out of Stock,,2026-09-14 18:21:47.793936
153,Seoudi Supermarket,Hla Sunflower Oil,Hla,71.95,,EGP,Sunflower Oil,Oil,Sunflower Oil,750.0,ml,,,https://seoudisupermarket.com/en/hla-sunflower-oil-750-ml,Out of Stock,,2026-09-14 18:21:47.794936
154,Seoudi Supermarket,Iliada Virgin Olive Oil,Iliada,612.45,,EGP,Olive Oil,Oil,Olive Oil,1.0,L,,,https://seoudisupermarket.com/en/iliada-extra-virgin-olive-oil-1-liter,Out of Stock,,2026-09-14 18:21:47.795941
155,Seoudi Supermarket,RS Spanish Olive Oil,RS,506.95,,EGP,Olive Oil,Oil,Olive Oil,500.0,ml,,,https://seoudisupermarket.com/en/rs-spanish-olive-oil-500-ml,Out of Stock,,2026-09-14 18:21:47.796935
156,Seoudi Supermarket,Haboba Mixed Oil for Cooking & Frying,Haboba,55.45,,EGP,Mixed Oil,Oil,Mixed Oil,700.0,ml,,,https://seoudisupermarket.com/en/haboba-mixed-oil-700-ml,Out of Stock,,2026-09-14 18:21:47.797936
157,Seoudi Supermarket,Mafaza Extra Virgin Olive Oil,Mafaza,364.95,404.95,EGP,Olive Oil,Oil,Olive Oil,350.0,ml,10.0,,https://seoudisupermarket.com/en/mafaza-extra-virgin-olive-oil-350-ml,Out of Stock,,2026-09-14 18:21:47.797936
158,Seoudi Supermarket,Golden Alfa Mixed Oil for Cooking & Frying,Golden Alfa,51.95,,EGP,Mixed Oil,Oil,Mixed Oil,700.0,ml,,,https://seoudisupermarket.com/en/golden-alfa-mixed-oil-700-ml,Out of Stock,,2026-09-14 18:21:47.798939
159,Seoudi Supermarket,Borges Olive Oil,Borges,673.95,,EGP,Olive Oil,Oil,Olive Oil,750.0,ml,,,https://seoudisupermarket.com/en/borges-olive-oil-750-ml,Out of Stock,,2026-09-14 18:21:47.799936
160,Seoudi Supermarket,Pam Olive Oil Spray,Pam,389.45,,EGP,Olive Oil,Oil,Olive Oil,141.0,g,,,https://seoudisupermarket.com/en/pam-olive-oil-spray-141-g,Out of Stock,,2026-09-14 18:21:47.800938
161,Seoudi Supermarket,Sunny Sunflower Oil,Sunny,75.45,,EGP,Sunflower Oil,Oil,Sunflower Oil,750.0,ml,,,https://seoudisupermarket.com/en/sunny-sunflower-oil-750-ml-l,Out of Stock,,2026-09-14 18:21:47.801936
162,Seoudi Supermarket,Mafaza Extra Virgin Olive Oil,Mafaza,419.95,464.95,EGP,Olive Oil,Oil,Olive Oil,500.0,ml,10.0,,https://seoudisupermarket.com/en/mafaza-extra-virgin-olive-oil-500-ml,Out of Stock,,2026-09-14 18:21:47.801936
163,Seoudi Supermarket,Colavita Olive Oil,Colavita,289.95,,EGP,Olive Oil,Oil,Olive Oil,250.0,ml,,,https://seoudisupermarket.com/en/colavita-olive-oil-250-ml,Out of Stock,,2026-09-14 18:21:47.802936
164,Seoudi Supermarket,Monini Classic Olive Oil,Monini,399.95,,EGP,Olive Oil,Oil,Olive Oil,250.0,ml,,,https://seoudisupermarket.com/en/monini-classic-olive-oil-250-ml,Out of Stock,,2026-09-14 18:21:47.803942
165,Seoudi Supermarket,Isis Extra Virgin Olive Oil,Isis,389.95,459.95,EGP,Olive Oil,Oil,Olive Oil,500.0,ml,15.0,,https://seoudisupermarket.com/en/isis-extra-virgin-olive-oil-500-ml,Out of Stock,,2026-09-14 18:21:47.804937
166,Seoudi Supermarket,Iliada Organic Olive Oil,Iliada,687.95,,EGP,Olive Oil,Oil,Olive Oil,500.0,ml,,,https://seoudisupermarket.com/en/iliada-organic-olive-oil-500-ml,Out of Stock,,2026-09-14 18:21:47.805937
167,Seoudi Supermarket,Morgana Oil,Morgana,49.95,59.95,EGP,Other Oil,Oil,Other Oil,700.0,ml,17.0,,https://seoudisupermarket.com/en/morgana-oil-700-ml,Out of Stock,,2026-09-14 18:21:47.806937
168,Seoudi Supermarket,Loro Sunflower Oil,Loro,104.95,,EGP,Sunflower Oil,Oil,Sunflower Oil,1.0,L,,,https://seoudisupermarket.com/en/loro-sunflower-oil-1-liter,Out of Stock,,2026-09-14 18:21:47.807938
169,Seoudi Supermarket,Afia Sunflower Oil,Afia,63.95,,EGP,Sunflower Oil,Oil,Sunflower Oil,800.0,ml,,,https://seoudisupermarket.com/en/afia-sunflower-oil-800-ml,Out of Stock,,2026-09-14 18:21:47.808937
170,Seoudi Supermarket,Borges Hojiblanca Olive Oil,Borges,504.95,,EGP,Olive Oil,Oil,Olive Oil,500.0,ml,,,https://seoudisupermarket.com/en/borges-hojiblanca-olive-oil-500-ml,Out of Stock,,2026-09-14 18:21:47.808937
171,Seoudi Supermarket,El Aghsan Extra Virgin Olive Oil,El Aghsan,149.95,,EGP,Olive Oil,Oil,Olive Oil,250.0,g,,,https://seoudisupermarket.com/en/el-aghsan-extra-virgin-olive-oil-250-g,Out of Stock,,2026-09-14 18:21:47.809936
172,Seoudi Supermarket,Wadi Food Virgin Olive Oil,Wadi Food,1521.75,,EGP,Olive Oil,Oil,Olive Oil,2.0,L,,,https://seoudisupermarket.com/en/wadi-food-virgin-olive-oil-2-liter,Out of Stock,,2026-09-14 18:21:47.810936
173,Seoudi Supermarket,Loro Sunflower Oil,Loro,232.91,,EGP,Sunflower Oil,Oil,Sunflower Oil,2.25,L,,,https://seoudisupermarket.com/en/loro-sunflower-oil-2-25-liter,Out of Stock,,2026-09-14 18:21:47.811934
174,Seoudi Supermarket,Divine Organic Virgin Coconut Oil,Divine,349.95,,EGP,Coconut Oil,Oil,Coconut Oil,300.0,ml,,,https://seoudisupermarket.com/en/divine-organic-virgin-coconut-oil-300-ml,Out of Stock,,2026-09-14 18:21:47.812934
175,Seoudi Supermarket,Borges Olive Oil,Borges,239.45,,EGP,Olive Oil,Oil,Olive Oil,250.0,ml,,,https://seoudisupermarket.com/en/borges-olive-oil-250-ml,Out of Stock,,2026-09-14 18:21:47.812934
176,Seoudi Supermarket,Iliada Extra Olive Oil,Iliada,905.95,,EGP,Olive Oil,Oil,Olive Oil,750.0,ml,,,https://seoudisupermarket.com/en/iliada-extra-olive-oil-750-ml,Out of Stock,,2026-09-14 18:21:47.813934
177,Seoudi Supermarket,Boulos Olive Oil Squeeze,Boulos,309.95,,EGP,Olive Oil,Oil,Olive Oil,250.0,ml,,,https://seoudisupermarket.com/en/boulos-olive-oil-squeeze-250-ml,Out of Stock,,2026-09-14 18:21:47.814937
178,Seoudi Supermarket,Aroma Sunflower Oil,Aroma,80.75,,EGP,Sunflower Oil,Oil,Sunflower Oil,900.0,ml,,,https://seoudisupermarket.com/en/aroma-sunflower-oil-900-ml,Out of Stock,,2026-09-14 18:21:47.815936
179,Seoudi Supermarket,De Cecco Extra Virgin Olive Oil,De Cecco,624.95,,EGP,Olive Oil,Oil,Olive Oil,750.0,ml,,,https://seoudisupermarket.com/en/de-cecco-extra-virgin-olive-oil-750-ml,Out of Stock,,2026-09-14 18:21:47.816932
180,Seoudi Supermarket,Slite Sunflower Oil,Slite,71.95,,EGP,Sunflower Oil,Oil,Sunflower Oil,750.0,ml,,,https://seoudisupermarket.com/en/slite-sunflower-oil-750-ml,Out of Stock,,2026-09-14 18:21:47.816932
181,Seoudi Supermarket,Slite Ultimate Purity Pure Corn Oil,Slite,83.75,,EGP,Corn Oil,Oil,Corn Oil,750.0,ml,,,https://seoudisupermarket.com/en/slite-ultimate-purity-pure-corn-oil-750-ml,Out of Stock,,2026-09-14 18:21:47.817932
182,Seoudi Supermarket,Iliada Premium Olive Oil,Iliada,414.95,593.95,EGP,Olive Oil,Oil,Olive Oil,500.0,ml,30.0,,https://seoudisupermarket.com/en/iliada-premium-olive-oil-500-ml,Out of Stock,,2026-09-14 18:21:47.818932
183,Seoudi Supermarket,Borges Extra Light Olive Oil,Borges,479.95,,EGP,Olive Oil,Oil,Olive Oil,500.0,ml,,,https://seoudisupermarket.com/en/borges-extra-light-olive-oil-500-ml,Out of Stock,,2026-09-14 18:21:47.818932
184,Seoudi Supermarket,Mafaza Olive Oil with Garlic,Mafaza,239.95,272.45,EGP,Olive Oil,Oil,Olive Oil,250.0,ml,12.0,,https://seoudisupermarket.com/en/mafaza-olive-oil-with-garlic-250-ml,Out of Stock,,2026-09-14 18:21:47.819933
185,Seoudi Supermarket,Borges Arbequina Olive Oil,Borges,504.95,,EGP,Olive Oil,Oil,Olive Oil,500.0,ml,,,https://seoudisupermarket.com/en/borges-arbequina-olive-oil-500-ml,Out of Stock,,2026-09-14 18:21:47.819933
186,Seoudi Supermarket,Wadi Food Extra Virgin Olive Oil + Virgin Olive Oil,Wadi Food,888.95,,EGP,Olive Oil,Oil,Olive Oil,1.0,L,,,https://seoudisupermarket.com/en/wadi-food-extra-virgin-olive-oil-1-liter-plus-500-ml,Out of Stock,,2026-09-14 18:21:47.820934
187,Seoudi Supermarket,El Aghsan Extra Virgin Olive Oil,El Aghsan,284.95,,EGP,Olive Oil,Oil,Olive Oil,500.0,g,,,https://seoudisupermarket.com/en/el-aghsan-extra-virgin-olive-oil-500-g,Out of Stock,,2026-09-14 18:21:47.821933
188,Seoudi Supermarket,Gold River Organic Olive Oil,Gold River,714.95,,EGP,Olive Oil,Oil,Olive Oil,1.0,L,,,https://seoudisupermarket.com/en/gold-river-organic-olive-oil-1-liter,Out of Stock,,2026-09-14 18:21:47.821933
189,Seoudi Supermarket,Terra Extra Virgin Olive Oil,Terra,319.95,,EGP,Olive Oil,Oil,Olive Oil,250.0,ml,,,https://seoudisupermarket.com/en/terra-extra-virgin-olive-oil-250-ml,Out of Stock,,2026-09-14 18:21:47.822933
190,Seoudi Supermarket,"Afia Plus Corn Oil, + Osra Free Sugar",Afia,229.45,,EGP,Corn Oil,Oil,Corn Oil,2.2,L,,,https://seoudisupermarket.com/en/afia-plus-corn-oil-2-2-liter-osra-free-sugar-1-kg,Out of Stock,,2026-09-14 18:21:47.823941
191,Seoudi Supermarket,Borges Canola Oil,Borges,199.95,,EGP,Canola Oil,Oil,Canola Oil,1.0,L,,,https://seoudisupermarket.com/en/borges-canola-oil-1-liter,Out of Stock,,2026-09-14 18:21:47.823941
192,Seoudi Supermarket,RS Olive Oil,RS,709.95,,EGP,Olive Oil,Oil,Olive Oil,500.0,ml,,,https://seoudisupermarket.com/en/rs-olive-oil-500-ml,Out of Stock,,2026-09-14 18:21:47.824939
193,Seoudi Supermarket,Monini GranFruttato Extra Virgin Olive Oil,Monini,816.45,,EGP,Olive Oil,Oil,Olive Oil,500.0,ml,,,https://seoudisupermarket.com/en/monini-granfruttato-extra-virgin-olive-oil-500-ml,Out of Stock,,2026-09-14 18:21:47.824939
194,Seoudi Supermarket,El Mazraa Flax Oil,El Mazraa,86.75,,EGP,Flaxseed Oil,Oil,Flaxseed Oil,250.0,ml,,,https://seoudisupermarket.com/en/el-mazraa-flax-oil-250-ml,Out of Stock,,2026-09-14 18:21:47.825939
195,Seoudi Supermarket,Illada Kalamata Olive Oil Squeeze,Iliada,479.95,687.45,EGP,Olive Oil,Oil,Olive Oil,500.0,ml,30.0,,https://seoudisupermarket.com/en/illada-kalamata-olive-oil-squeeze-500-ml,Out of Stock,,2026-09-14 18:21:47.826940
196,Seoudi Supermarket,iliada Extra Virgin Light Olive Oil,Iliada,687.95,,EGP,Olive Oil,Oil,Olive Oil,500.0,ml,,,https://seoudisupermarket.com/en/iliada-extra-virgin-lite-olive-oil-500-ml,Out of Stock,,2026-09-14 18:21:47.826940
197,Seoudi Supermarket,Afia Sunflower Oil,Afia,173.95,,EGP,Sunflower Oil,Oil,Sunflower Oil,1.6,L,,,https://seoudisupermarket.com/en/afia-sunflower-oil-1-6-liter,Out of Stock,,2026-09-14 18:21:47.827938
198,Seoudi Supermarket,Karma Foods Pure Virgin Olive Oil,Karma Foods,144.95,,EGP,Olive Oil,Oil,Olive Oil,250.0,ml,,,https://seoudisupermarket.com/en/karma-foods-pure-virgin-olive-oil-250-ml,Out of Stock,,2026-09-14 18:21:47.827938
199,Seoudi Supermarket,Mafaza Olive Oil with Basil,Mafaza,239.95,272.45,EGP,Olive Oil,Oil,Olive Oil,250.0,ml,12.0,,https://seoudisupermarket.com/en/mafaza-olive-oil-with-basil-250-ml,Out of Stock,,2026-09-14 18:21:47.828939
200,Seoudi Supermarket,Afia Corn Oil,Afia,73.95,,EGP,Corn Oil,Oil,Corn Oil,800.0,ml,,,https://seoudisupermarket.com/en/afia-corn-oil-800-ml,Out of Stock,,2026-09-14 18:21:55.751278
201,Seoudi Supermarket,Karma Natural Chili Oil,Karma,229.95,,EGP,Chili Oil,Oil,Chili Oil,250.0,ml,,,https://seoudisupermarket.com/en/karma-natural-chili-oil-250-ml,Out of Stock,,2026-09-14 18:21:55.751278
202,Seoudi Supermarket,Borges Extra Virgin Olive Oil,Borges,704.95,,EGP,Olive Oil,Oil,Olive Oil,750.0,ml,,,https://seoudisupermarket.com/en/borges-extra-virgin-olive-oil-750-ml,Out of Stock,,2026-09-14 18:21:55.752278
203,Seoudi Supermarket,Borges Extra Virgin Olive Oil,Borges,469.95,,EGP,Olive Oil,Oil,Olive Oil,500.0,ml,,,https://seoudisupermarket.com/en/borges-extra-virgin-olive-oil-500-ml,Out of Stock,,2026-09-14 18:21:55.753278
204,Seoudi Supermarket,City Oil Mixed Oil for Cooking & Frying,,43.25,,EGP,Mixed Oil,Oil,Mixed Oil,600.0,ml,,,https://seoudisupermarket.com/en/city-oil-mixed-oil-600-ml,Out of Stock,,2026-09-14 18:21:55.753278
205,Seoudi Supermarket,Iliada Lakonia Olive Oil,Iliada,593.95,,EGP,Olive Oil,Oil,Olive Oil,500.0,ml,,,https://seoudisupermarket.com/en/iliada-lakonia-olive-oil-500-ml,Out of Stock,,2026-09-14 18:21:55.754278
206,Seoudi Supermarket,iliada Extra Virgin Olive Oil,Iliada,687.95,,EGP,Olive Oil,Oil,Olive Oil,500.0,ml,,,https://seoudisupermarket.com/en/%D8%A7%D9%84%D9%8A%D8%A7%D8%AF%D8%A7-%D8%AC%D9%88%D9%84%D8%AF-%D8%B3%D9%8A%D8%AA%D9%8A%D8%A7-%D8%A7%D9%83%D8%B3%D8%AA%D8%B1%D8%A7-500%D9%85%D9%84-5201043113022,Out of Stock,,2026-09-14 18:21:55.755277
207,Seoudi Supermarket,Shahd Sunflower Oil,Shahd,162.93,,EGP,Sunflower Oil,Oil,Sunflower Oil,1.5,L,,,https://seoudisupermarket.com/en/shahd-sunflower-oil-1-5-liters,Out of Stock,,2026-09-14 18:21:55.755277
208,Seoudi Supermarket,Terra Organic Olive Oil,Terra,589.95,,EGP,Olive Oil,Oil,Olive Oil,500.0,ml,,,https://seoudisupermarket.com/en/terra-organic-olive-oil-500-ml,Out of Stock,,2026-09-14 18:21:55.756278
209,Seoudi Supermarket,Boulos Extra Virgin Olive Oil,Boulos,269.95,,EGP,Olive Oil,Oil,Olive Oil,250.0,ml,,,https://seoudisupermarket.com/en/boulos-extra-virgin-olive-oil-250-ml,Out of Stock,,2026-09-14 18:21:55.757278
210,Seoudi Supermarket,Roots Sesame Oil,Roots,172.45,,EGP,Sesame Oil,Oil,Sesame Oil,250.0,ml,,,https://seoudisupermarket.com/en/roots-sesame-oil-250-ml,Out of Stock,,2026-09-14 18:21:55.757278
211,Seoudi Supermarket,Borges Classic Olive Oil,Borges,863.75,,EGP,Olive Oil,Oil,Olive Oil,1.0,L,,,https://seoudisupermarket.com/en/borges-classic-olive-oil-1-liter,Out of Stock,,2026-09-14 18:21:55.758278
212,Seoudi Supermarket,Mafaza Extra Virgin Olive Oil,Mafaza,259.95,268.75,EGP,Olive Oil,Oil,Olive Oil,250.0,ml,3.0,,https://seoudisupermarket.com/en/mafaza-extra-virgin-olive-oil-250-ml,Out of Stock,,2026-09-14 18:21:55.759278
213,Seoudi Supermarket,Sunny Cooking & Frying Oil Enriched with Vitamins,Sunny,499.95,,EGP,Mixed Oil,Oil,Mixed Oil,5.0,L,,,https://seoudisupermarket.com/en/sunny-cooking-and-frying-oil-enriched-with-vitamins-5-liters,Out of Stock,,2026-09-14 18:21:55.759278
214,Seoudi Supermarket,Gold River Organic Olive Oil,Gold River,399.95,,EGP,Olive Oil,Oil,Olive Oil,500.0,ml,,,https://seoudisupermarket.com/en/gold-river-organic-olive-oil-500-ml,Out of Stock,,2026-09-14 18:21:55.760279
215,Seoudi Supermarket,Domaine Natroun Extra Virgin Olive Oil,Domaine Natroun,1044.75,,EGP,Olive Oil,Oil,Olive Oil,500.0,ml,,,https://seoudisupermarket.com/en/domaine-natroun-extra-virgin-olive-oil-500-ml,Out of Stock,,2026-09-14 18:21:55.760279
216,Seoudi Supermarket,Riviere Dor Extra Virgin Olive Oil,Riviere d'Or,194.95,,EGP,Olive Oil,Oil,Olive Oil,250.0,ml,,,https://seoudisupermarket.com/en/riviere-dor-extra-virgin-olive-oil-250-ml,Out of Stock,,2026-09-14 18:21:55.761277
217,Seoudi Supermarket,Shahd Sunflower Oil,Shahd,78.97,,EGP,Sunflower Oil,Oil,Sunflower Oil,800.0,ml,,,https://seoudisupermarket.com/en/shahd-sunflower-oil-800-ml,Out of Stock,,2026-09-14 18:21:55.762278
218,Seoudi Supermarket,Al Asil Corn Oil,Al Asil,239.5,,EGP,Corn Oil,Oil,Corn Oil,2.25,L,,,https://seoudisupermarket.com/en/al-asil-corn-oil-2-25-liter,Out of Stock,,2026-09-14 18:21:55.762278
1,Seoudi Supermarket,Venecia Small Rings Pasta,"Venecia ",49.95,,EGP,Rings,Pasta,Regular Pasta,1,kg,,,https://seoudisupermarket.com/en/venecia-small-rings-pasta-1-kg,In Stock,,2026-09-14 18:35:22.924692
2,Seoudi Supermarket,Al Doha Mac & Cheese with Jalapeno,Al Doha,32.95,36.45,EGP,Mac & Cheese,Pasta,Ready Meal / Instant Pasta,175,g,10.0,,https://seoudisupermarket.com/en/al-doha-mac-cheese-with-jalapeno-175-g,In Stock,,2026-09-14 18:35:22.928692
3,Seoudi Supermarket,Al Doha Mebakbaka Pasta,Al Doha,32.95,35.95,EGP,Mebakbaka,Pasta,Regular Pasta,180,g,8.0,,https://seoudisupermarket.com/en/al-doha-mbakbaka-pasta-180-g,In Stock,,2026-09-14 18:35:22.929693
4,Seoudi Supermarket,Al Doha Truffle Pasta,Al Doha,35.95,39.45,EGP,Other Pasta,Pasta,Regular Pasta,165,g,9.0,,https://seoudisupermarket.com/en/al-doha-truffle-pasta-165-g,In Stock,,2026-09-14 18:35:22.930691
5,Seoudi Supermarket,Ankara Penne Pasta,Ankara,34.95,37.95,EGP,Penne,Pasta,Regular Pasta,400,g,8.0,,https://seoudisupermarket.com/en/ankara-penne-pasta-400-g,In Stock,,2026-09-14 18:35:22.932693
6,Seoudi Supermarket,Pastazara Spaghetti Pasta N.11,Pastazara,109.95,,EGP,Spaghetti,Pasta,Regular Pasta,500,g,,,https://seoudisupermarket.com/en/pastazara-spaghetti-pasta-n-11-500-g,In Stock,,2026-09-14 18:35:22.933692
7,Seoudi Supermarket,Italiano Lasagna Pasta,Italiano,45.0,,EGP,Lasagna,Pasta,Lasagna,400,g,,,https://seoudisupermarket.com/en/italiano-lasagna-pasta-400-g,In Stock,,2026-09-14 18:35:22.934690
8,Seoudi Supermarket,Ankara Fusilli Pasta,Ankara,34.95,37.95,EGP,Fusilli,Pasta,Regular Pasta,400,g,8.0,,https://seoudisupermarket.com/en/ankara-fusilli-pasta-400-g,In Stock,,2026-09-14 18:35:22.936692
9,Seoudi Supermarket,El Maleka Small Rings Pasta,El Maleka,35.0,,EGP,Rings,Pasta,Regular Pasta,1,kg,,,https://seoudisupermarket.com/en/el-maleka-small-rings-pasta-1-kg,In Stock,,2026-09-14 18:35:22.937691
10,Seoudi Supermarket,Hawaa Rings Pasta,Hawaa,15.25,,EGP,Rings,Pasta,Regular Pasta,400,g,,,https://seoudisupermarket.com/en/hawaa-rings-pasta-400-g,In Stock,,2026-09-14 18:35:22.939692
11,Seoudi Supermarket,Hawaa Small Rings Pasta,Hawaa,15.25,,EGP,Rings,Pasta,Regular Pasta,400,g,,,https://seoudisupermarket.com/en/hawaa-small-rings-pasta-400-g,In Stock,,2026-09-14 18:35:22.940692
12,Seoudi Supermarket,Ankara Elbows Pasta,Ankara,34.95,37.95,EGP,Elbows,Pasta,Regular Pasta,400,g,8.0,,https://seoudisupermarket.com/en/ankara-elbows-pasta-400-g,In Stock,,2026-09-14 18:35:22.941694
13,Seoudi Supermarket,El Maleka Elbows Pasta,El Maleka,35.0,,EGP,Elbows,Pasta,Regular Pasta,1,kg,,,https://seoudisupermarket.com/en/el-maleka-elbows-pasta-1-kg,In Stock,,2026-09-14 18:35:22.943692
14,Seoudi Supermarket,Hawaa Elbows Pasta,Hawaa,15.25,,EGP,Elbows,Pasta,Regular Pasta,400,g,,,https://seoudisupermarket.com/en/hawaa-elbows-pasta-400-g,In Stock,,2026-09-14 18:35:22.944691
15,Seoudi Supermarket,Ankara Vermicelli,Ankara,34.95,37.95,EGP,Vermicelli,Pasta,Regular Pasta,400,g,8.0,,https://seoudisupermarket.com/en/ankara-vermicelli-400-g,In Stock,,2026-09-14 18:35:22.945692
16,Seoudi Supermarket,Hawaa Vermicelli,Hawaa,15.25,,EGP,Vermicelli,Pasta,Regular Pasta,400,g,,,https://seoudisupermarket.com/en/hawaa-vermicelli-400-g,In Stock,,2026-09-14 18:35:22.947693
17,Seoudi Supermarket,Ankara Risoni,Ankara,34.95,37.95,EGP,Risoni,Pasta,Regular Pasta,400,g,8.0,,https://seoudisupermarket.com/en/ankara-risoni-400-g,In Stock,,2026-09-14 18:35:22.948690
18,Seoudi Supermarket,Italiano Cannelloni,Italiano,43.0,,EGP,Cannelloni,Pasta,Filled / Tube Pasta,250,g,,,https://seoudisupermarket.com/en/italiano-cannelloni-250-g,In Stock,,2026-09-14 18:35:22.949692
19,Seoudi Supermarket,Italiano Big Shells Pasta,Italiano,43.0,,EGP,Shells,Pasta,Regular Pasta,250,g,,,https://seoudisupermarket.com/en/italiano-big-shells-pasta-250-g,In Stock,,2026-09-14 18:35:22.950691
20,Seoudi Supermarket,Lino Gluten - Free Oat Pasta Vermicelli,Lino,69.95,84.95,EGP,Oat Pasta,Pasta,Specialty Pasta,250,g,18.0,,https://seoudisupermarket.com/en/lino-gluten-free-oat-pasta-vermicelli-250-g,In Stock,,2026-09-14 18:35:22.951693
21,Seoudi Supermarket,Lino Oat Small Rings Pasta,Lino,69.95,84.95,EGP,Rings,Pasta,Regular Pasta,250,g,18.0,,https://seoudisupermarket.com/en/lino-oat-small-rings-pasta-250-g,In Stock,,2026-09-14 18:35:22.952693
22,Seoudi Supermarket,Regina Rigatoni Pasta,Regina,30.75,,EGP,Rigatoni,Pasta,Regular Pasta,400,g,,,https://seoudisupermarket.com/en/regina-rigatoni-pasta-400-g,In Stock,,2026-09-14 18:35:22.954691
23,Seoudi Supermarket,Al Doha Easy Pasta with Mac and Cheese Sauce,Al Doha,34.95,,EGP,Mac & Cheese,Pasta,Ready Meal / Instant Pasta,175,g,,,https://seoudisupermarket.com/en/al-doha-easy-pasta-with-mac-and-cheese-sauce-175-g,In Stock,,2026-09-14 18:35:22.955692
24,Seoudi Supermarket,Al Doha Easy Pasta with Mushroom Sauce,Al Doha,24.45,,EGP,Easy Pasta,Pasta,Regular Pasta,158,g,,,https://seoudisupermarket.com/en/al-doha-easy-pasta-mushroom-sauce-158-g,In Stock,,2026-09-14 18:35:22.956692
25,Seoudi Supermarket,Al Doha Easy Pasta with Creamy Pesto Sauce,Al Doha,24.45,,EGP,Easy Pasta,Pasta,Regular Pasta,158,g,,,https://seoudisupermarket.com/en/al-doha-easy-pasta-with-creamy-pesto-sauce-158-g,In Stock,,2026-09-14 18:35:22.957691
26,Seoudi Supermarket,Al Doha Easy Pasta with Alfredo Sauce,Al Doha,25.45,,EGP,Easy Pasta,Pasta,Regular Pasta,158,g,,,https://seoudisupermarket.com/en/al-doha-easy-pasta-with-alfredo-sauce-158-g,In Stock,,2026-09-14 18:35:22.958691
27,Seoudi Supermarket,Al Doha Easy Pasta with Italian Tomato Sauce,Al Doha,27.45,,EGP,Easy Pasta,Pasta,Regular Pasta,185,g,,,https://seoudisupermarket.com/en/al-doha-easy-pasta-with-italian-tomato-sauce-185-g,In Stock,,2026-09-14 18:35:22.960692
28,Seoudi Supermarket,Delicia Masreya Linguini Pasta,Delicia Masreya,48.95,,EGP,Linguine,Pasta,Regular Pasta,1,kg,,,https://seoudisupermarket.com/en/delicia-masreya-linguini-pasta-1-kg,In Stock,,2026-09-14 18:35:22.961690
29,Seoudi Supermarket,Delicia Masreya Fusilli Pasta,Delicia Masreya,48.95,,EGP,Fusilli,Pasta,Regular Pasta,1,kg,,,https://seoudisupermarket.com/en/delicia-masreya-fusilli-pasta-1-kg,In Stock,,2026-09-14 18:35:22.962694
30,Seoudi Supermarket,Delicia Masreya Snails Pasta,Delicia Masreya,48.95,,EGP,Snails,Pasta,Regular Pasta,1,kg,,,https://seoudisupermarket.com/en/delicia-masreya-snails-pasta-1-kg,In Stock,,2026-09-14 18:35:22.963693
31,Seoudi Supermarket,Delicia Masreya Risoni,Delicia Masreya,48.95,,EGP,Risoni,Pasta,Regular Pasta,1,kg,,,https://seoudisupermarket.com/en/delicia-masreya-risoni-1-kg,In Stock,,2026-09-14 18:35:22.964692
32,Seoudi Supermarket,Delicia Masreya Risoni,Delicia Masreya,21.45,,EGP,Risoni,Pasta,Regular Pasta,350,g,,,https://seoudisupermarket.com/en/delicia-masreya-risoni-350-g,In Stock,,2026-09-14 18:35:22.966691
33,Seoudi Supermarket,Al Doha Penne Rigate Pasta,Al Doha,22.95,27.45,EGP,Penne,Pasta,Regular Pasta,400,g,16.0,,https://seoudisupermarket.com/en/al-doha-penne-rigate-pasta-400-g,In Stock,,2026-09-14 18:35:22.967692
34,Seoudi Supermarket,Al Doha Elbows Pasta,Al Doha,22.95,27.45,EGP,Elbows,Pasta,Regular Pasta,400,g,16.0,,https://seoudisupermarket.com/en/al-doha-elbows-pasta-400-g,In Stock,,2026-09-14 18:35:22.968692
35,Seoudi Supermarket,Al Doha Spaghetti Pasta,Al Doha,22.95,27.45,EGP,Spaghetti,Pasta,Regular Pasta,400,g,16.0,,https://seoudisupermarket.com/en/al-doha-spaghetti-pasta-400-g,In Stock,,2026-09-14 18:35:22.969694
36,Seoudi Supermarket,Al Doha Vermicelli,Al Doha,22.95,27.45,EGP,Vermicelli,Pasta,Regular Pasta,400,g,16.0,,https://seoudisupermarket.com/en/al-doha-vermicelli-400-g,In Stock,,2026-09-14 18:35:22.970691
37,Seoudi Supermarket,Al Doha Risoni,Al Doha,22.95,27.45,EGP,Risoni,Pasta,Regular Pasta,400,g,16.0,,https://seoudisupermarket.com/en/al-doha-risoni-400-g,In Stock,,2026-09-14 18:35:22.971692
38,Seoudi Supermarket,Italiano Spaghetti Pasta,Italiano,27.0,,EGP,Spaghetti,Pasta,Regular Pasta,400,g,,,https://seoudisupermarket.com/en/italiano-spaghetti-pasta-400-g,In Stock,,2026-09-14 18:35:22.972692
39,Seoudi Supermarket,Italiano Penne Pasta,Italiano,27.0,,EGP,Penne,Pasta,Regular Pasta,400,g,,,https://seoudisupermarket.com/en/italiano-penne-pasta-400-g,In Stock,,2026-09-14 18:35:22.974691
40,Seoudi Supermarket,Italiano Risoni,Italiano,27.0,,EGP,Risoni,Pasta,Regular Pasta,400,g,,,https://seoudisupermarket.com/en/italiano-risoni-400-g,In Stock,,2026-09-14 18:35:22.975694
41,Seoudi Supermarket,Italiano Fettuccini Pasta,Italiano,27.0,,EGP,Fettuccine,Pasta,Regular Pasta,400,g,,,https://seoudisupermarket.com/en/italiano-fettuccini-pasta-400-g,In Stock,,2026-09-14 18:35:22.977692
42,Seoudi Supermarket,Italiano Ziti Pasta,Italiano,27.0,,EGP,Ziti,Pasta,Regular Pasta,400,g,,,https://seoudisupermarket.com/en/italiano-ziti-pasta-400-g,In Stock,,2026-09-14 18:35:22.978691
43,Seoudi Supermarket,Italiano Shells Pasta,Italiano,27.0,,EGP,Shells,Pasta,Regular Pasta,400,g,,,https://seoudisupermarket.com/en/italiano-shells-pasta-400-g,In Stock,,2026-09-14 18:35:22.979693
44,Seoudi Supermarket,Italiano Fusilli Pasta,Italiano,27.0,,EGP,Fusilli,Pasta,Regular Pasta,400,g,,,https://seoudisupermarket.com/en/italiano-fusilli-pasta-400-g,In Stock,,2026-09-14 18:35:22.980692
45,Seoudi Supermarket,Italiano Big Rings Pasta,Italiano,27.0,,EGP,Rings,Pasta,Regular Pasta,400,g,,,https://seoudisupermarket.com/en/italiano-big-rings-pasta-400-g,In Stock,,2026-09-14 18:35:22.982691
46,Seoudi Supermarket,Italiano Vermicelli,Italiano,27.0,,EGP,Vermicelli,Pasta,Regular Pasta,400,g,,,https://seoudisupermarket.com/en/italiano-vermicelli-400-g,In Stock,,2026-09-14 18:35:22.983694
47,Seoudi Supermarket,"Regina Spaghetti Pasta, 1.6 mm",Regina,30.75,,EGP,Spaghetti,Pasta,Regular Pasta,400,g,,,https://seoudisupermarket.com/en/regina-spaghetti-pasta-1-6-mm-400-g,Out of Stock,,2026-09-14 18:35:22.984691
48,Seoudi Supermarket,Regina Risoni,Regina,30.75,,EGP,Risoni,Pasta,Regular Pasta,400,g,,,https://seoudisupermarket.com/en/regina-risoni-400-g,In Stock,,2026-09-14 18:35:22.986691
49,Seoudi Supermarket,Regina Letters Shape Pasta,Regina,30.75,,EGP,Letters,Pasta,Regular Pasta,400,g,,,https://seoudisupermarket.com/en/regina-letters-shape-pasta-400-g,In Stock,,2026-09-14 18:35:22.987691
50,Seoudi Supermarket,Regina Rings Pasta,Regina,30.75,,EGP,Rings,Pasta,Regular Pasta,400,g,,,https://seoudisupermarket.com/en/regina-rings-pasta-400-g,In Stock,,2026-09-14 18:35:22.988692
51,Seoudi Supermarket,El Maleka Elbows Pasta,El Maleka,15.0,,EGP,Elbows,Pasta,Regular Pasta,400,g,,,https://seoudisupermarket.com/en/el-maleka-elbows-pasta-400-g,In Stock,,2026-09-14 18:35:31.753071
52,Seoudi Supermarket,El Maleka Big Rings Pasta,El Maleka,15.0,,EGP,Rings,Pasta,Regular Pasta,400,g,,,https://seoudisupermarket.com/en/el-maleka-big-rings-pasta-400-g,In Stock,,2026-09-14 18:35:31.755073
53,Seoudi Supermarket,El Maleka Vermicelli,El Maleka,15.0,,EGP,Vermicelli,Pasta,Regular Pasta,400,g,,,https://seoudisupermarket.com/en/el-maleka-vermicelli-400-g,In Stock,,2026-09-14 18:35:31.756073
54,Seoudi Supermarket,El Maleka Risoni,El Maleka,15.0,,EGP,Risoni,Pasta,Regular Pasta,400,g,,,https://seoudisupermarket.com/en/el-maleka-risoni-400-g,In Stock,,2026-09-14 18:35:31.757071
55,Seoudi Supermarket,El Maleka Small Rings Pasta,El Maleka,15.0,,EGP,Rings,Pasta,Regular Pasta,400,g,,,https://seoudisupermarket.com/en/el-maleka-small-rings-pasta-400-g,In Stock,,2026-09-14 18:35:31.758073
56,Seoudi Supermarket,El Maleka Penne Pasta,El Maleka,15.0,,EGP,Penne,Pasta,Regular Pasta,400,g,,,https://seoudisupermarket.com/en/el-maleka-penne-pasta-400-g,In Stock,,2026-09-14 18:35:31.759073
57,Seoudi Supermarket,El Maleka Spaghetti Pasta,El Maleka,15.0,,EGP,Spaghetti,Pasta,Regular Pasta,400,g,,,https://seoudisupermarket.com/en/el-maleka-spaghetti-pasta-400-g,In Stock,,2026-09-14 18:35:31.761072
58,Seoudi Supermarket,Lametna Elbow Pasta,Lametna,26.95,,EGP,Elbows,Pasta,Regular Pasta,1,kg,,,https://seoudisupermarket.com/en/lametna-elbow-pasta-1-kg,In Stock,,2026-09-14 18:35:31.762073
59,Seoudi Supermarket,Delicia Masreya Fettuccini Pasta,Delicia Masreya,21.45,,EGP,Fettuccine,Pasta,Regular Pasta,350,g,,,https://seoudisupermarket.com/en/delicia-masreya-fettuccine-pasta-350-g,In Stock,,2026-09-14 18:35:31.763071
60,Seoudi Supermarket,Ankara Small Rings,Ankara,34.95,37.95,EGP,Rings,Pasta,Regular Pasta,400,g,8.0,,https://seoudisupermarket.com/en/ankara-small-rings-400-g,In Stock,,2026-09-14 18:35:31.765072
61,Seoudi Supermarket,Ankara Fettuccine Pasta,Ankara,34.95,37.95,EGP,Fettuccine,Pasta,Regular Pasta,400,g,8.0,,https://seoudisupermarket.com/en/ankara-fettuccine-pasta-400-g,In Stock,,2026-09-14 18:35:31.766073
62,Seoudi Supermarket,Delicia Masreya Elbow Pasta,Delicia Masreya,21.45,,EGP,Elbows,Pasta,Regular Pasta,350,g,,,https://seoudisupermarket.com/en/delicia-masreya-elbow-pasta-350-g,In Stock,,2026-09-14 18:35:31.768074
63,Seoudi Supermarket,Delicia Masreya Fusilli Pasta,Delicia Masreya,21.45,,EGP,Fusilli,Pasta,Regular Pasta,350,g,,,https://seoudisupermarket.com/en/delicia-masreya-fusilli-pasta-350-g,In Stock,,2026-09-14 18:35:31.769072
64,Seoudi Supermarket,Masreya Shell Pasta,Masreya,21.45,,EGP,Shells,Pasta,Regular Pasta,350,g,,,https://seoudisupermarket.com/en/masreya-shell-pasta-350-g,In Stock,,2026-09-14 18:35:31.771073
65,Seoudi Supermarket,Delicia Masreya Twist Pasta,Delicia Masreya,21.45,,EGP,Twist,Pasta,Regular Pasta,350,g,,,https://seoudisupermarket.com/en/delicia-masreya-twist-pasta-350-g,In Stock,,2026-09-14 18:35:31.772072
66,Seoudi Supermarket,Delicia Masreya Spaghetti Pasta,Delicia Masreya,48.95,,EGP,Spaghetti,Pasta,Regular Pasta,1,kg,,,https://seoudisupermarket.com/en/delicia-masreya-spaghetti-pasta-1-kg,In Stock,,2026-09-14 18:35:31.774073
67,Seoudi Supermarket,Delicia Masreya Penne Pasta,Delicia Masreya,48.95,,EGP,Penne,Pasta,Regular Pasta,1,kg,,,https://seoudisupermarket.com/en/delicia-masreya-penne-pasta-1-kg,In Stock,,2026-09-14 18:35:31.775074
68,Seoudi Supermarket,Delicia Masreya Pipe Pasta,Delicia Masreya,21.45,,EGP,Pipe,Pasta,Regular Pasta,350,g,,,https://seoudisupermarket.com/en/delicia-masreya-pipe-pasta-350-g,In Stock,,2026-09-14 18:35:31.777073
69,Seoudi Supermarket,Delicia Masreya Shells Pasta,Delicia Masreya,21.45,,EGP,Shells,Pasta,Regular Pasta,350,g,,,https://seoudisupermarket.com/en/delicia-masreya-shells-pasta-350-g,In Stock,,2026-09-14 18:35:31.779072
70,Seoudi Supermarket,Regina Pipe Pasta,Regina,30.75,,EGP,Pipe,Pasta,Regular Pasta,400,g,,,https://seoudisupermarket.com/en/regina-pipe-pasta-400-g,In Stock,,2026-09-14 18:35:31.780071
71,Seoudi Supermarket,Regina Fusilli Pasta,Regina,65.95,,EGP,Fusilli,Pasta,Regular Pasta,1,kg,,,https://seoudisupermarket.com/en/regina-fusilli-pasta-1-kg,In Stock,,2026-09-14 18:35:31.782071
72,Seoudi Supermarket,Regina Shells Pasta,Regina,65.95,,EGP,Shells,Pasta,Regular Pasta,1,kg,,,https://seoudisupermarket.com/en/regina-shells-pasta-1-kg,In Stock,,2026-09-14 18:35:31.783076
73,Seoudi Supermarket,Italiano Penne Pasta,Italiano,60.0,,EGP,Penne,Pasta,Regular Pasta,1,kg,,,https://seoudisupermarket.com/en/italiano-penne-pasta-1-kg,In Stock,,2026-09-14 18:35:31.784074
74,Seoudi Supermarket,Delicia Masreya Rings Pasta,Delicia Masreya,48.95,,EGP,Rings,Pasta,Regular Pasta,1,kg,,,https://seoudisupermarket.com/en/delicia-masreya-rings-pasta-1-kg,In Stock,,2026-09-14 18:35:31.785074
75,Seoudi Supermarket,Italiano Spaghetti Pasta,Italiano,60.0,,EGP,Spaghetti,Pasta,Regular Pasta,1,kg,,,https://seoudisupermarket.com/en/italiano-spaghetti-pasta-1-kg,In Stock,,2026-09-14 18:35:31.786071
76,Seoudi Supermarket,El Maleka Lasagna Pasta,El Maleka,30.0,,EGP,Lasagna,Pasta,Lasagna,400,g,,,https://seoudisupermarket.com/en/el-maleka-lasagna-pasta-400-g,In Stock,,2026-09-14 18:35:31.787071
77,Seoudi Supermarket,Delicia Masreya Small Rings Pasta,Delicia Masreya,48.95,,EGP,Rings,Pasta,Regular Pasta,1,kg,,,https://seoudisupermarket.com/en/delicia-masreya-small-rings-pasta-1-kg,In Stock,,2026-09-14 18:35:31.788072
78,Seoudi Supermarket,Delicia Masreya Vermicelli,Delicia Masreya,48.95,,EGP,Vermicelli,Pasta,Regular Pasta,1,kg,,,https://seoudisupermarket.com/en/delicia-masreya-vermicelli-1-kg,In Stock,,2026-09-14 18:35:31.790072
79,Seoudi Supermarket,Italiano Rings Pasta,Italiano,60.0,,EGP,Rings,Pasta,Regular Pasta,1,kg,,,https://seoudisupermarket.com/en/italiano-rings-pasta-1-kg,In Stock,,2026-09-14 18:35:31.791073
80,Seoudi Supermarket,Italiano Vermicelli,Italiano,60.0,,EGP,Vermicelli,Pasta,Regular Pasta,1,kg,,,https://seoudisupermarket.com/en/italiano-vermicelli-1-kg,In Stock,,2026-09-14 18:35:31.792072
81,Seoudi Supermarket,Italiano Small Rings Pasta,Italiano,60.0,,EGP,Rings,Pasta,Regular Pasta,1,kg,,,https://seoudisupermarket.com/en/italiano-small-rings-pasta-1-kg,In Stock,,2026-09-14 18:35:31.793073
82,Seoudi Supermarket,Hawaa Fettuccine Pasta,Hawaa,15.25,,EGP,Fettuccine,Pasta,Regular Pasta,400,g,,,https://seoudisupermarket.com/en/hawaa-fettuccine-pasta-400-g,In Stock,,2026-09-14 18:35:31.794075
83,Seoudi Supermarket,El Maleka Melouky Penne Pasta,El Maleka,15.0,,EGP,Penne,Pasta,Regular Pasta,400,g,,,https://seoudisupermarket.com/en/el-maleka-melouky-penne-pasta-400-g,In Stock,,2026-09-14 18:35:31.795071
84,Seoudi Supermarket,El Maleka Melouky Small Rings Pasta,El Maleka,15.0,,EGP,Rings,Pasta,Regular Pasta,400,g,,,https://seoudisupermarket.com/en/el-maleka-melouky-small-rings-pasta-400-g,In Stock,,2026-09-14 18:35:31.796076
85,Seoudi Supermarket,El Maleka Melouky Elbows Pasta,El Maleka,15.0,,EGP,Elbows,Pasta,Regular Pasta,400,g,,,https://seoudisupermarket.com/en/el-maleka-melouky-elbows-pasta-400-g,In Stock,,2026-09-14 18:35:31.797073
86,Seoudi Supermarket,El Maleka Melouky Big Rings Pasta,El Maleka,15.0,,EGP,Rings,Pasta,Regular Pasta,400,g,,,https://seoudisupermarket.com/en/el-maleka-melouky-big-rings-pasta-400-g,In Stock,,2026-09-14 18:35:31.798074
87,Seoudi Supermarket,Golden Mills Spaghetti Pasta,Golden Mills,67.45,,EGP,Spaghetti,Pasta,Regular Pasta,500,g,,,https://seoudisupermarket.com/en/golden-mills-spaghetti-pasta-500-g,In Stock,,2026-09-14 18:35:31.799072
88,Seoudi Supermarket,Golden Mills Fettuccine pasta,Golden Mills,67.45,,EGP,Fettuccine,Pasta,Regular Pasta,500,g,,,https://seoudisupermarket.com/en/golden-mills-fettuccine-pasta-500-g,In Stock,,2026-09-14 18:35:31.800072
89,Seoudi Supermarket,Golden Mills Penne Pasta,Golden Mills,67.45,,EGP,Penne,Pasta,Regular Pasta,500,g,,,https://seoudisupermarket.com/en/golden-mills-penne-pasta-500-g,In Stock,,2026-09-14 18:35:31.801072
90,Seoudi Supermarket,Golden Mills Fusilli Pasta,Golden Mills,67.45,,EGP,Fusilli,Pasta,Regular Pasta,500,g,,,https://seoudisupermarket.com/en/golden-mills-fusilli-pasta-500-g,In Stock,,2026-09-14 18:35:31.802072
91,Seoudi Supermarket,Al Doha Oat Pasta,Al Doha,84.95,,EGP,Oat Pasta,Pasta,Specialty Pasta,400,g,,,https://seoudisupermarket.com/en/al-doha-oat-pasta-400-g,In Stock,,2026-09-14 18:35:31.803071
92,Seoudi Supermarket,Al Doha Lentile Pasta,Al Doha,84.95,,EGP,Lentil Pasta,Pasta,Specialty Pasta,400,g,,,https://seoudisupermarket.com/en/al-doha-lentil-pasta-400-g,In Stock,,2026-09-14 18:35:31.804073
93,Seoudi Supermarket,Al Doha Vegetables Pasta,Al Doha,84.95,,EGP,Vegetable Pasta,Pasta,Specialty Pasta,400,g,,,https://seoudisupermarket.com/en/al-doha-vegetables-pasta-400-g,In Stock,,2026-09-14 18:35:31.805070
94,Seoudi Supermarket,Delicia Masreya Fusilli Pasta,Delicia Masreya,24.95,,EGP,Fusilli,Pasta,Regular Pasta,500,g,,,https://seoudisupermarket.com/en/delicia-masreya-fusilli-pasta-500-g,In Stock,,2026-09-14 18:35:31.806072
95,Seoudi Supermarket,Delicia Masreya Rings Pasta,Delicia Masreya,24.95,,EGP,Rings,Pasta,Regular Pasta,500,g,,,https://seoudisupermarket.com/en/delicia-masreya-rings-pasta-500-g,In Stock,,2026-09-14 18:35:31.807072
96,Seoudi Supermarket,Delicia Masreya Snails Pasta,Delicia Masreya,24.95,,EGP,Snails,Pasta,Regular Pasta,500,g,,,https://seoudisupermarket.com/en/delicia-masreya-snails-pasta-500-g,In Stock,,2026-09-14 18:35:31.807072
97,Seoudi Supermarket,Delicia Masreya Small Rings Pasta,Delicia Masreya,24.95,,EGP,Rings,Pasta,Regular Pasta,500,g,,,https://seoudisupermarket.com/en/delicia-masreya-small-rings-pasta-500-g,In Stock,,2026-09-14 18:35:31.808072
98,Seoudi Supermarket,Al Doha Adventure Pasta,Al Doha,23.75,,EGP,Other Pasta,Pasta,Regular Pasta,250,g,,,https://seoudisupermarket.com/en/al-doha-adventure-pasta-250-g,In Stock,,2026-09-14 18:35:31.809073
99,Seoudi Supermarket,Al Doha Mini Chef Little Shells Pasta,Al Doha,23.75,,EGP,Shells,Pasta,Regular Pasta,250,g,,,https://seoudisupermarket.com/en/al-doha-mini-chef-shells-pasta-250-g,In Stock,,2026-09-14 18:35:31.810073
100,Seoudi Supermarket,Al Doha Farfalle Pasta,Al Doha,23.75,,EGP,Farfalle,Pasta,Regular Pasta,250,g,,,https://seoudisupermarket.com/en/al-doha-farfalle-pasta-250-g,In Stock,,2026-09-14 18:35:31.811070
101,Seoudi Supermarket,Al Doha Fairy Tale Pasta,Al Doha,23.75,,EGP,Other Pasta,Pasta,Regular Pasta,250,g,,,https://seoudisupermarket.com/en/al-doha-fairy-tale-pasta-250-g,In Stock,,2026-09-14 18:35:39.724973
102,Seoudi Supermarket,Hawaa Mini Penne Pasta,Hawaa,15.25,,EGP,Penne,Pasta,Regular Pasta,400,g,,,https://seoudisupermarket.com/en/hawaa-mini-penne-pasta-400-g,In Stock,,2026-09-14 18:35:39.726971
103,Seoudi Supermarket,Hawaa Shell Pasta,Hawaa,15.25,,EGP,Shells,Pasta,Regular Pasta,400,g,,,https://seoudisupermarket.com/en/hawaa-shell-pasta-400-g,In Stock,,2026-09-14 18:35:39.727971
104,Seoudi Supermarket,Hawaa Fusilli Pasta,Hawaa,15.25,,EGP,Fusilli,Pasta,Regular Pasta,400,g,,,https://seoudisupermarket.com/en/hawaa-fusilli-pasta-400-g,In Stock,,2026-09-14 18:35:39.728970
105,Seoudi Supermarket,Venecia Risoni,"Venecia ",20.45,,EGP,Risoni,Pasta,Regular Pasta,400,g,,,https://seoudisupermarket.com/en/venecia-risoni-400-g,In Stock,,2026-09-14 18:35:39.729974
106,Seoudi Supermarket,Venecia Small Rings Pasta,"Venecia ",20.45,,EGP,Rings,Pasta,Regular Pasta,400,g,,,https://seoudisupermarket.com/en/venecia-small-rings-pasta-400-g,In Stock,,2026-09-14 18:35:39.730972
107,Seoudi Supermarket,Venecia Spaghetti Pasta,"Venecia ",20.45,,EGP,Spaghetti,Pasta,Regular Pasta,400,g,,,https://seoudisupermarket.com/en/venecia-spaghetti-pasta-400-g,In Stock,,2026-09-14 18:35:39.731973
108,Seoudi Supermarket,Venecia Elbow Pasta,"Venecia ",20.45,,EGP,Elbows,Pasta,Regular Pasta,400,g,,,https://seoudisupermarket.com/en/venecia-elbow-pasta-400-g,In Stock,,2026-09-14 18:35:39.732973
109,Seoudi Supermarket,Venecia Vermicelli,"Venecia ",20.45,,EGP,Vermicelli,Pasta,Regular Pasta,400,g,,,https://seoudisupermarket.com/en/venecia-vermicelli-400-g,In Stock,,2026-09-14 18:35:39.734971
110,Seoudi Supermarket,El Maleka Penne Pasta,El Maleka,35.0,,EGP,Penne,Pasta,Regular Pasta,1,kg,,,https://seoudisupermarket.com/en/el-maleka-penne-pasta-1-kg,In Stock,,2026-09-14 18:35:39.735971
111,Seoudi Supermarket,El Maleka Big Rings Pasta,El Maleka,35.0,,EGP,Rings,Pasta,Regular Pasta,1,kg,,,https://seoudisupermarket.com/en/el-maleka-big-rings-pasta-1-kg,In Stock,,2026-09-14 18:35:39.736974
112,Seoudi Supermarket,Hawaa Penne Pasta,Hawaa,15.25,,EGP,Penne,Pasta,Regular Pasta,400,g,,,https://seoudisupermarket.com/en/hawaa-penne-pasta-400-g,In Stock,,2026-09-14 18:35:39.738972
113,Seoudi Supermarket,Hawaa Spaghetti Pasta,Hawaa,15.25,,EGP,Spaghetti,Pasta,Regular Pasta,400,g,,,https://seoudisupermarket.com/en/hawaa-spaghetti-pasta-400-g,In Stock,,2026-09-14 18:35:39.739972
114,Seoudi Supermarket,Hawaa Risoni,Hawaa,15.25,,EGP,Risoni,Pasta,Regular Pasta,400,g,,,https://seoudisupermarket.com/en/hawaa-risoni-400-g,In Stock,,2026-09-14 18:35:39.740972
115,Seoudi Supermarket,Italiano Serpentini Pasta,Italiano,27.0,,EGP,Other Pasta,Pasta,Regular Pasta,400,g,,,https://seoudisupermarket.com/en/italiano-serpentini-pasta-400-g,In Stock,,2026-09-14 18:35:39.741972
116,Seoudi Supermarket,Al Doha Big Rings Pasta,Al Doha,22.95,27.45,EGP,Rings,Pasta,Regular Pasta,400,g,16.0,,https://seoudisupermarket.com/en/al-doha-big-rings-pasta-400-g,In Stock,,2026-09-14 18:35:39.742975
117,Seoudi Supermarket,Al Doha Small Rings Pasta,Al Doha,22.95,27.45,EGP,Rings,Pasta,Regular Pasta,400,g,16.0,,https://seoudisupermarket.com/en/al-doha-small-rings-pasta-400-g,In Stock,,2026-09-14 18:35:39.743975
118,Seoudi Supermarket,Al Doha Fusilli Pasta,Al Doha,22.95,27.45,EGP,Fusilli,Pasta,Regular Pasta,400,g,16.0,,https://seoudisupermarket.com/en/al-doha-fusilli-pasta-400-g,In Stock,,2026-09-14 18:35:39.744974
119,Seoudi Supermarket,Lino Oat Fusilli Pasta,Lino,99.95,119.95,EGP,Fusilli,Pasta,Regular Pasta,400,g,17.0,,https://seoudisupermarket.com/en/lino-oat-fusilli-pasta-400-g,In Stock,,2026-09-14 18:35:39.745973
120,Seoudi Supermarket,Lino Oat Penne Pasta,Lino,99.95,119.95,EGP,Penne,Pasta,Regular Pasta,400,g,17.0,,https://seoudisupermarket.com/en/lino-oat-penne-pasta-400-g,In Stock,,2026-09-14 18:35:39.746974
121,Seoudi Supermarket,El Maleka Vermicelli,El Maleka,35.0,,EGP,Vermicelli,Pasta,Regular Pasta,1,kg,,,https://seoudisupermarket.com/en/el-maleka-vermicelli-1-kg,In Stock,,2026-09-14 18:35:39.747974
122,Seoudi Supermarket,El Maleka Spaghetti Pasta,El Maleka,35.0,,EGP,Spaghetti,Pasta,Regular Pasta,1,kg,,,https://seoudisupermarket.com/en/el-maleka-spaghetti-pasta-1-kg,In Stock,,2026-09-14 18:35:39.748973
123,Seoudi Supermarket,Regina Spagetti Pasta 1.6 mm,Regina,65.95,,EGP,Other Pasta,Pasta,Regular Pasta,1,kg,,,https://seoudisupermarket.com/en/regina-spagetti-pasta-1-6-mm-1-kg,In Stock,,2026-09-14 18:35:39.749976
124,Seoudi Supermarket,Regina Risoni,Regina,65.95,,EGP,Risoni,Pasta,Regular Pasta,1,kg,,,https://seoudisupermarket.com/en/regina-risoni-1-kg,In Stock,,2026-09-14 18:35:39.750974
125,Seoudi Supermarket,Regina Twist Pasta,Regina,30.75,,EGP,Twist,Pasta,Regular Pasta,400,g,,,https://seoudisupermarket.com/en/regina-twist-pasta-400-g,In Stock,,2026-09-14 18:35:39.751976
126,Seoudi Supermarket,Regina Big Rings Pasta,Regina,65.95,,EGP,Rings,Pasta,Regular Pasta,1,kg,,,https://seoudisupermarket.com/en/regina-big-rings-pasta-1-kg,In Stock,,2026-09-14 18:35:39.752973
127,Seoudi Supermarket,Regina Linguini Pasta,Regina,65.95,,EGP,Linguine,Pasta,Regular Pasta,1,kg,,,https://seoudisupermarket.com/en/regina-linguini-pasta-1-kg,In Stock,,2026-09-14 18:35:39.753972
128,Seoudi Supermarket,Regina Vermicelli,Regina,65.95,,EGP,Vermicelli,Pasta,Regular Pasta,1,kg,,,https://seoudisupermarket.com/en/regina-vermicelli-1-kg,In Stock,,2026-09-14 18:35:39.755975
129,Seoudi Supermarket,Regina Penne Pasta,Regina,65.95,,EGP,Penne,Pasta,Regular Pasta,1,kg,,,https://seoudisupermarket.com/en/regina-penne-pasta-1-kg,In Stock,,2026-09-14 18:35:39.755975
130,Seoudi Supermarket,Regina Snails Pasta,Regina,30.75,,EGP,Snails,Pasta,Regular Pasta,400,g,,,https://seoudisupermarket.com/en/regina-snails-pasta-400-g,In Stock,,2026-09-14 18:35:39.756978
131,Seoudi Supermarket,Regina Lasagna Pasta,Regina,67.45,,EGP,Lasagna,Pasta,Lasagna,500,g,,,https://seoudisupermarket.com/en/regina-lasagna-pasta-500-g,In Stock,,2026-09-14 18:35:39.758974
132,Seoudi Supermarket,Regina Small Rings Pasta,Regina,65.95,,EGP,Rings,Pasta,Regular Pasta,1,kg,,,https://seoudisupermarket.com/en/regina-small-rings-pasta-1-kg,In Stock,,2026-09-14 18:35:39.759972
133,Seoudi Supermarket,Regina Macaroni Pasta,Regina,30.75,,EGP,Other Pasta,Pasta,Regular Pasta,400,g,,,https://seoudisupermarket.com/en/regina-macaroni-pasta-400-g,In Stock,,2026-09-14 18:35:39.760975
134,Seoudi Supermarket,Regina Shells Pasta,Regina,30.75,,EGP,Shells,Pasta,Regular Pasta,400,g,,,https://seoudisupermarket.com/en/regina-shells-pasta-400-g,In Stock,,2026-09-14 18:35:39.761972
135,Seoudi Supermarket,Regina Big Elbows Pasta,Regina,30.75,,EGP,Elbows,Pasta,Regular Pasta,400,g,,,https://seoudisupermarket.com/en/regina-big-elbows-pasta-400-g,Out of Stock,,2026-09-14 18:35:39.761972
136,Seoudi Supermarket,"Delicia Masreya Vermicelli, 1mm",Delicia Masreya,21.45,,EGP,Vermicelli,Pasta,Regular Pasta,350,g,,,https://seoudisupermarket.com/en/delicia-masreya-vermicelli-1mm-350-g,In Stock,,2026-09-14 18:35:39.762972
137,Seoudi Supermarket,Delicia Masreya Big Rings Pasta,Delicia Masreya,21.45,,EGP,Rings,Pasta,Regular Pasta,350,g,,,https://seoudisupermarket.com/en/delicia-masreya-big-rings-pasta-350-g,In Stock,,2026-09-14 18:35:39.764973
138,Seoudi Supermarket,Delicia Masreya Penne Pasta 10m,Delicia Masreya,21.45,,EGP,Penne,Pasta,Regular Pasta,350,g,,,https://seoudisupermarket.com/en/delicia-masreya-penne-pasta-350-g,In Stock,,2026-09-14 18:35:39.765976
139,Seoudi Supermarket,Delicia Masreya Small Rings Pasta,Delicia Masreya,21.45,,EGP,Rings,Pasta,Regular Pasta,350,g,,,https://seoudisupermarket.com/en/delicia-masreya-small-rings-pasta-350-g,In Stock,,2026-09-14 18:35:39.765976
140,Seoudi Supermarket,Organic Nation Oat Fusilli Pasta,,109.95,,EGP,Fusilli,Pasta,Regular Pasta,400,g,,,https://seoudisupermarket.com/en/organic-nation-oat-fusilli-pasta-400-g,Out of Stock,,2026-09-14 18:35:39.766973
141,Seoudi Supermarket,De Cecco Potato Pasta,De Cecco,169.95,,EGP,Other Pasta,Pasta,Regular Pasta,500,g,,,https://seoudisupermarket.com/en/de-cecco-potato-pasta-500-g,Out of Stock,,2026-09-14 18:35:39.767979
142,Seoudi Supermarket,Bertagni Triangoli Mushroom & Truffle Pasta,,294.95,,EGP,Other Pasta,Pasta,Regular Pasta,250,g,,,https://seoudisupermarket.com/en/bertagni-triangoli-mushroom-truffle-pasta-250-g,Out of Stock,,2026-09-14 18:35:39.768974
143,Seoudi Supermarket,Granoro Dedicato Mezzi Paccheri Pasta,Granoro,141.45,,EGP,Other Pasta,Pasta,Regular Pasta,500,g,,,https://seoudisupermarket.com/en/%D8%AC%D8%B1%D8%A7%D9%86%D9%88%D8%B1%D9%88-%D9%85%D9%83%D8%B1%D9%88%D9%86%D8%A9-%D8%A8%D8%A7%D8%AA%D8%B4%D9%8A%D8%B1%D9%89-500%D8%AC%D9%85,Out of Stock,,2026-09-14 18:35:39.769973
144,Seoudi Supermarket,Barilla Risoni Pasta,Barilla,174.95,,EGP,Risoni,Pasta,Regular Pasta,500,g,,,https://seoudisupermarket.com/en/barilla-risoni-pasta-500-g,Out of Stock,,2026-09-14 18:35:39.770974
145,Seoudi Supermarket,La Fabbrica Della Straccetti Pasta,"La Fabbrica Della ",539.95,,EGP,Other Pasta,Pasta,Regular Pasta,500,g,,,https://seoudisupermarket.com/en/la-fabbrica-della-straccetti-pasta-500-g,Out of Stock,,2026-09-14 18:35:39.771973
146,Seoudi Supermarket,La Fabbrica Della Rigatoni Pasta,"La Fabbrica Della ",539.95,,EGP,Rigatoni,Pasta,Regular Pasta,500,g,,,https://seoudisupermarket.com/en/la-fabbrica-della-rigatoni-pasta-500-g,Out of Stock,,2026-09-14 18:35:39.773972
147,Seoudi Supermarket,La Fabbrica Della Miez Paccheri Rigati Pasta,"La Fabbrica Della ",482.95,,EGP,Other Pasta,Pasta,Regular Pasta,500,g,,,https://seoudisupermarket.com/en/la-fabbrica-della-miez-paccheri-rigati-pasta-500-g,Out of Stock,,2026-09-14 18:35:39.774973
148,Seoudi Supermarket,La Fabbrica Della Elicopenne Pasta,"La Fabbrica Della ",539.95,,EGP,Penne,Pasta,Regular Pasta,500,g,,,https://seoudisupermarket.com/en/la-fabbrica-della-elicopenne-pasta-500-g,Out of Stock,,2026-09-14 18:35:39.775976
149,Seoudi Supermarket,La Fabbrica Della Linguine Pasta,"La Fabbrica Della ",482.95,,EGP,Linguine,Pasta,Regular Pasta,500,g,,,https://seoudisupermarket.com/en/la-fabbrica-della-linguine-pasta-500-g,Out of Stock,,2026-09-14 18:35:39.775976
150,Seoudi Supermarket,La Fabbrica Della Spaghetti Pasta,"La Fabbrica Della ",482.95,,EGP,Spaghetti,Pasta,Regular Pasta,500,g,,,https://seoudisupermarket.com/en/la-fabbrica-della-spaghetti-pasta-500-g,Out of Stock,,2026-09-14 18:35:39.776976
151,Seoudi Supermarket,Armando Colored Oven Pasta,"Armando ",189.95,,EGP,Other Pasta,Pasta,Regular Pasta,500,g,,,https://seoudisupermarket.com/en/armando-colored-oven-pasta-500-g,Out of Stock,,2026-09-14 18:35:48.849320
152,Seoudi Supermarket,Armando Colored Farfalle Pasta,"Armando ",179.95,,EGP,Farfalle,Pasta,Regular Pasta,500,g,,,https://seoudisupermarket.com/en/armando-colored-farfalle-pasta-500-g,Out of Stock,,2026-09-14 18:35:48.850319
153,Seoudi Supermarket,Armando Colored Fusilli Pasta,"Armando ",179.95,,EGP,Fusilli,Pasta,Regular Pasta,500,g,,,https://seoudisupermarket.com/en/armando-colored-fusilli-pasta-500-g,Out of Stock,,2026-09-14 18:35:48.850319
154,Seoudi Supermarket,Armando Organic Fusilli Pasta,"Armando ",189.95,,EGP,Fusilli,Pasta,Regular Pasta,500,g,,,https://seoudisupermarket.com/en/armando-organic-fusilli-pasta-500-g,Out of Stock,,2026-09-14 18:35:48.851319
155,Seoudi Supermarket,Armando Lumaconi Pasta,"Armando ",179.95,,EGP,Other Pasta,Pasta,Regular Pasta,500,g,,,https://seoudisupermarket.com/en/armando-lumaconi-pasta-500-g,Out of Stock,,2026-09-14 18:35:48.851319
156,Seoudi Supermarket,Armando Rigatoni Pasta,"Armando ",169.95,,EGP,Rigatoni,Pasta,Regular Pasta,500,g,,,https://seoudisupermarket.com/en/armando-rigatoni-pasta-500-g,Out of Stock,,2026-09-14 18:35:48.852321
157,Seoudi Supermarket,Armando Rigata Oven Pasta,"Armando ",159.95,,EGP,Other Pasta,Pasta,Regular Pasta,500,g,,,https://seoudisupermarket.com/en/armando-rigata-oven-pasta-500-g,Out of Stock,,2026-09-14 18:35:48.853321
158,Seoudi Supermarket,Armando Organic Spaghetti No.2,"Armando ",164.95,,EGP,Spaghetti,Pasta,Regular Pasta,500,g,,,https://seoudisupermarket.com/en/armando-organic-spaghetti-no-2-500-g,Out of Stock,,2026-09-14 18:35:48.853321
159,Seoudi Supermarket,Armando Organic Spaghetti Pasta,"Armando ",189.95,,EGP,Spaghetti,Pasta,Regular Pasta,500,g,,,https://seoudisupermarket.com/en/armando-organic-spaghetti-pasta-500-g,Out of Stock,,2026-09-14 18:35:48.854319
160,Seoudi Supermarket,Armando Organic Oven Pasta,"Armando ",189.95,,EGP,Other Pasta,Pasta,Regular Pasta,500,g,,,https://seoudisupermarket.com/en/armando-organic-oven-pasta-500-g,Out of Stock,,2026-09-14 18:35:48.854319
161,Seoudi Supermarket,Armando Organic Farfalle Pasta,"Armando ",189.95,,EGP,Farfalle,Pasta,Regular Pasta,500,g,,,https://seoudisupermarket.com/en/armando-organic-farfalle-pasta-500-g,Out of Stock,,2026-09-14 18:35:48.855320
162,Seoudi Supermarket,Venecia Lasagna Pasta,"Venecia ",35.75,,EGP,Lasagna,Pasta,Lasagna,400,g,,,https://seoudisupermarket.com/en/venecia-lasagna-pasta-400-g,Out of Stock,,2026-09-14 18:35:48.855320
163,Seoudi Supermarket,Venecia Ribbon Pasta,"Venecia ",49.95,,EGP,Other Pasta,Pasta,Regular Pasta,1,kg,,,https://seoudisupermarket.com/en/venecia-ribbon-pasta-1-kg,Out of Stock,,2026-09-14 18:35:48.856320
164,Seoudi Supermarket,Venecia Shell Pasta,"Venecia ",49.95,,EGP,Shells,Pasta,Regular Pasta,1,kg,,,https://seoudisupermarket.com/en/venecia-shell-pasta-1-kg,Out of Stock,,2026-09-14 18:35:48.856320
165,Seoudi Supermarket,Venecia Fusilli Pasta,"Venecia ",49.95,,EGP,Fusilli,Pasta,Regular Pasta,1,kg,,,https://seoudisupermarket.com/en/venecia-fusilli-pasta-1-kg,Out of Stock,,2026-09-14 18:35:48.857321
166,Seoudi Supermarket,Venecia Vermicelli,"Venecia ",49.95,,EGP,Vermicelli,Pasta,Regular Pasta,1,kg,,,https://seoudisupermarket.com/en/venecia-vermicelli-1-kg,Out of Stock,,2026-09-14 18:35:48.857321
167,Seoudi Supermarket,Venecia Crescent Pasta,"Venecia ",49.95,,EGP,Other Pasta,Pasta,Regular Pasta,1,kg,,,https://seoudisupermarket.com/en/venecia-crescent-pasta-1-kg,Out of Stock,,2026-09-14 18:35:48.858319
168,Seoudi Supermarket,Venecia Rings Pasta,"Venecia ",49.95,,EGP,Rings,Pasta,Regular Pasta,1,kg,,,https://seoudisupermarket.com/en/venecia-rings-pasta-1-kg,Out of Stock,,2026-09-14 18:35:48.859320
169,Seoudi Supermarket,Venecia Penne Pasta,"Venecia ",49.95,,EGP,Penne,Pasta,Regular Pasta,1,kg,,,https://seoudisupermarket.com/en/venecia-penne-pasta-1-kg,Out of Stock,,2026-09-14 18:35:48.859320
170,Seoudi Supermarket,Venecia Spaghetti Pasta,"Venecia ",49.95,,EGP,Spaghetti,Pasta,Regular Pasta,1,kg,,,https://seoudisupermarket.com/en/venecia-spaghetti-pasta-1-kg,Out of Stock,,2026-09-14 18:35:48.860319
171,Seoudi Supermarket,Lametna Fusilli Pasta,Lametna,26.95,,EGP,Fusilli,Pasta,Regular Pasta,1,kg,,,https://seoudisupermarket.com/en/lametna-fusilli-pasta-1-kg,Out of Stock,,2026-09-14 18:35:48.860319
172,Seoudi Supermarket,Maltagliati Fettuccine Pasta,"Maltagliati ",204.95,,EGP,Fettuccine,Pasta,Regular Pasta,500,g,,,https://seoudisupermarket.com/en/maltagliati-fettuccine-pasta-500-g,Out of Stock,,2026-09-14 18:35:48.861322
173,Seoudi Supermarket,Bertagni Pasta with Eggplant & Tomato,"Bertagni ",270.0,,EGP,Other Pasta,Pasta,Regular Pasta,250,g,,,https://seoudisupermarket.com/en/bertagni-pasta-with-eggplant-tomato-250-g,Out of Stock,,2026-09-14 18:35:48.862321
174,Seoudi Supermarket,Bertagni Pasta with Pumpkin & Cheese,"Bertagni ",270.0,,EGP,Other Pasta,Pasta,Regular Pasta,250,g,,,https://seoudisupermarket.com/en/bertagni-pasta-with-pumpkin-cheese-250-g,Out of Stock,,2026-09-14 18:35:48.862321
175,Seoudi Supermarket,Bertagni Pasta with Egg & Black Pepper,"Bertagni ",294.95,,EGP,Other Pasta,Pasta,Regular Pasta,250,g,,,https://seoudisupermarket.com/en/bertagni-pasta-with-egg-black-pepper-250-g,Out of Stock,,2026-09-14 18:35:48.863319
176,Seoudi Supermarket,Bertagni Pasta with Goat Cheese & Onion,"Bertagni ",270.0,,EGP,Other Pasta,Pasta,Regular Pasta,250,g,,,https://seoudisupermarket.com/en/bertagni-pasta-with-goat-cheese-onion-250-g,Out of Stock,,2026-09-14 18:35:48.863319
177,Seoudi Supermarket,Bertagni Pasta with Tomato & Basil,"Bertagni ",294.95,,EGP,Other Pasta,Pasta,Regular Pasta,250,g,,,https://seoudisupermarket.com/en/bertagni-pasta-with-tomato-basil-250-g,Out of Stock,,2026-09-14 18:35:48.864319
178,Seoudi Supermarket,Bertagni Tortellini Pasta with Mushroom,"Bertagni ",294.95,,EGP,Other Pasta,Pasta,Regular Pasta,250,g,,,https://seoudisupermarket.com/en/bertagni-tortellini-pasta-with-mushroom-250-g,Out of Stock,,2026-09-14 18:35:48.864319
179,Seoudi Supermarket,Bertagni Pasta with Ricotta & Spinach,"Bertagni ",294.95,,EGP,Other Pasta,Pasta,Regular Pasta,250,g,,,https://seoudisupermarket.com/en/bertagni-pasta-with-ricotta-spinach-250-g,Out of Stock,,2026-09-14 18:35:48.865319
180,Seoudi Supermarket,Pastazara Conchiglie Pasta,Pastazara,123.45,,EGP,Other Pasta,Pasta,Regular Pasta,500,g,,,https://seoudisupermarket.com/en/pastazara-conchiglie-pasta-500-g,Out of Stock,,2026-09-14 18:35:48.865319
181,Seoudi Supermarket,Pastazara Penne Pasta N.60,Pastazara,123.45,,EGP,Penne,Pasta,Regular Pasta,500,g,,,https://seoudisupermarket.com/en/pastazara-penne-pasta-n-60-500-g,Out of Stock,,2026-09-14 18:35:48.866321
182,Seoudi Supermarket,"Barilla Penne Rigate Pasta, N.73",Barilla,174.95,,EGP,Penne,Pasta,Regular Pasta,500,g,,,https://seoudisupermarket.com/en/barilla-penne-rigate-pasta-n-73-500-g,Out of Stock,,2026-09-14 18:35:48.867320
183,Seoudi Supermarket,Pastazara Penne Rigata N.45,Pastazara,123.45,,EGP,Penne,Pasta,Regular Pasta,500,g,,,https://seoudisupermarket.com/en/pastazara-penne-rigata-n-45-500-g,Out of Stock,,2026-09-14 18:35:48.867320
184,Seoudi Supermarket,Pastazara Penne Rigate Pasta N.49,Pastazara,123.45,,EGP,Penne,Pasta,Regular Pasta,500,g,,,https://seoudisupermarket.com/en/pastazara-penne-rigate-pasta-n-49-500-g,Out of Stock,,2026-09-14 18:35:48.868320
185,Seoudi Supermarket,Pastazara Penne Rigate Pasta N.50,Pastazara,123.45,,EGP,Penne,Pasta,Regular Pasta,500,g,,,https://seoudisupermarket.com/en/pastazara-penne-rigate-pasta-n-50-500-g,Out of Stock,,2026-09-14 18:35:48.868320
186,Seoudi Supermarket,Schar Penne Pasta,Schär,179.95,,EGP,Penne,Pasta,Regular Pasta,250,g,,,https://seoudisupermarket.com/en/schar-penne-pasta-250-g,Out of Stock,,2026-09-14 18:35:48.869321
187,Seoudi Supermarket,Agnesi Penne Rigate Pasta,Agnesi,179.95,,EGP,Penne,Pasta,Regular Pasta,500,g,,,https://seoudisupermarket.com/en/agnesi-penne-rigate-pasta-500-g,Out of Stock,,2026-09-14 18:35:48.869321
188,Seoudi Supermarket,Garofalo Penne Pasta,Garofalo,144.95,,EGP,Penne,Pasta,Regular Pasta,500,g,,,https://seoudisupermarket.com/en/garofalo-penne-pasta-500-g,Out of Stock,,2026-09-14 18:35:48.870322
189,Seoudi Supermarket,Riscossa Brown Penne Pasta,Riscossa,209.95,,EGP,Penne,Pasta,Regular Pasta,500,g,,,https://seoudisupermarket.com/en/riscossa-brown-penne-pasta-500-g,Out of Stock,,2026-09-14 18:35:48.870322
190,Seoudi Supermarket,Riscossa Gluten Free Penne Pasta N.27,Riscossa,454.95,,EGP,Gluten-Free Pasta,Pasta,Specialty Pasta,340,g,,,https://seoudisupermarket.com/en/riscossa-gluten-free-penne-pasta-n-27-340-g,Out of Stock,,2026-09-14 18:35:48.871319
191,Seoudi Supermarket,Riscossa Penne Pasta N.27,Riscossa,174.95,,EGP,Penne,Pasta,Regular Pasta,500,g,,,https://seoudisupermarket.com/en/riscossa-penne-pasta-n-27-500-g,Out of Stock,,2026-09-14 18:35:48.871319
192,Seoudi Supermarket,Agnesi Penne Pasta,Agnesi,179.95,,EGP,Penne,Pasta,Regular Pasta,500,g,,,https://seoudisupermarket.com/en/agnesi-penne-pasta-500-g,Out of Stock,,2026-09-14 18:35:48.872319
193,Seoudi Supermarket,Pastazara Spaghetti Pasta N.1,Pastazara,119.95,,EGP,Spaghetti,Pasta,Regular Pasta,500,g,,,https://seoudisupermarket.com/en/pastazara-spaghetti-pasta-n-1-500-g,Out of Stock,,2026-09-14 18:35:48.872319
194,Seoudi Supermarket,Pastazara Spaghetti Pasta N.3,Pastazara,109.95,,EGP,Spaghetti,Pasta,Regular Pasta,500,g,,,https://seoudisupermarket.com/en/pastazara-spaghetti-pasta-n-3-500-g,Out of Stock,,2026-09-14 18:35:48.873319
195,Seoudi Supermarket,Pastazara Spaghetti Pasta N.4,Pastazara,109.95,,EGP,Spaghetti,Pasta,Regular Pasta,500,g,,,https://seoudisupermarket.com/en/pastazara-spaghetti-pasta-n-4-500-g,Out of Stock,,2026-09-14 18:35:48.873319
196,Seoudi Supermarket,Barilla Spaghetti Pasta N.5,Barilla,174.95,,EGP,Spaghetti,Pasta,Regular Pasta,500,g,,,https://seoudisupermarket.com/en/barilla-spaghetti-pasta-n-5-500-g,Out of Stock,,2026-09-14 18:35:48.874320
197,Seoudi Supermarket,Ankara Spaghetti Pasta,Ankara,34.95,37.95,EGP,Spaghetti,Pasta,Regular Pasta,400,g,8.0,,https://seoudisupermarket.com/en/ankara-spaghetti-pasta-400-g,Out of Stock,,2026-09-14 18:35:48.875329
198,Seoudi Supermarket,Pastazara Spaghetti Pasta N.2,Pastazara,109.95,,EGP,Spaghetti,Pasta,Regular Pasta,500,g,,,https://seoudisupermarket.com/en/pastazara-spaghetti-pasta-n-2-500-g,Out of Stock,,2026-09-14 18:35:48.876321
199,Seoudi Supermarket,Schar Spaghetti Pasta,Schär,184.95,,EGP,Spaghetti,Pasta,Regular Pasta,250,g,,,https://seoudisupermarket.com/en/schar-spaghetti-pasta-250-g,Out of Stock,,2026-09-14 18:35:48.877327
200,Seoudi Supermarket,Garofalo Spaghetti Pasta N.4,Garofalo,144.95,,EGP,Spaghetti,Pasta,Regular Pasta,500,g,,,https://seoudisupermarket.com/en/garofalo-spaghetti-pasta-n-4-500-g,Out of Stock,,2026-09-14 18:35:48.878324
201,Seoudi Supermarket,Garofalo Spaghetti Pasta N.9,Garofalo,144.95,,EGP,Spaghetti,Pasta,Regular Pasta,500,g,,,https://seoudisupermarket.com/en/garofalo-spaghetti-pasta-n-9-500-g,Out of Stock,,2026-09-14 18:35:56.492477
202,Seoudi Supermarket,Riscossa Brown Spaghetti Pasta,Riscossa,214.95,,EGP,Spaghetti,Pasta,Regular Pasta,500,g,,,https://seoudisupermarket.com/en/riscossa-brown-spaghetti-pasta-500-g,Out of Stock,,2026-09-14 18:35:56.492477
203,Seoudi Supermarket,Pastazara Lasagna,Pastazara,218.95,,EGP,Lasagna,Pasta,Lasagna,500,g,,,https://seoudisupermarket.com/en/pastazara-lasagna-500-g,Out of Stock,,2026-09-14 18:35:56.493478
204,Seoudi Supermarket,Agnesi Semolina Lasagna,Agnesi,229.95,,EGP,Lasagna,Pasta,Lasagna,500,g,,,https://seoudisupermarket.com/en/agnesi-semolina-lasagna-500-g,Out of Stock,,2026-09-14 18:35:56.493478
205,Seoudi Supermarket,Riscossa Lasagna,Riscossa,259.95,,EGP,Lasagna,Pasta,Lasagna,500,g,,,https://seoudisupermarket.com/en/riscossa-lasagna-500-g,Out of Stock,,2026-09-14 18:35:56.494477
206,Seoudi Supermarket,Garofalo Lasagna,Garofalo,199.95,,EGP,Lasagna,Pasta,Lasagna,500,g,,,https://seoudisupermarket.com/en/garofalo-lasagna-500-g,Out of Stock,,2026-09-14 18:35:56.494477
207,Seoudi Supermarket,Garofalo Fusilli Tricolor Pasta,Garofalo,154.95,,EGP,Fusilli,Pasta,Regular Pasta,500,g,,,https://seoudisupermarket.com/en/garofalo-fusilli-tricolor-pasta-500-g,Out of Stock,,2026-09-14 18:35:56.494477
208,Seoudi Supermarket,Pastazara Fusilli Pasta N.57,Pastazara,123.45,,EGP,Fusilli,Pasta,Regular Pasta,500,g,,,https://seoudisupermarket.com/en/pastazara-fusilli-pasta-57-500-g,Out of Stock,,2026-09-14 18:35:56.495477
209,Seoudi Supermarket,Pastazara Fusilli Pasta N.573,Pastazara,167.95,,EGP,Fusilli,Pasta,Regular Pasta,500,g,,,https://seoudisupermarket.com/en/pastazara-fusilli-pasta-n-573-500-g,Out of Stock,,2026-09-14 18:35:56.495477
210,Seoudi Supermarket,Agnesi Fusilli Pasta,Agnesi,179.95,,EGP,Fusilli,Pasta,Regular Pasta,500,g,,,https://seoudisupermarket.com/en/agnesi-fusilli-pasta-500-g,Out of Stock,,2026-09-14 18:35:56.496478
211,Seoudi Supermarket,Barilla Fusilli Pasta,Barilla,174.95,,EGP,Fusilli,Pasta,Regular Pasta,500,g,,,https://seoudisupermarket.com/en/barilla-fusilli-pasta-500-g,Out of Stock,,2026-09-14 18:35:56.496478
212,Seoudi Supermarket,Schar Fusilli Pasta,Schär,179.95,,EGP,Fusilli,Pasta,Regular Pasta,250,g,,,https://seoudisupermarket.com/en/schar-fusilli-pasta-250-g,Out of Stock,,2026-09-14 18:35:56.497478
213,Seoudi Supermarket,Garofalo Fusilli Pasta,Garofalo,144.95,,EGP,Fusilli,Pasta,Regular Pasta,500,g,,,https://seoudisupermarket.com/en/garofalo-fusilli-pasta-500-g,Out of Stock,,2026-09-14 18:35:56.497478
214,Seoudi Supermarket,Agnesi Farfalle Pasta N46,Agnesi,179.95,,EGP,Farfalle,Pasta,Regular Pasta,500,g,,,https://seoudisupermarket.com/en/agnesi-farfalle-pasta-n46-500-g,Out of Stock,,2026-09-14 18:35:56.498478
215,Seoudi Supermarket,Pastazara Farfalle N.31,Pastazara,123.45,,EGP,Farfalle,Pasta,Regular Pasta,500,g,,,https://seoudisupermarket.com/en/pastazara-farfalle-n-31-500-g,Out of Stock,,2026-09-14 18:35:56.499511
216,Seoudi Supermarket,Garofalo Farfalle Pasta,Garofalo,144.95,,EGP,Farfalle,Pasta,Regular Pasta,500,g,,,https://seoudisupermarket.com/en/garofalo-farfalle-pasta-500-g,Out of Stock,,2026-09-14 18:35:56.499511
217,Seoudi Supermarket,Pastazara Risoni N.22,Pastazara,129.95,,EGP,Risoni,Pasta,Regular Pasta,500,g,,,https://seoudisupermarket.com/en/pastazara-risoni-n-22-500-g,Out of Stock,,2026-09-14 18:35:56.500474
218,Seoudi Supermarket,Pastazara Shells Pasta N.56,Pastazara,123.45,,EGP,Shells,Pasta,Regular Pasta,500,g,,,https://seoudisupermarket.com/en/pastazara-shells-pasta-n-56-500-g,Out of Stock,,2026-09-14 18:35:56.500474
219,Seoudi Supermarket,Pastazara Rigatoni N.43,Pastazara,123.45,,EGP,Rigatoni,Pasta,Regular Pasta,500,g,,,https://seoudisupermarket.com/en/pastazara-rigatoni-n-43-500-g,Out of Stock,,2026-09-14 18:35:56.501472
220,Seoudi Supermarket,Pastazara Tagliatelle Pasta N.13,Pastazara,123.45,,EGP,Other Pasta,Pasta,Regular Pasta,500,g,,,https://seoudisupermarket.com/en/pastazara-tagliatelle-pasta-n-13-500-g,Out of Stock,,2026-09-14 18:35:56.501472
221,Seoudi Supermarket,Agnesi Cannelloni,Agnesi,179.95,,EGP,Cannelloni,Pasta,Filled / Tube Pasta,250,g,,,https://seoudisupermarket.com/en/agnesi-cannelloni-250-g,Out of Stock,,2026-09-14 18:35:56.502472
222,Seoudi Supermarket,Agnesi Linguine Pasta Number 10,Agnesi,179.95,,EGP,Linguine,Pasta,Regular Pasta,500,g,,,https://seoudisupermarket.com/en/agnesi-linguine-pasta-number-10-500-g,Out of Stock,,2026-09-14 18:35:56.502472
223,Seoudi Supermarket,Garofalo Rigatoni Pasta,Garofalo,144.95,,EGP,Rigatoni,Pasta,Regular Pasta,500,g,,,https://seoudisupermarket.com/en/garofalo-rigatoni-pasta-500-g,Out of Stock,,2026-09-14 18:35:56.503474
224,Seoudi Supermarket,Agnesi Rigatoni Pasta,Agnesi,179.95,,EGP,Rigatoni,Pasta,Regular Pasta,500,g,,,https://seoudisupermarket.com/en/agnesi-rigatoni-pasta-500-g,Out of Stock,,2026-09-14 18:35:56.503474
225,Seoudi Supermarket,Garofalo Tagliatelle Pasta,Garofalo,159.95,,EGP,Other Pasta,Pasta,Regular Pasta,500,g,,,https://seoudisupermarket.com/en/garofalo-tagliatelle-pasta-500-g,Out of Stock,,2026-09-14 18:35:56.504473
226,Seoudi Supermarket,Agnesi Fettuccine Pasta,Agnesi,179.95,,EGP,Fettuccine,Pasta,Regular Pasta,500,g,,,https://seoudisupermarket.com/en/agnesi-fettuccine-pasta-500-g,Out of Stock,,2026-09-14 18:35:56.504473
227,Seoudi Supermarket,Garofalo Fettucce Pasta,Garofalo,144.95,,EGP,Other Pasta,Pasta,Regular Pasta,500,g,,,https://seoudisupermarket.com/en/garofalo-fettucce-pasta-500-g,Out of Stock,,2026-09-14 18:35:56.505472
228,Seoudi Supermarket,Garofalo Linguine Pasta,Garofalo,144.95,,EGP,Linguine,Pasta,Regular Pasta,500,g,,,https://seoudisupermarket.com/en/garofalo-linguine-pasta-500-g,Out of Stock,,2026-09-14 18:35:56.505472
229,Seoudi Supermarket,De Cecco Fettuccine Pasta,De Cecco,174.95,,EGP,Fettuccine,Pasta,Regular Pasta,500,g,,,https://seoudisupermarket.com/en/de-cecco-fettuccine-pasta-500-g,Out of Stock,,2026-09-14 18:35:56.506472
230,Seoudi Supermarket,De Cecco Pappardelle Pasta,De Cecco,174.95,,EGP,Other Pasta,Pasta,Regular Pasta,500,g,,,https://seoudisupermarket.com/en/de-cecco-pappardelle-pasta-500-g,Out of Stock,,2026-09-14 18:35:56.506472
231,Seoudi Supermarket,Liguori Tagliatelle Pasta,Liguori,239.95,,EGP,Other Pasta,Pasta,Regular Pasta,500,g,,,https://seoudisupermarket.com/en/liguori-tagliatelle-pasta-500-g,Out of Stock,,2026-09-14 18:35:56.507472
232,Seoudi Supermarket,Liguori Chifferini Pasta,Liguori,187.95,,EGP,Other Pasta,Pasta,Regular Pasta,500,g,,,https://seoudisupermarket.com/en/liguori-chifferini-pasta-500-g,Out of Stock,,2026-09-14 18:35:56.507472
233,Seoudi Supermarket,Maltagliati Linguine Pasta,"Maltagliati ",139.95,,EGP,Linguine,Pasta,Regular Pasta,500,g,,,https://seoudisupermarket.com/en/maltagliati-linguine-pasta-500-g,Out of Stock,,2026-09-14 18:35:56.508472
234,Seoudi Supermarket,Granoro Farfalloni Pasta,Granoro,128.95,,EGP,Other Pasta,Pasta,Regular Pasta,500,g,,,https://seoudisupermarket.com/en/granoro-farfalloni-pasta-500-g,Out of Stock,,2026-09-14 18:35:56.508472
235,Seoudi Supermarket,Golden Breeze Mac & Cheese Smoked Cheese Pasta,Golden Breeze,79.95,,EGP,Mac & Cheese,Pasta,Ready Meal / Instant Pasta,200,g,,,https://seoudisupermarket.com/en/golden-breeze-mac-and-cheese-smoked-cheese-pasta-250-g,Out of Stock,,2026-09-14 18:35:56.509472
236,Seoudi Supermarket,Golden Breeze Mac & Cheese Ranch Sauce Pasta,Golden Breeze,79.95,,EGP,Mac & Cheese,Pasta,Ready Meal / Instant Pasta,200,g,,,https://seoudisupermarket.com/en/golden-breeze-mac-and-cheese-ranch-sauce-pasta-250-g,Out of Stock,,2026-09-14 18:35:56.509472
237,Seoudi Supermarket,Golden Breeze Mac & Cheese Sour Cream Pasta,Golden Breeze,79.95,,EGP,Mac & Cheese,Pasta,Ready Meal / Instant Pasta,200,g,,,https://seoudisupermarket.com/en/golden-breeze-mac-and-cheese-sour-cream-pasta-250-g,Out of Stock,,2026-09-14 18:35:56.510473
238,Seoudi Supermarket,Golden Breeze Mac & Cheese Four Cheese Pasta,Golden Breeze,79.95,,EGP,Mac & Cheese,Pasta,Ready Meal / Instant Pasta,200,g,,,https://seoudisupermarket.com/en/golden-breeze-mac-and-cheese-four-cheese-pasta-250-g,Out of Stock,,2026-09-14 18:35:56.510473
239,Seoudi Supermarket,Granoro Rigatoni Pasta,Granoro,116.95,,EGP,Rigatoni,Pasta,Regular Pasta,500,g,,,https://seoudisupermarket.com/en/granoro-rigatoni-pasta-500-g,Out of Stock,,2026-09-14 18:35:56.511475
240,Seoudi Supermarket,Garofalo Gluten - Free Spaghetti,Garofalo,244.95,,EGP,Spaghetti,Pasta,Regular Pasta,400,g,,,https://seoudisupermarket.com/en/garofalo-gluten-free-spaghetti-400-g,Out of Stock,,2026-09-14 18:35:56.512473
241,Seoudi Supermarket,Liguori Gluten Free Penne Rigate,Liguori,279.95,,EGP,Gluten-Free Pasta,Pasta,Specialty Pasta,400,g,,,https://seoudisupermarket.com/en/liguori-gluten-free-penne-rigate-400-g,Out of Stock,,2026-09-14 18:35:56.512473
242,Seoudi Supermarket,Lino Gluten - Free Oat Shells Pasta,Lino,69.95,84.95,EGP,Shells,Pasta,Regular Pasta,250,g,18.0,,https://seoudisupermarket.com/en/lino-gluten-free-oat-rings-pasta-shells-250%E2%80%AFg,Out of Stock,,2026-09-14 18:35:56.518475
243,Seoudi Supermarket,Pastazara Cannelloni Pasta,Pastazara,129.95,,EGP,Cannelloni,Pasta,Filled / Tube Pasta,250,g,,,https://seoudisupermarket.com/en/pastazara-cannelloni-pasta-250-g,Out of Stock,,2026-09-14 18:35:56.519478
244,Seoudi Supermarket,Batchelors Instant Mac and Cheese Pasta,"Batchelors ",154.95,,EGP,Mac & Cheese,Pasta,Ready Meal / Instant Pasta,99,g,,,https://seoudisupermarket.com/en/batchelors-instant-mac-and-cheese-pasta-99-g,Out of Stock,,2026-09-14 18:35:56.519478
245,Seoudi Supermarket,"Batchelors Instant Tomato, Onion & Herbs Pasta","Batchelors ",154.95,,EGP,Other Pasta,Pasta,Regular Pasta,99,g,,,https://seoudisupermarket.com/en/batchelors-instant-tomato-onion-and-herbs-pasta-99-g,Out of Stock,,2026-09-14 18:35:56.520476
246,Seoudi Supermarket,Batchelors Instant Chicken & Mushroom Pasta,"Batchelors ",159.95,,EGP,Other Pasta,Pasta,Regular Pasta,99,g,,,https://seoudisupermarket.com/en/batchelors-instant-chicken-and-mushroom-pasta-99-g,Out of Stock,,2026-09-14 18:35:56.520476
247,Seoudi Supermarket,Maltagliati Rigatoni Pasta,"Maltagliati ",139.95,,EGP,Rigatoni,Pasta,Regular Pasta,500,g,,,https://seoudisupermarket.com/en/maltagliati-rigatoni-pasta-500-g,Out of Stock,,2026-09-14 18:35:56.521476
248,Seoudi Supermarket,Maltagliati Spaghetti Pasta,"Maltagliati ",139.95,,EGP,Spaghetti,Pasta,Regular Pasta,500,g,,,https://seoudisupermarket.com/en/maltagliati-spaghetti-pasta-500-g,Out of Stock,,2026-09-14 18:35:56.521476
249,Seoudi Supermarket,Garofalo Cannelloni Pasta,Garofalo,144.95,,EGP,Cannelloni,Pasta,Filled / Tube Pasta,250,g,,,https://seoudisupermarket.com/en/garofalo-cannelloni-pasta-250-g,Out of Stock,,2026-09-14 18:35:56.522475
250,Seoudi Supermarket,Kayy Oat Pasta with Pesto,"Kayy ",59.95,,EGP,Oat Pasta,Pasta,Specialty Pasta,300,g,,,https://seoudisupermarket.com/en/kayy-oat-pasta-with-pesto-300-g,Out of Stock,,2026-09-14 18:35:56.522475
251,Seoudi Supermarket,Lino Gluten - Free Oat Pasta Risoni,Lino,69.95,84.95,EGP,Oat Pasta,Pasta,Specialty Pasta,250,g,18.0,,https://seoudisupermarket.com/en/lino-gluten-free-oat-pasta-risoni-250-g,Out of Stock,,2026-09-14 18:36:07.328060
252,Seoudi Supermarket,Lino Gluten - Free Oat Pasta Large Rings,Lino,69.95,84.95,EGP,Oat Pasta,Pasta,Specialty Pasta,250,g,18.0,,https://seoudisupermarket.com/en/lino-gluten-free-oat-pasta-large-rings-250-g,Out of Stock,,2026-09-14 18:36:07.329060
253,Seoudi Supermarket,Lino Oat Penne Pasta,Lino,69.95,84.95,EGP,Penne,Pasta,Regular Pasta,250,g,18.0,,https://seoudisupermarket.com/en/lino-oat-penne-pasta-250-g,Out of Stock,,2026-09-14 18:36:07.329060
254,Seoudi Supermarket,Wasaya Risoni Pasta,"Wasaya ",9.95,,EGP,Risoni,Pasta,Regular Pasta,300,g,,,https://seoudisupermarket.com/en/wasaya-risoni-pasta-300-g,Out of Stock,,2026-09-14 18:36:07.330060
255,Seoudi Supermarket,Wasaya Elbows Pasta,"Wasaya ",9.95,,EGP,Elbows,Pasta,Regular Pasta,300,g,,,https://seoudisupermarket.com/en/wasaya-elbows-pasta-300-g,Out of Stock,,2026-09-14 18:36:07.330060
256,Seoudi Supermarket,Wasaya Small Rings Pasta,"Wasaya ",9.95,,EGP,Rings,Pasta,Regular Pasta,300,g,,,https://seoudisupermarket.com/en/wasaya-small-rings-pasta-300-g,Out of Stock,,2026-09-14 18:36:07.331060
257,Seoudi Supermarket,Pastazara Spaghetti,Pastazara,136.95,,EGP,Spaghetti,Pasta,Regular Pasta,500,g,,,https://seoudisupermarket.com/en/pastazara-spaghetti-500-g,Out of Stock,,2026-09-14 18:36:07.331060
258,Seoudi Supermarket,Pastazara Mezze Maniche Pasta,Pastazara,123.45,,EGP,Other Pasta,Pasta,Regular Pasta,500,g,,,https://seoudisupermarket.com/en/pastazara-mezze-maniche-pasta-500-g,Out of Stock,,2026-09-14 18:36:07.332060
259,Seoudi Supermarket,Garofalo Macaroni Pasta,Garofalo,144.95,,EGP,Other Pasta,Pasta,Regular Pasta,500,g,,,https://seoudisupermarket.com/en/garofalo-macaroni-pasta-500-g,Out of Stock,,2026-09-14 18:36:07.332060
260,Seoudi Supermarket,Riscossa Gluten Free Fusilli Pasta,Riscossa,454.95,,EGP,Gluten-Free Pasta,Pasta,Specialty Pasta,340,g,,,https://seoudisupermarket.com/en/%D8%B1%D9%8A%D8%B3%D9%83%D9%88%D8%B3%D8%A7-%D9%81%D9%8A%D9%88%D8%B2%D9%8A%D9%84%D9%84%D9%89-%D8%AC%D9%84%D9%88%D8%AA%D9%86-%D9%81%D8%B1%D9%89340%D8%AC,Out of Stock,,2026-09-14 18:36:07.333061
261,Seoudi Supermarket,Pastazara Lumaconi Pasta,Pastazara,123.45,,EGP,Other Pasta,Pasta,Regular Pasta,500,g,,,https://seoudisupermarket.com/en/pastazara-lumaconi-pasta-500-g,Out of Stock,,2026-09-14 18:36:07.333061
262,Seoudi Supermarket,Pastazara Assorted Shapes Pasta,Pastazara,123.45,,EGP,Other Pasta,Pasta,Regular Pasta,500,g,,,https://seoudisupermarket.com/en/pastazara-assorted-shapes-pasta-500-g,Out of Stock,,2026-09-14 18:36:07.334060
263,Seoudi Supermarket,Pastazara Fusilli Pasta,Pastazara,136.95,,EGP,Fusilli,Pasta,Regular Pasta,500,g,,,https://seoudisupermarket.com/en/pastazara-fusilli-pasta-500-g,Out of Stock,,2026-09-14 18:36:07.335061
264,Seoudi Supermarket,Pastazara Rigate Pasta,Pastazara,136.95,,EGP,Other Pasta,Pasta,Regular Pasta,500,g,,,https://seoudisupermarket.com/en/pastazara-rigate-pasta-500-g,Out of Stock,,2026-09-14 18:36:07.335061
265,Seoudi Supermarket,Delicia Masreya Risoni,Delicia Masreya,24.95,,EGP,Risoni,Pasta,Regular Pasta,500,g,,,https://seoudisupermarket.com/en/delicia-masreya-risoni-500-g,Out of Stock,,2026-09-14 18:36:07.336060
266,Seoudi Supermarket,Delicia Masreya Vermicelli,Delicia Masreya,24.95,,EGP,Vermicelli,Pasta,Regular Pasta,500,g,,,https://seoudisupermarket.com/en/delicia-masreya-vermicelli-500-g,Out of Stock,,2026-09-14 18:36:07.336060
267,Seoudi Supermarket,Wasaya Vermicelli,,9.95,,EGP,Vermicelli,Pasta,Regular Pasta,300,g,,,https://seoudisupermarket.com/en/wasaya-vermicelli-300-g,Out of Stock,,2026-09-14 18:36:07.337060
268,Seoudi Supermarket,De Cecco Penne Rigate Pasta,De Cecco,159.95,,EGP,Penne,Pasta,Regular Pasta,500,g,,,https://seoudisupermarket.com/en/de-cecco-penne-rigate-pasta-500-g,Out of Stock,,2026-09-14 18:36:07.337060
269,Seoudi Supermarket,De Cecco Rigatoni Pasta,De Cecco,144.95,159.95,EGP,Rigatoni,Pasta,Regular Pasta,500,g,9.0,,https://seoudisupermarket.com/en/de-cecco-rigatoni-pasta-500-g,Out of Stock,,2026-09-14 18:36:07.338060
270,Seoudi Supermarket,De Cecco Spaghetti Pasta,De Cecco,144.95,159.95,EGP,Spaghetti,Pasta,Regular Pasta,500,g,9.0,,https://seoudisupermarket.com/en/de-cecco-spaghetti-pasta-500-g,Out of Stock,,2026-09-14 18:36:07.339060
271,Seoudi Supermarket,De Cecco Linguine Pasta,De Cecco,144.95,159.95,EGP,Linguine,Pasta,Regular Pasta,500,g,9.0,,https://seoudisupermarket.com/en/de-cecco-linguine-pasta-500-g,Out of Stock,,2026-09-14 18:36:07.339060
272,Seoudi Supermarket,Basata Small Rings Pasta,,29.95,,EGP,Rings,Pasta,Regular Pasta,1,kg,,,https://seoudisupermarket.com/en/basata-small-rings-pasta-1-kg,Out of Stock,,2026-09-14 18:36:07.340060
273,Seoudi Supermarket,Liguori Rigatoni Pasta,Liguori,199.95,,EGP,Rigatoni,Pasta,Regular Pasta,500,g,,,https://seoudisupermarket.com/en/liguori-rigatoni-pasta-500-g,Out of Stock,,2026-09-14 18:36:07.340060
274,Seoudi Supermarket,Stefano Rigatte Organic Penne Pasta,,144.95,,EGP,Penne,Pasta,Regular Pasta,500,g,,,https://seoudisupermarket.com/en/stefano-rigatte-organic-penne-pasta-500-g,Out of Stock,,2026-09-14 18:36:07.341060
275,Seoudi Supermarket,Liguori Brown Farfelle Pasta,Liguori,194.95,,EGP,Farfalle,Pasta,Regular Pasta,500,g,,,https://seoudisupermarket.com/en/liguori-brown-farfelle-pasta-500-g,Out of Stock,,2026-09-14 18:36:07.341060
276,Seoudi Supermarket,Pastazara Penne Pasta,Pastazara,123.45,,EGP,Penne,Pasta,Regular Pasta,500,g,,,https://seoudisupermarket.com/en/pastazara-penne-pasta-500-g,Out of Stock,,2026-09-14 18:36:07.342062
277,Seoudi Supermarket,Pastazara Fettuccine N205,Pastazara,169.95,,EGP,Fettuccine,Pasta,Regular Pasta,500,g,,,https://seoudisupermarket.com/en/pastazara-fettuccine-n205-500-g,Out of Stock,,2026-09-14 18:36:07.342062
278,Seoudi Supermarket,Lametna Big Rings Pasta,Lametna,26.95,,EGP,Rings,Pasta,Regular Pasta,1,kg,,,https://seoudisupermarket.com/en/lametna-big-rings-pasta-1-kg,Out of Stock,,2026-09-14 18:36:07.343060
279,Seoudi Supermarket,Regina Linguini Pasta,Regina,30.75,,EGP,Linguine,Pasta,Regular Pasta,400,g,,,https://seoudisupermarket.com/en/regina-linguini-pasta-400-g,Out of Stock,,2026-09-14 18:36:07.343060
280,Seoudi Supermarket,"Regina Vermicelli, 1 mm",Regina,30.75,,EGP,Vermicelli,Pasta,Regular Pasta,400,g,,,https://seoudisupermarket.com/en/regina-vermicelli-1-mm-400-g,Out of Stock,,2026-09-14 18:36:07.344060
281,Seoudi Supermarket,Regina Small Rings Pasta,Regina,30.75,,EGP,Rings,Pasta,Regular Pasta,400,g,,,https://seoudisupermarket.com/en/regina-small-rings-pasta-400-g,Out of Stock,,2026-09-14 18:36:07.344060
282,Seoudi Supermarket,Regina Penne Pasta,Regina,30.75,,EGP,Penne,Pasta,Regular Pasta,400,g,,,https://seoudisupermarket.com/en/regina-penne-pasta-400-g,Out of Stock,,2026-09-14 18:36:07.345060
283,Seoudi Supermarket,Regina Fusilli Pasta,Regina,30.75,,EGP,Fusilli,Pasta,Regular Pasta,400,g,,,https://seoudisupermarket.com/en/regina-fusilli-pasta-400-g,Out of Stock,,2026-09-14 18:36:07.345060
284,Seoudi Supermarket,Lametna Small Rings Pasta,Lametna,26.95,,EGP,Rings,Pasta,Regular Pasta,1,kg,,,https://seoudisupermarket.com/en/lametna-small-rings-pasta-1-kg,Out of Stock,,2026-09-14 18:36:07.346060
285,Seoudi Supermarket,Lametna Penne Pasta,Lametna,26.95,,EGP,Penne,Pasta,Regular Pasta,1,kg,,,https://seoudisupermarket.com/en/lametna-penne-pasta-1-kg,Out of Stock,,2026-09-14 18:36:07.347060
286,Seoudi Supermarket,Lite Bite Gluten Free Penne Pasta,Lite Bite,64.45,,EGP,Gluten-Free Pasta,Pasta,Specialty Pasta,250,g,,,https://seoudisupermarket.com/en/lite-bite-gluten-free-penne-pasta-250-g,Out of Stock,,2026-09-14 18:36:07.347060
287,Seoudi Supermarket,Lite Bite Gluten Free Vermicelli,Lite Bite,64.45,,EGP,Gluten-Free Pasta,Pasta,Specialty Pasta,250,g,,,https://seoudisupermarket.com/en/lite-bite-gluten-free-vermicelli-250-g,Out of Stock,,2026-09-14 18:36:07.348060
288,Seoudi Supermarket,Lite Bite Gluten Free Rings Pasta,Lite Bite,64.45,,EGP,Gluten-Free Pasta,Pasta,Specialty Pasta,250,g,,,https://seoudisupermarket.com/en/lite-bite-gluten-free-rings-pasta-250-g,Out of Stock,,2026-09-14 18:36:07.348060
289,Seoudi Supermarket,Lite Bite Spinach Fusilli Pasta,Lite Bite,63.95,,EGP,Fusilli,Pasta,Regular Pasta,250,g,,,https://seoudisupermarket.com/en/lite-bite-spinach-fusilli-pasta-250-g,Out of Stock,,2026-09-14 18:36:07.349060
290,Seoudi Supermarket,Lite Bite Red Lentil Spaghetti Pasta,Lite Bite,63.95,,EGP,Spaghetti,Pasta,Regular Pasta,250,g,,,https://seoudisupermarket.com/en/lite-bite-red-lentil-spaghetti-pasta-250-g,Out of Stock,,2026-09-14 18:36:07.350062
291,Seoudi Supermarket,Lite Bite Chickpea Penne Pasta,Lite Bite,63.95,,EGP,Penne,Pasta,Regular Pasta,250,g,,,https://seoudisupermarket.com/en/lite-bite-chickpea-penne-pasta-250-g,Out of Stock,,2026-09-14 18:36:07.350062
292,Seoudi Supermarket,Barilla Linguine Pasta n.13,Barilla,174.95,,EGP,Linguine,Pasta,Regular Pasta,500,g,,,https://seoudisupermarket.com/en/barilla-linguine-pasta-n-13-500-g,Out of Stock,,2026-09-14 18:36:07.351060
293,Seoudi Supermarket,Barilla Rigatoni Pasta,Barilla,174.95,,EGP,Rigatoni,Pasta,Regular Pasta,500,g,,,https://seoudisupermarket.com/en/barilla-rigatoni-pasta-500-g,Out of Stock,,2026-09-14 18:36:07.351060
294,Seoudi Supermarket,Pastazara Tagliatelle Pasta N204,Pastazara,169.95,,EGP,Other Pasta,Pasta,Regular Pasta,500,g,,,https://seoudisupermarket.com/en/pastazara-tagliatelle-pasta-n204-500-g,Out of Stock,,2026-09-14 18:36:07.352060
295,Seoudi Supermarket,Pastazara Fidellini Pasta N100,Pastazara,169.95,,EGP,Other Pasta,Pasta,Regular Pasta,500,g,,,https://seoudisupermarket.com/en/pastazara-fidellini-pasta-n100-500-g,Out of Stock,,2026-09-14 18:36:07.352060
296,Seoudi Supermarket,Pastazara Spaghetti Bucatini N7,Pastazara,144.95,,EGP,Spaghetti,Pasta,Regular Pasta,500,g,,,https://seoudisupermarket.com/en/pastazara-spaghetti-bucatini-n7-500-g,Out of Stock,,2026-09-14 18:36:07.353061
297,Seoudi Supermarket,Ankara Big Farfalle Pasta,Ankara,34.95,37.95,EGP,Farfalle,Pasta,Regular Pasta,400,g,8.0,,https://seoudisupermarket.com/en/ankara-big-farfalle-pasta-400-g,Out of Stock,,2026-09-14 18:36:07.353061
298,Seoudi Supermarket,Barilla Gluten Free Penne Pasta,Barilla,399.95,,EGP,Gluten-Free Pasta,Pasta,Specialty Pasta,400,g,,,https://seoudisupermarket.com/en/barilla-gluten-free-penne-pasta-400-g,Out of Stock,,2026-09-14 18:36:07.354060
299,Seoudi Supermarket,Dobella Fusilli Oat Pasta,"Dobella ",119.95,,EGP,Oat Pasta,Pasta,Specialty Pasta,400,g,,,https://seoudisupermarket.com/en/dobella-fusilli-oat-pasta-400-g,Out of Stock,,2026-09-14 18:36:07.355062
300,Seoudi Supermarket,Dobella Penne Oat Pasta,"Dobella ",119.95,,EGP,Oat Pasta,Pasta,Specialty Pasta,400,g,,,https://seoudisupermarket.com/en/dobella-penne-oat-pasta-400-g,Out of Stock,,2026-09-14 18:36:07.355062
301,Seoudi Supermarket,Riscossa Fettuccine Pasta,Riscossa,304.95,,EGP,Fettuccine,Pasta,Regular Pasta,500,g,,,https://seoudisupermarket.com/en/riscossa-fettuccine-pasta-500-g,Out of Stock,,2026-09-14 18:36:16.732302
302,Seoudi Supermarket,Barilla Gluten Free Spaghetti Pasta N5,Barilla,399.95,,EGP,Gluten-Free Pasta,Pasta,Specialty Pasta,400,g,,,https://seoudisupermarket.com/en/barilla-gluten-free-spaghetti-pasta-n5-400-g,Out of Stock,,2026-09-14 18:36:16.733302
303,Seoudi Supermarket,Mega Gluten Free Small Rings,Mega,68.95,,EGP,Gluten-Free Pasta,Pasta,Specialty Pasta,350,g,,,https://seoudisupermarket.com/en/mega-gluten-free-small-rings-350-g,Out of Stock,,2026-09-14 18:36:16.733302
304,Seoudi Supermarket,Riscossa Spaghetti Pasta N2,Riscossa,189.95,,EGP,Spaghetti,Pasta,Regular Pasta,500,g,,,https://seoudisupermarket.com/en/riscossa-spaghetti-pasta-n2-500-g,Out of Stock,,2026-09-14 18:36:16.734302
305,Seoudi Supermarket,Delicia Masreya Macaroni Pasta,Delicia Masreya,21.45,,EGP,Other Pasta,Pasta,Regular Pasta,350,g,,,https://seoudisupermarket.com/en/delicia-masreya-macaroni-pasta-350-g,Out of Stock,,2026-09-14 18:36:16.734302
306,Seoudi Supermarket,Riscossa Farfalle Pasta,Riscossa,199.95,,EGP,Farfalle,Pasta,Regular Pasta,500,g,,,https://seoudisupermarket.com/en/riscossa-farfalle-pasta-500-g,Out of Stock,,2026-09-14 18:36:16.735302
307,Seoudi Supermarket,Riscossa Cannelloni Pasta,Riscossa,174.95,,EGP,Cannelloni,Pasta,Filled / Tube Pasta,250,g,,,https://seoudisupermarket.com/en/riscossa-cannelloni-pasta-250-g,Out of Stock,,2026-09-14 18:36:16.736304
308,Seoudi Supermarket,Riscossa Lasagna Pasta with Egg,Riscossa,269.95,,EGP,Lasagna,Pasta,Lasagna,500,g,,,https://seoudisupermarket.com/en/riscossa-lasagna-pasta-with-egg-500-g,Out of Stock,,2026-09-14 18:36:16.736304
309,Seoudi Supermarket,Riscossa Fusilli Pasta,Riscossa,174.95,,EGP,Fusilli,Pasta,Regular Pasta,500,g,,,https://seoudisupermarket.com/en/riscossa-fusilli-pasta-500-g,Out of Stock,,2026-09-14 18:36:16.737303
310,Seoudi Supermarket,Riscossa Spaghetti Pasta,Riscossa,579.95,,EGP,Spaghetti,Pasta,Regular Pasta,500,g,,,https://seoudisupermarket.com/en/riscossa-spaghetti-pasta-500-g,Out of Stock,,2026-09-14 18:36:16.737303
311,Seoudi Supermarket,Riscossa Gluten Free Spaghetti Pasta,Riscossa,454.95,,EGP,Gluten-Free Pasta,Pasta,Specialty Pasta,400,g,,,https://seoudisupermarket.com/en/%D8%B1%D9%8A%D8%B3%D9%83%D9%88%D8%B3%D8%A7-%D8%A7%D8%B3%D8%A8%D8%A7%D8%AC%D8%AA%D9%89-%D8%AC%D9%84%D9%88%D8%AA%D9%86-%D9%81%D8%B1%D9%89-400%D8%AC-022172902920,Out of Stock,,2026-09-14 18:36:16.738302
312,Seoudi Supermarket,Delicia Masreya Spaghetti Pasta,Delicia Masreya,24.95,,EGP,Spaghetti,Pasta,Regular Pasta,500,g,,,https://seoudisupermarket.com/en/delicia-masreya-spaghetti-pasta-500-g,Out of Stock,,2026-09-14 18:36:16.738302
313,Seoudi Supermarket,Garofalo Capellini Pasta,Garofalo,144.95,,EGP,Other Pasta,Pasta,Regular Pasta,500,g,,,https://seoudisupermarket.com/en/garofalo-capellini-pasta-500-g,Out of Stock,,2026-09-14 18:36:16.739302
314,Seoudi Supermarket,Garofalo Gnocchi Pasta,Garofalo,144.95,,EGP,Other Pasta,Pasta,Regular Pasta,500,g,,,https://seoudisupermarket.com/en/garofalo-gnocchi-pasta-500-g,Out of Stock,,2026-09-14 18:36:16.740302
315,Seoudi Supermarket,Garofalo Farfalle Pasta,Garofalo,154.95,,EGP,Farfalle,Pasta,Regular Pasta,500,g,,,https://seoudisupermarket.com/en/garofalo-farfalle-pasta-500g,Out of Stock,,2026-09-14 18:36:16.740302
316,Seoudi Supermarket,Ankara Big Rings Pasta,Ankara,34.95,37.95,EGP,Rings,Pasta,Regular Pasta,400,g,8.0,,https://seoudisupermarket.com/en/ankara-big-rings-pasta-400-g,Out of Stock,,2026-09-14 18:36:16.741302
317,Seoudi Supermarket,Delicia Masreya Linguini Pasta,Delicia Masreya,24.95,,EGP,Linguine,Pasta,Regular Pasta,500,g,,,https://seoudisupermarket.com/en/delicia-masreya-linguini-pasta-500-g,Out of Stock,,2026-09-14 18:36:16.741302
318,Seoudi Supermarket,Liguori Brown Penne Pasta,Liguori,244.95,,EGP,Penne,Pasta,Regular Pasta,500,g,,,https://seoudisupermarket.com/en/liguori-brown-penne-pasta-500-g,Out of Stock,,2026-09-14 18:36:16.742302
319,Seoudi Supermarket,Liguori Brown Spaghetti Pasta,Liguori,244.95,,EGP,Spaghetti,Pasta,Regular Pasta,500,g,,,https://seoudisupermarket.com/en/liguori-brown-spaghetti-pasta-500-g,Out of Stock,,2026-09-14 18:36:16.743302
320,Seoudi Supermarket,Liguori Penne Pasta n.42,Liguori,187.95,,EGP,Penne,Pasta,Regular Pasta,500,g,,,https://seoudisupermarket.com/en/liguori-penne-pasta-n-42-500-g,Out of Stock,,2026-09-14 18:36:16.743302
321,Seoudi Supermarket,Liguori Farfelle Pasta n.30,Liguori,187.95,,EGP,Farfalle,Pasta,Regular Pasta,500,g,,,https://seoudisupermarket.com/en/liguori-farfelle-pasta-n-30-500-g,Out of Stock,,2026-09-14 18:36:16.744302
322,Seoudi Supermarket,Liguori Linguine Pasta n.7,Liguori,199.95,,EGP,Linguine,Pasta,Regular Pasta,500,g,,,https://seoudisupermarket.com/en/liguori-linguine-pasta-n-7-500-g,Out of Stock,,2026-09-14 18:36:16.744302
323,Seoudi Supermarket,Liguori Vermicelli Pasta n.4,Liguori,187.95,,EGP,Vermicelli,Pasta,Regular Pasta,500,g,,,https://seoudisupermarket.com/en/liguori-vermicelli-pasta-n-4-500-g,Out of Stock,,2026-09-14 18:36:16.745304
324,Seoudi Supermarket,Liguori Spaghetti Pasta n.3,Liguori,199.95,,EGP,Spaghetti,Pasta,Regular Pasta,500,g,,,https://seoudisupermarket.com/en/liguori-spaghetti-pasta-n-3-500-g,Out of Stock,,2026-09-14 18:36:16.746306
325,Seoudi Supermarket,El Maleka Melouky Vermicelli Pasta,El Maleka,15.0,,EGP,Vermicelli,Pasta,Regular Pasta,400,g,,,https://seoudisupermarket.com/en/el-maleka-melouky-vermicelli-pasta-400-g,Out of Stock,,2026-09-14 18:36:16.747306
326,Seoudi Supermarket,El Maleka Melouky Risoni Pasta,El Maleka,15.0,,EGP,Risoni,Pasta,Regular Pasta,400,g,,,https://seoudisupermarket.com/en/el-maleka-melouky-risoni-pasta-400-g,Out of Stock,,2026-09-14 18:36:16.747306
327,Seoudi Supermarket,El Maleka Melouky Spaghetti Pasta,El Maleka,15.0,,EGP,Spaghetti,Pasta,Regular Pasta,400,g,,,https://seoudisupermarket.com/en/el-maleka-melouky-spaghetti-pasta-400-g,Out of Stock,,2026-09-14 18:36:16.748306
328,Seoudi Supermarket,Liguori Fusilli Pasta n.31,Liguori,187.95,,EGP,Fusilli,Pasta,Regular Pasta,500,g,,,https://seoudisupermarket.com/en/liguori-fusilli-pasta-n-31-500-g,Out of Stock,,2026-09-14 18:36:16.748306
329,Seoudi Supermarket,Liguori Spaghetti Pasta n.2,Liguori,187.95,,EGP,Spaghetti,Pasta,Regular Pasta,500,g,,,https://seoudisupermarket.com/en/liguori-spaghetti-pasta-n-2-500-g,Out of Stock,,2026-09-14 18:36:16.749306
330,Seoudi Supermarket,Golden Mills Rigatoni Pasta,Golden Mills,67.45,,EGP,Rigatoni,Pasta,Regular Pasta,500,g,,,https://seoudisupermarket.com/en/golden-mills-rigatoni-pasta-500-g,Out of Stock,,2026-09-14 18:36:16.749306
331,Seoudi Supermarket,Delicia Masreya Penne Pasta,Delicia Masreya,24.95,,EGP,Penne,Pasta,Regular Pasta,500,g,,,https://seoudisupermarket.com/en/delicia-masreya-penne-pasta-500-g,Out of Stock,,2026-09-14 18:36:16.750306
332,Seoudi Supermarket,Delicia Masreya Elbow Pasta,Delicia Masreya,24.95,,EGP,Elbows,Pasta,Regular Pasta,500,g,,,https://seoudisupermarket.com/en/delicia-masreya-elbow-pasta-500-g,Out of Stock,,2026-09-14 18:36:16.751306
333,Seoudi Supermarket,Delicia Masreya Shell Pasta,Delicia Masreya,24.95,,EGP,Shells,Pasta,Regular Pasta,500,g,,,https://seoudisupermarket.com/en/delicia-masreya-shell-pasta-500-g,Out of Stock,,2026-09-14 18:36:16.751306
334,Seoudi Supermarket,Venecia Penne Pasta,"Venecia ",20.45,,EGP,Penne,Pasta,Regular Pasta,400,g,,,https://seoudisupermarket.com/en/venecia-penne-pasta-400-g,Out of Stock,,2026-09-14 18:36:16.752307
335,Seoudi Supermarket,Venecia Rings Pasta,"Venecia ",20.45,,EGP,Rings,Pasta,Regular Pasta,400,g,,,https://seoudisupermarket.com/en/venecia-rings-pasta-400-g,Out of Stock,,2026-09-14 18:36:16.752307
336,Seoudi Supermarket,Riscossa Spaghetti Pasta n.5,Riscossa,189.95,,EGP,Spaghetti,Pasta,Regular Pasta,500,g,,,https://seoudisupermarket.com/en/riscossa-spaghetti-pasta-n-5-500-g,Out of Stock,,2026-09-14 18:36:16.753306
337,Seoudi Supermarket,Italiano Small Rings Pasta,Italiano,27.0,,EGP,Rings,Pasta,Regular Pasta,400,g,,,https://seoudisupermarket.com/en/italiano-small-rings-pasta-400-g,Out of Stock,,2026-09-14 18:36:16.753306
338,Seoudi Supermarket,Lino Oat Spaghitti Pasta,Lino,99.95,119.95,EGP,Other Pasta,Pasta,Regular Pasta,400,g,17.0,,https://seoudisupermarket.com/en/lino-oat-spaghetti-pasta-400-g,Out of Stock,,2026-09-14 18:36:16.754307
339,Seoudi Supermarket,Regina Farfale Pasta,Regina,30.75,,EGP,Other Pasta,Pasta,Regular Pasta,400,g,,,https://seoudisupermarket.com/en/regina-farfalle-pasta-400-g,Out of Stock,,2026-09-14 18:36:16.755307
340,Seoudi Supermarket,Delicia Masreya Spaghetti Pasta,Delicia Masreya,21.45,,EGP,Spaghetti,Pasta,Regular Pasta,350,g,,,https://seoudisupermarket.com/en/delicia-masreya-spaghetti-pasta-350-g,Out of Stock,,2026-09-14 18:36:16.755307
cdcdcde1-eb29-462b-a6c9-b8aa6f0b8762,Seoudi Supermarket,Al Doha Rice,Al Doha,35.95,40.95,EGP,Other Rice,Rice,Regular Rice,1,kg,12.0,,https://seoudisupermarket.com/en/al-doha-rice-1-kg,In Stock,,2026-09-14 18:09:13
cdcdcde1-eb29-462b-a6c9-b8aa6f0b8762,Seoudi Supermarket,Al Doha Rice,Al Doha,174.95,204.0,EGP,Other Rice,Rice,Regular Rice,5,kg,14.0,,https://seoudisupermarket.com/en/al-doha-rice-5-kg,In Stock,,2026-09-14 18:09:13
cdcdcde1-eb29-462b-a6c9-b8aa6f0b8762,Seoudi Supermarket,"Al Doha Alexanderina Koshary, Easy Rice Edition",Al Doha,36.75,,EGP,Other Rice,Rice,Regular Rice,320,g,,,https://seoudisupermarket.com/en/al-doha-alexandrina-koshary-320-g,In Stock,,2026-09-14 18:09:13
cdcdcde1-eb29-462b-a6c9-b8aa6f0b8762,Seoudi Supermarket,Al Doha Oriental Rice Mix,Al Doha,33.45,,EGP,Rice Mix,Rice,Rice Mix,324,g,,,https://seoudisupermarket.com/en/al-doha-oriental-rice-mix-324-g,In Stock,,2026-09-14 18:09:13
cdcdcde1-eb29-462b-a6c9-b8aa6f0b8762,Seoudi Supermarket,El Saqr Basmati Rice,Al Saqr,74.95,81.95,EGP,Basmati Rice,Rice,Basmati Rice,1,kg,9.0,,https://seoudisupermarket.com/en/el-saqr-basmati-rice-1-kg,In Stock,,2026-09-14 18:09:13
cdcdcde1-eb29-462b-a6c9-b8aa6f0b8762,Seoudi Supermarket,Kohinoor Extra Fine White Basmati Rice,Kohinoor,174.95,,EGP,Basmati Rice,Rice,Basmati Rice,1,kg,,,https://seoudisupermarket.com/en/kohinoor-extra-fine-white-basmati-rice-1-kg,In Stock,,2026-09-14 18:09:13
cdcdcde1-eb29-462b-a6c9-b8aa6f0b8762,Seoudi Supermarket,Shahy Basmati Rice,Shahy,759.95,,EGP,Basmati Rice,Rice,Basmati Rice,5,kg,,,https://seoudisupermarket.com/en/shahy-basmati-rice-5-kg,In Stock,,2026-09-14 18:09:13
cdcdcde1-eb29-462b-a6c9-b8aa6f0b8762,Seoudi Supermarket,Marvel Golden Basmati Rice,Basmati,119.95,136.75,EGP,Basmati Rice,Rice,Basmati Rice,1,kg,12.0,,https://seoudisupermarket.com/en/marvel-golden-basmati-rice-1-kg,In Stock,,2026-09-14 18:09:13
cdcdcde1-eb29-462b-a6c9-b8aa6f0b8762,Seoudi Supermarket,AlWalaem Golden Basmati Rice,Al Walaem,789.95,,EGP,Basmati Rice,Rice,Basmati Rice,5,kg,,,https://seoudisupermarket.com/en/alwalaem-golden-basmati-rice-5-kg,In Stock,,2026-09-14 18:09:13
cdcdcde1-eb29-462b-a6c9-b8aa6f0b8762,Seoudi Supermarket,Al Doha Sayadia Rice Mix,Al Doha,31.45,,EGP,Rice Mix,Rice,Rice Mix,327,g,,,https://seoudisupermarket.com/en/al-doha-sayadia-rice-mix-327-g,In Stock,,2026-09-14 18:09:13
cdcdcde1-eb29-462b-a6c9-b8aa6f0b8762,Seoudi Supermarket,Shahy Egyptian Rice,Shahy,40.45,,EGP,Egyptian Rice,Rice,Egyptian Rice,1,kg,,,https://seoudisupermarket.com/en/shahy-egyptian-rice-1-kg,In Stock,,2026-09-14 18:09:13
cdcdcde1-eb29-462b-a6c9-b8aa6f0b8762,Seoudi Supermarket,Abu Bint Golden Parboiled Rice,Abu Bint,155.95,,EGP,Parboiled Rice,Rice,Parboiled Rice,1,kg,,,https://seoudisupermarket.com/en/abu-bint-golden-parboiled-rice-1-kg,In Stock,,2026-09-14 18:09:13
cdcdcde1-eb29-462b-a6c9-b8aa6f0b8762,Seoudi Supermarket,Kohinoor Basmati Rice Gluten Free,Kohinoor,184.95,,EGP,Basmati Rice,Rice,Basmati Rice,1,kg,,,https://seoudisupermarket.com/en/kohinoor-basmati-rice-gluten-free-1-kg,In Stock,,2026-09-14 18:09:13
cdcdcde1-eb29-462b-a6c9-b8aa6f0b8762,Seoudi Supermarket,Rehana Rice,Rehana,199.95,,EGP,Other Rice,Rice,Regular Rice,5,kg,,,https://seoudisupermarket.com/en/rehana-rice-5-kg,In Stock,,2026-09-14 18:09:13
cdcdcde1-eb29-462b-a6c9-b8aa6f0b8762,Seoudi Supermarket,Rehana Thai Basmati Rice,Rehana,109.75,,EGP,Basmati Rice,Rice,Basmati Rice,1,kg,,,https://seoudisupermarket.com/en/rehana-thai-basmati-rice-1-kg,In Stock,,2026-09-14 18:09:13
cdcdcde1-eb29-462b-a6c9-b8aa6f0b8762,Seoudi Supermarket,Marvel Golden Long Grain Rice,Marvel,86.75,,EGP,Long Grain Rice,Rice,Long Grain Rice,1,kg,,,https://seoudisupermarket.com/en/marvel-golden-long-grain-rice-1-kg,In Stock,,2026-09-14 18:09:13
cdcdcde1-eb29-462b-a6c9-b8aa6f0b8762,Seoudi Supermarket,Curtiriso Black Rice,Curtiriso,394.95,,EGP,Black Rice,Rice,Specialty Rice,500,g,,,https://seoudisupermarket.com/en/curtiriso-black-rice-500-g,In Stock,,2026-09-14 18:09:13
cdcdcde1-eb29-462b-a6c9-b8aa6f0b8762,Seoudi Supermarket,"Al Doha Secret Recipe, Easy Rice Edition",Al Doha,41.45,,EGP,Other Rice,Rice,Regular Rice,320,g,,,https://seoudisupermarket.com/en/al-doha-secret-recipe-rice-320-g,In Stock,,2026-09-14 18:09:13
cdcdcde1-eb29-462b-a6c9-b8aa6f0b8762,Seoudi Supermarket,Al Doha Golden Rice,Al Doha,116.95,,EGP,Golden Rice,Rice,Regular Rice,1,kg,,,https://seoudisupermarket.com/en/al-doha-golden-rice-1-kg,In Stock,,2026-09-14 18:09:13
cdcdcde1-eb29-462b-a6c9-b8aa6f0b8762,Seoudi Supermarket,Al Walaem White Basmati Rice,Al Walaem,159.95,,EGP,Basmati Rice,Rice,Basmati Rice,1,kg,,,https://seoudisupermarket.com/en/al-walaem-white-basmati-rice-1-kg,In Stock,,2026-09-14 18:09:13
cdcdcde1-eb29-462b-a6c9-b8aa6f0b8762,Seoudi Supermarket,Al Sakr Rice,Al Sakr,31.95,34.95,EGP,Other Rice,Rice,Regular Rice,1,kg,9.0,,https://seoudisupermarket.com/en/al-sakr-rice-1-kg,In Stock,,2026-09-14 18:09:13
cdcdcde1-eb29-462b-a6c9-b8aa6f0b8762,Seoudi Supermarket,Mexicana Basmati Rice,Mexicana,90.75,,EGP,Basmati Rice,Rice,Basmati Rice,1,kg,,,https://seoudisupermarket.com/en/mexicana-basmati-rice-1-kg,In Stock,,2026-09-14 18:09:13
cdcdcde1-eb29-462b-a6c9-b8aa6f0b8762,Seoudi Supermarket,Abu Al Bent Rice,Abu Al Bent,310.95,,EGP,Other Rice,Rice,Regular Rice,2,kg,,,https://seoudisupermarket.com/en/abu-al-bent-rice-2-kg,In Stock,,2026-09-14 18:09:13
cdcdcde1-eb29-462b-a6c9-b8aa6f0b8762,Seoudi Supermarket,"Al Doha Beyti Rice, Easy Rice Edition",Al Doha,25.75,,EGP,Other Rice,Rice,Regular Rice,320,g,,,https://seoudisupermarket.com/en/al-doha-beyti-rice-320-g,In Stock,,2026-09-14 18:09:13
cdcdcde1-eb29-462b-a6c9-b8aa6f0b8762,Seoudi Supermarket,Abu Kas Basmati Rice,Abu Kas,154.95,169.0,EGP,Basmati Rice,Rice,Basmati Rice,1,kg,8.0,,https://seoudisupermarket.com/en/abu-kas-basmati-rice-1-kg,In Stock,,2026-09-14 18:09:13
cdcdcde1-eb29-462b-a6c9-b8aa6f0b8762,Seoudi Supermarket,Imtenan Brown Rice,Imtenan,94.95,,EGP,Brown Rice,Rice,Brown Rice,750,g,,,https://seoudisupermarket.com/en/imtenan-brown-rice-750-g,In Stock,,2026-09-14 18:09:13
cdcdcde1-eb29-462b-a6c9-b8aa6f0b8762,Seoudi Supermarket,Al Doha Mahshi Rice Mix,Al Doha,34.45,,EGP,Rice Mix,Rice,Rice Mix,342,g,,,https://seoudisupermarket.com/en/al-doha-mahshi-rice-mix-342-g,In Stock,,2026-09-14 18:09:13
cdcdcde1-eb29-462b-a6c9-b8aa6f0b8762,Seoudi Supermarket,Al Nakheel Indian Basmati Rice,Al Nakheel,64.95,,EGP,Basmati Rice,Rice,Basmati Rice,800,g,,,https://seoudisupermarket.com/en/al-nakheel-indian-basmati-rice-800-g,In Stock,,2026-09-14 18:09:13
cdcdcde1-eb29-462b-a6c9-b8aa6f0b8762,Seoudi Supermarket,Shahy Basmati Rice,Shahy,149.95,,EGP,Basmati Rice,Rice,Basmati Rice,1,kg,,,https://seoudisupermarket.com/en/shahy-basmati-rice-1-kg,In Stock,,2026-09-14 18:09:13
cdcdcde1-eb29-462b-a6c9-b8aa6f0b8762,Seoudi Supermarket,Safety Cargo Brown Rice,Safety Cargo,59.95,,EGP,Brown Rice,Rice,Brown Rice,500,g,,,https://seoudisupermarket.com/en/safety-cargo-brown-rice-500-g,In Stock,,2026-09-14 18:09:13
cdcdcde1-eb29-462b-a6c9-b8aa6f0b8762,Seoudi Supermarket,Al Walaem Golden Basmati Rice,Al Walaem,159.95,,EGP,Basmati Rice,Rice,Basmati Rice,1,kg,,,https://seoudisupermarket.com/en/al-walaem-golden-basmati-rice-1-kg,In Stock,,2026-09-14 18:09:13
cdcdcde1-eb29-462b-a6c9-b8aa6f0b8762,Seoudi Supermarket,Al Walaem White Basmati Rice,Al Walaem,789.95,,EGP,Basmati Rice,Rice,Basmati Rice,5,kg,,,https://seoudisupermarket.com/en/al-walaem-white-basmati-rice-5-kg,In Stock,,2026-09-14 18:09:13
cdcdcde1-eb29-462b-a6c9-b8aa6f0b8762,Seoudi Supermarket,Al Doha Kabsa Rice Mix,Al Doha,63.45,,EGP,Rice Mix,Rice,Rice Mix,336,g,,,https://seoudisupermarket.com/en/al-doha-kabsa-rice-mix-336-g,In Stock,,2026-09-14 18:09:13
cdcdcde1-eb29-462b-a6c9-b8aa6f0b8762,Seoudi Supermarket,Marvel Sella Basmati Rice,Marvel,119.95,136.75,EGP,Basmati Rice,Rice,Basmati Rice,1,kg,12.0,,https://seoudisupermarket.com/en/marvel-sella-basmati-rice-1-kg,In Stock,,2026-09-14 18:09:13
cdcdcde1-eb29-462b-a6c9-b8aa6f0b8762,Seoudi Supermarket,Rehana Rice,Rehana,40.45,,EGP,Other Rice,Rice,Regular Rice,1,kg,,,https://seoudisupermarket.com/en/rehana-rice-1-kg,In Stock,,2026-09-14 18:09:13
cdcdcde1-eb29-462b-a6c9-b8aa6f0b8762,Seoudi Supermarket,Al Doha Jasmine Rice,Al Doha,174.95,,EGP,Other Rice,Rice,Regular Rice,1,kg,,,https://seoudisupermarket.com/en/al-doha-jasmine-rice-1-kg,In Stock,,2026-09-14 18:09:13
cdcdcde1-eb29-462b-a6c9-b8aa6f0b8762,Seoudi Supermarket,Riso Scotti Classic Risotto,Riso Scotti,399.75,,EGP,Other Rice,Rice,Regular Rice,1,kg,,,https://seoudisupermarket.com/en/riso-scotti-classic-risotto-1-kg,In Stock,,2026-09-14 18:09:13
cdcdcde1-eb29-462b-a6c9-b8aa6f0b8762,Seoudi Supermarket,Ragab El Attar Basmati Rice,Ragab El Attar,109.95,136.95,EGP,Basmati Rice,Rice,Basmati Rice,1,kg,20.0,,https://seoudisupermarket.com/en/ragab-el-attar-basmati-rice-1-kg,In Stock,,2026-09-14 18:09:13
cdcdcde1-eb29-462b-a6c9-b8aa6f0b8762,Seoudi Supermarket,Abu Al Bent Golden Parboiled Rice,Abu Al Bent,776.45,,EGP,Parboiled Rice,Rice,Parboiled Rice,5,kg,,,https://seoudisupermarket.com/en/abu-al-bent-golden-parboiled-rice-5-kg,In Stock,,2026-09-14 18:09:13
cdcdcde1-eb29-462b-a6c9-b8aa6f0b8762,Seoudi Supermarket,Assem Rice,Assem,38.5,,EGP,Other Rice,Rice,Regular Rice,1,kg,,,https://seoudisupermarket.com/en/assem-rice-1-kg,In Stock,,2026-09-14 18:09:13
cdcdcde1-eb29-462b-a6c9-b8aa6f0b8762,Seoudi Supermarket,Asem Rice,Assem,189.95,,EGP,Other Rice,Rice,Regular Rice,5,kg,,,https://seoudisupermarket.com/en/asem-rice-5-kg,In Stock,,2026-09-14 18:09:13
cdcdcde1-eb29-462b-a6c9-b8aa6f0b8762,Seoudi Supermarket,Al Walimah Indian Mazza Basmati Rice,Al Walimah,165.75,,EGP,Basmati Rice,Rice,Basmati Rice,1,kg,,,https://seoudisupermarket.com/en/walema-basmati-rice-1-kg,In Stock,,2026-09-14 18:09:13
cdcdcde1-eb29-462b-a6c9-b8aa6f0b8762,Seoudi Supermarket,"Abu Kass White Basmati Rice, Punjabi Amber",Abu Kass,684.95,,EGP,Basmati Rice,Rice,Basmati Rice,5,kg,,,https://seoudisupermarket.com/en/abu-kass-white-basmati-rice-punjabi-amber-5-kg,In Stock,,2026-09-14 18:09:13
cdcdcde1-eb29-462b-a6c9-b8aa6f0b8762,Seoudi Supermarket,"Al Doha Rice with Vermicilli, Easy Rice Edition",Al Doha,28.95,,EGP,Other Rice,Rice,Regular Rice,320,g,,,https://seoudisupermarket.com/en/al-doha-rice-with-vermicelli-320-g,In Stock,,2026-09-14 18:09:13
cdcdcde1-eb29-462b-a6c9-b8aa6f0b8762,Seoudi Supermarket,Shahy Egyptian Rice,Shahy,177.75,199.95,EGP,Egyptian Rice,Rice,Egyptian Rice,5,kg,11.0,,https://seoudisupermarket.com/en/shahy-egyptian-rice-5-kg,In Stock,,2026-09-14 18:09:13
cdcdcde1-eb29-462b-a6c9-b8aa6f0b8762,Seoudi Supermarket,Kohinoor Golden Basmati Rice,Kohinoor,174.95,,EGP,Basmati Rice,Rice,Basmati Rice,1,kg,,,https://seoudisupermarket.com/en/kohinoor-golden-basmati-rice-1-kg,In Stock,,2026-09-14 18:09:13
cdcdcde1-eb29-462b-a6c9-b8aa6f0b8762,Seoudi Supermarket,Al Sakr Rice,Al Sakr,149.95,169.95,EGP,Other Rice,Rice,Regular Rice,5,kg,12.0,,https://seoudisupermarket.com/en/al-sakr-rice-5-kg,In Stock,,2026-09-14 18:09:13
cdcdcde1-eb29-462b-a6c9-b8aa6f0b8762,Seoudi Supermarket,"Abu Kass White Basmati Rice, Punjabi Amber",Abu Kass,277.75,,EGP,Basmati Rice,Rice,Basmati Rice,2,kg,,,https://seoudisupermarket.com/en/abu-kass-white-basmati-rice-punjabi-amber-2-kg,Out of Stock,,2026-09-14 18:09:13
cdcdcde1-eb29-462b-a6c9-b8aa6f0b8762,Seoudi Supermarket,507 Gold Indian Basmati Rice,507 Gold,144.95,,EGP,Basmati Rice,Rice,Basmati Rice,1,kg,,,https://seoudisupermarket.com/en/507-gold-indian-basmati-rice-1-kg,Out of Stock,,2026-09-14 18:09:13
cdcdcde1-eb29-462b-a6c9-b8aa6f0b8762,Seoudi Supermarket,Tilda Grand Basmati Rice,Tilda,179.95,,EGP,Basmati Rice,Rice,Basmati Rice,1,kg,,,https://seoudisupermarket.com/en/tilda-grand-basmati-rice-1-kg,Out of Stock,,2026-09-14 18:09:13
cdcdcde1-eb29-462b-a6c9-b8aa6f0b8762,Seoudi Supermarket,Altahya Basmati Rice,"Altahya ",189.95,,EGP,Basmati Rice,Rice,Basmati Rice,1,kg,,,https://seoudisupermarket.com/en/altahya-basmati-rice-1-kg,Out of Stock,,2026-09-14 18:09:13
cdcdcde1-eb29-462b-a6c9-b8aa6f0b8762,Seoudi Supermarket,AlHamd Egyptian Rice,AlHamd,30.95,,EGP,Egyptian Rice,Rice,Egyptian Rice,1,kg,,,https://seoudisupermarket.com/en/alhamd-egyptian-rice-1-kg,Out of Stock,,2026-09-14 18:09:13
cdcdcde1-eb29-462b-a6c9-b8aa6f0b8762,Seoudi Supermarket,Tilda Basmati Rice,"Tilda ",179.95,,EGP,Basmati Rice,Rice,Basmati Rice,1,kg,,,https://seoudisupermarket.com/en/tilda-basmati-rice-1-kg,Out of Stock,,2026-09-14 18:09:13
cdcdcde1-eb29-462b-a6c9-b8aa6f0b8762,Seoudi Supermarket,Abu Kas Basmati Rice,Abu Kas,334.95,,EGP,Basmati Rice,Rice,Basmati Rice,2,kg,,,https://seoudisupermarket.com/en/abu-kas-basmati-rice-2-kg,Out of Stock,,2026-09-14 18:09:13
cdcdcde1-eb29-462b-a6c9-b8aa6f0b8762,Seoudi Supermarket,Risovi Black Rice,"Risovi ",599.95,,EGP,Black Rice,Rice,Specialty Rice,1,kg,,,https://seoudisupermarket.com/en/risovi-black-rice-1-kg,Out of Stock,,2026-09-14 18:09:13
cdcdcde1-eb29-462b-a6c9-b8aa6f0b8762,Seoudi Supermarket,Al Walimah Indian Mazza Basmati Rice,Basmati,742.95,824.45,EGP,Basmati Rice,Rice,Basmati Rice,5,kg,10.0,,https://seoudisupermarket.com/en/al-walimah-sella-basmati-rice-5-kg,Out of Stock,,2026-09-14 18:09:13
cdcdcde1-eb29-462b-a6c9-b8aa6f0b8762,Seoudi Supermarket,Scotti Carnaroli Rice,Scotty,399.75,,EGP,Other Rice,Rice,Regular Rice,1,kg,,,https://seoudisupermarket.com/en/scotti-carnaroli-rice-1-kg,Out of Stock,,2026-09-14 18:09:13
cdcdcde1-eb29-462b-a6c9-b8aa6f0b8762,Seoudi Supermarket,Elmatbakh Rice,"Elmatbakh ",34.95,,EGP,Other Rice,Rice,Regular Rice,1,kg,,,https://seoudisupermarket.com/en/elmatbakh-rice-1-kg,Out of Stock,,2026-09-14 18:09:13
cdcdcde1-eb29-462b-a6c9-b8aa6f0b8762,Seoudi Supermarket,Gallo Risotto Saffron Rice,Gallo,155.95,,EGP,Other Rice,Rice,Regular Rice,175,g,,,https://seoudisupermarket.com/en/gallo-risotto-saffron-rice-175-g,Out of Stock,,2026-09-14 18:09:13
cdcdcde1-eb29-462b-a6c9-b8aa6f0b8762,Seoudi Supermarket,Al Doha Mexican Rice,Al Doha,59.45,,EGP,Other Rice,Rice,Regular Rice,238,g,,,https://seoudisupermarket.com/en/al-doha-mexican-rice-238-g,Out of Stock,,2026-09-14 18:09:13
cdcdcde1-eb29-462b-a6c9-b8aa6f0b8762,Seoudi Supermarket,Seoudi Basmati Rice,Basmati,665.0,,EGP,Basmati Rice,Rice,Basmati Rice,5,kg,,,https://seoudisupermarket.com/en/seoudi-basmati-rice-5-kg,Out of Stock,,2026-09-14 18:09:13
cdcdcde1-eb29-462b-a6c9-b8aa6f0b8762,Seoudi Supermarket,Gallo Risotto Four Cheese Rice,Gallo,155.95,,EGP,Other Rice,Rice,Regular Rice,175,g,,,https://seoudisupermarket.com/en/gallo-risotto-four-cheese-rice-175-g,Out of Stock,,2026-09-14 18:09:13
cdcdcde1-eb29-462b-a6c9-b8aa6f0b8762,Seoudi Supermarket,Mazza Risotto Rice with Mushrooms,Mazza,538.25,,EGP,Other Rice,Rice,Regular Rice,300,g,,,https://seoudisupermarket.com/en/mazza-risotto-rice-with-mushrooms-300-g,Out of Stock,,2026-09-14 18:09:13
cdcdcde1-eb29-462b-a6c9-b8aa6f0b8762,Seoudi Supermarket,Abu Kas Basmati Rice,Abu Kas,1660.0,,EGP,Basmati Rice,Rice,Basmati Rice,10,kg,,,https://seoudisupermarket.com/en/abu-kas-basmati-rice-10-kg,Out of Stock,,2026-09-14 18:09:13
cdcdcde1-eb29-462b-a6c9-b8aa6f0b8762,Seoudi Supermarket,Seoudi Basmati Rice,Basmati,139.0,,EGP,Basmati Rice,Rice,Basmati Rice,1,kg,,,https://seoudisupermarket.com/en/seoudi-basmati-rice-1-kg,Out of Stock,,2026-09-14 18:09:13
cdcdcde1-eb29-462b-a6c9-b8aa6f0b8762,Seoudi Supermarket,Mazza Carnaroli Rice for Soup,Mazza,374.45,,EGP,Other Rice,Rice,Regular Rice,1,kg,,,https://seoudisupermarket.com/en/mazza-carnaroli-rice-for-soup-1-kg,Out of Stock,,2026-09-14 18:09:13
cdcdcde1-eb29-462b-a6c9-b8aa6f0b8762,Seoudi Supermarket,"Abu Kass White Basmati Rice, Punjabi Amber",Basmati,139.95,,EGP,Basmati Rice,Rice,Basmati Rice,1,kg,,,https://seoudisupermarket.com/en/abu-kass-white-basmati-rice-punjabi-amber-1-kg,Out of Stock,,2026-09-14 18:09:13
cdcdcde1-eb29-462b-a6c9-b8aa6f0b8762,Seoudi Supermarket,Marvel White Long Grain Rice,Marvel,86.75,,EGP,Long Grain Rice,Rice,Long Grain Rice,1,kg,,,https://seoudisupermarket.com/en/marvel-white-long-grain-rice-1-kg,Out of Stock,,2026-09-14 18:09:13
cdcdcde1-eb29-462b-a6c9-b8aa6f0b8762,Seoudi Supermarket,Tilda Sella Basmati Rice,Basmati,358.95,,EGP,Basmati Rice,Rice,Basmati Rice,2,kg,,,https://seoudisupermarket.com/en/tilda-sella-basmati-rice-2-kg,Out of Stock,,2026-09-14 18:09:13
cdcdcde1-eb29-462b-a6c9-b8aa6f0b8762,Seoudi Supermarket,Tilda Basmati Rice,Basmati,346.75,,EGP,Basmati Rice,Rice,Basmati Rice,2,kg,,,https://seoudisupermarket.com/en/tilda-basmati-rice-2-kg,Out of Stock,,2026-09-14 18:09:13
cdcdcde1-eb29-462b-a6c9-b8aa6f0b8762,Seoudi Supermarket,Risovi Sushi Rice,"Risovi ",294.95,,EGP,Other Rice,Rice,Regular Rice,1,kg,,,https://seoudisupermarket.com/en/risovi-sushi-rice-1-kg,Out of Stock,,2026-09-14 18:09:13
cdcdcde1-eb29-462b-a6c9-b8aa6f0b8762,Seoudi Supermarket,Al Walimah Indian Mazza Basmati Rice,Basmati,299.95,330.75,EGP,Basmati Rice,Rice,Basmati Rice,2,kg,9.0,,https://seoudisupermarket.com/en/al-walimah-basmati-rice-2-kg,Out of Stock,,2026-09-14 18:09:13
cdcdcde1-eb29-462b-a6c9-b8aa6f0b8762,Seoudi Supermarket,Riso Scotti Hakumaki Sushi Rice,Riso Scotti,181.45,,EGP,Other Rice,Rice,Regular Rice,500,g,,,https://seoudisupermarket.com/en/riso-scotti-hakumaki-sushi-rice-500-g,Out of Stock,,2026-09-14 18:09:13
cdcdcde1-eb29-462b-a6c9-b8aa6f0b8762,Seoudi Supermarket,El Beit El Masri Rice,El Beit El Masri,25.95,,EGP,Other Rice,Rice,Regular Rice,1,kg,,,https://seoudisupermarket.com/en/el-beit-el-masri-rice-1-kg,Out of Stock,,2026-09-14 18:09:13
cdcdcde1-eb29-462b-a6c9-b8aa6f0b8762,Seoudi Supermarket,Enso Sushi Rice,"Enso ",161.95,,EGP,Other Rice,Rice,Regular Rice,250,g,,,https://seoudisupermarket.com/enso-sushi-rice-250-g,Out of Stock,,2026-09-14 18:09:13
cdcdcde1-eb29-462b-a6c9-b8aa6f0b8762,Seoudi Supermarket,Altahya Basmati Rice,Basmati,348.95,,EGP,Basmati Rice,Rice,Basmati Rice,2,kg,,,https://seoudisupermarket.com/en/altahya-basmati-rice-2-kg,Out of Stock,,2026-09-14 18:09:13
cdcdcde1-eb29-462b-a6c9-b8aa6f0b8762,Seoudi Supermarket,Joud Egyptian Rice,"Joud ",36.95,,EGP,Egyptian Rice,Rice,Egyptian Rice,1,kg,,,https://seoudisupermarket.com/en/joud-egyptian-rice-1-kg,Out of Stock,,2026-09-14 18:09:13
cdcdcde1-eb29-462b-a6c9-b8aa6f0b8762,Seoudi Supermarket,Riso Scotti Arborio Rice,Riso Scotti,349.95,,EGP,Other Rice,Rice,Regular Rice,1,kg,,,https://seoudisupermarket.com/en/riso-scotti-arborio-rice-1-kg,Out of Stock,,2026-09-14 18:09:13
cdcdcde1-eb29-462b-a6c9-b8aa6f0b8762,Seoudi Supermarket,Gallo Risotto Porcini Mushroom Rice,"Gallo ",155.95,,EGP,Other Rice,Rice,Regular Rice,175,g,,,https://seoudisupermarket.com/en/gallo-risotto-porcini-mushroom-rice-175-g,Out of Stock,,2026-09-14 18:09:13
cdcdcde1-eb29-462b-a6c9-b8aa6f0b8762,Seoudi Supermarket,Al Doha Easy Rice Egyptian Koshary,Al Doha,57.95,,EGP,Other Rice,Rice,Regular Rice,363,g,,,https://seoudisupermarket.com/en/al-doha-easy-rice-koshary-363-g,Out of Stock,,2026-09-14 18:09:13
cdcdcde1-eb29-462b-a6c9-b8aa6f0b8762,Seoudi Supermarket,Amira Rice,Amira,22.5,,EGP,Other Rice,Rice,Regular Rice,1,kg,,,https://seoudisupermarket.com/en/al-amira-rice-1-kg,Out of Stock,,2026-09-14 18:09:13
cdcdcde1-eb29-462b-a6c9-b8aa6f0b8762,Seoudi Supermarket,Abu Kas Basmati Rice,Abu Kas,830.0,,EGP,Basmati Rice,Rice,Basmati Rice,5,kg,,,https://seoudisupermarket.com/en/abu-kas-basmati-rice-5-kg,Out of Stock,,2026-09-14 18:09:13
cdcdcde1-eb29-462b-a6c9-b8aa6f0b8762,Seoudi Supermarket,Seoudi Basmati Rice,Basmati,270.0,,EGP,Basmati Rice,Rice,Basmati Rice,2,kg,,,https://seoudisupermarket.com/en/seoudi-basmati-rice-2-kg,Out of Stock,,2026-09-14 18:09:13
cdcdcde1-eb29-462b-a6c9-b8aa6f0b8762,Seoudi Supermarket,Gallo Risotto Truffle Rice,Gallo,155.95,,EGP,Other Rice,Rice,Regular Rice,175,g,,,https://seoudisupermarket.com/en/gallo-risotto-truffle-rice-175-g,Out of Stock,,2026-09-14 18:09:13
cdcdcde1-eb29-462b-a6c9-b8aa6f0b8762,Seoudi Supermarket,Mazza Arborio Rice for Soup,Mazza,366.25,,EGP,Other Rice,Rice,Regular Rice,1,kg,,,https://seoudisupermarket.com/en/mazza-arborio-rice-for-soup-1-kg,Out of Stock,,2026-09-14 18:09:13
cdcdcde1-eb29-462b-a6c9-b8aa6f0b8762,Seoudi Supermarket,Tilda Brown Basmati Rice,Tilda,179.95,,EGP,Basmati Rice,Rice,Basmati Rice,1,kg,,,https://seoudisupermarket.com/en/tilda-brown-basmati-rice-1-kg,Out of Stock,,2026-09-14 18:09:13
cdcdcde1-eb29-462b-a6c9-b8aa6f0b8762,Seoudi Supermarket,Tilda Sella Basmati Rice,Tilda,717.45,,EGP,Basmati Rice,Rice,Basmati Rice,4,kg,,,https://seoudisupermarket.com/en/tilda-sella-basmati-rice-4-kg,Out of Stock,,2026-09-14 18:09:13
cdcdcde1-eb29-462b-a6c9-b8aa6f0b8762,Seoudi Supermarket,Tilda Basmati Rice,Tilda,780.26,866.95,EGP,Basmati Rice,Rice,Basmati Rice,5,kg,10.0,,https://seoudisupermarket.com/en/tilda-basmati-rice-5-kg,Out of Stock,,2026-09-14 18:09:13
cdcdcde1-eb29-462b-a6c9-b8aa6f0b8762,Seoudi Supermarket,Punjabi Al Muhaidib Basmati Rice,Punjabi Al Muhaidib,744.95,,EGP,Basmati Rice,Rice,Basmati Rice,5,kg,,,https://seoudisupermarket.com/en/punjabi-al-muhaidib-basmati-rice-5-kg,Out of Stock,,2026-09-14 18:09:13
cdcdcde1-eb29-462b-a6c9-b8aa6f0b8762,Seoudi Supermarket,Riso Scotti Black Venere Rice,Riso Scotti,319.95,,EGP,Other Rice,Rice,Regular Rice,500,g,,,https://seoudisupermarket.com/en/riso-scotti-black-venere-rice-500-g,Out of Stock,,2026-09-14 18:09:13
1,Seoudi Supermarket,Al Doha Sugar,Al Doha,35.95,38.95,EGP,White Sugar,Sugar,Regular Sugar,1.0,kg,8.0,,https://seoudisupermarket.com/en/al-doha-sugar-1-kg,In Stock,,2026-09-14 18:26:17.822318
2,Seoudi Supermarket,Goud Sugar,Goud,28.95,,EGP,White Sugar,Sugar,Regular Sugar,1.0,kg,,,https://seoudisupermarket.com/en/goud-sugar-1-kg,In Stock,,2026-09-14 18:26:17.825317
3,Seoudi Supermarket,Daimond Brown Sugar Sachets,Diamond,61.95,,EGP,Brown Sugar,Sugar,Brown Sugar,,,,100,https://seoudisupermarket.com/en/diamond-brown-sugar-sachets-100-sachets,In Stock,,2026-09-14 18:26:17.826317
4,Seoudi Supermarket,Baheya Sugar,Baheya,28.95,,EGP,White Sugar,Sugar,Regular Sugar,1.0,kg,,,https://seoudisupermarket.com/en/baheya-sugar-1-kg,In Stock,,2026-09-14 18:26:17.827319
5,Seoudi Supermarket,Sugar Match Diet Sugar,Sugar Match,85.45,,EGP,Diet Sweetener,Sugar,Diet Sweetener,,,,50,https://seoudisupermarket.com/en/sugar-match-diet-sugar-50-sachets,In Stock,,2026-09-14 18:26:17.828316
6,Seoudi Supermarket,Sweet & Slim Diet Sugar,Sweet & Slim,66.95,,EGP,Diet Sweetener,Sugar,Diet Sweetener,,,,50,https://seoudisupermarket.com/en/sweet-and-slim-diet-sugar-50-sachets,In Stock,,2026-09-14 18:26:17.829319
7,Seoudi Supermarket,Al Doha Powder Sugar,Al Doha,40.45,,EGP,Powdered Sugar,Sugar,Powdered Sugar,500.0,g,,,https://seoudisupermarket.com/en/al-doha-powder-sugar-500-g,In Stock,,2026-09-14 18:26:17.830317
8,Seoudi Supermarket,Sweetal Zero Calories Sweetner,Sweetal,84.95,,EGP,Diet Sweetener,Sugar,Diet Sweetener,,,,60,https://seoudisupermarket.com/en/sweetal-zero-calories-sweetner-60-sachet,In Stock,,2026-09-14 18:26:17.831317
9,Seoudi Supermarket,Sweet & Slim Sugar Diet Extra,Sweet & Slim,156.95,,EGP,Diet Sweetener,Sugar,Diet Sweetener,,,,100,https://seoudisupermarket.com/en/sweet-slim-sugar-diet-extra-100-sachets,In Stock,,2026-09-14 18:26:17.832317
10,Seoudi Supermarket,Sweet & Slim Stevia Sugar,Sweet & Slim,161.95,,EGP,Stevia Sweetener,Sugar,Natural Sweetener,250.0,g,,,https://seoudisupermarket.com/en/sweet-slim-stevia-sugar-250-g,In Stock,,2026-09-14 18:26:17.833318
11,Seoudi Supermarket,Diamond Brown Sugar Cubes,Diamond,94.95,,EGP,Brown Sugar,Sugar,Brown Sugar,1.0,kg,,,https://seoudisupermarket.com/en/diamond-brown-sugar-cubes-1-kg,In Stock,,2026-09-14 18:26:17.834318
12,Seoudi Supermarket,Sugar Match Diet Sugar,Sugar Match,85.45,,EGP,Diet Sweetener,Sugar,Diet Sweetener,,,,75,https://seoudisupermarket.com/en/sugar-match-diet-sugar-75-sachet,In Stock,,2026-09-14 18:26:17.835316
13,Seoudi Supermarket,Al Sukarya Brown Sugar,Al Sukarya,79.95,,EGP,Brown Sugar,Sugar,Brown Sugar,500.0,g,,,https://seoudisupermarket.com/en/al-sukarya-brown-sugar-500-g,In Stock,,2026-09-14 18:26:17.836316
14,Seoudi Supermarket,Sugar Match Diet Sugar,Sugar Match,79.75,,EGP,Diet Sweetener,Sugar,Diet Sweetener,,,,50,https://seoudisupermarket.com/en/sugar-match-diet-sugar-50-sachet,In Stock,,2026-09-14 18:26:17.837316
15,Seoudi Supermarket,Sweetal Diet Sugar,Sweetal,94.95,,EGP,Diet Sweetener,Sugar,Diet Sweetener,2.0,g,,50,https://seoudisupermarket.com/en/sweetal-diet-sugar-50-sachet-2-g-per-sachet,In Stock,,2026-09-14 18:26:17.837316
16,Seoudi Supermarket,Daimond Brown Sugar,Diamond,55.95,,EGP,Brown Sugar,Sugar,Brown Sugar,500.0,g,,,https://seoudisupermarket.com/en/diamond-brown-sugar-500-g,In Stock,,2026-09-14 18:26:17.838314
17,Seoudi Supermarket,Sweet & Slim Extra Diet Sweetener,Sweet & Slim,86.95,,EGP,Diet Sweetener,Sugar,Diet Sweetener,,,,50,https://seoudisupermarket.com/en/sweet-slim-extra-diet-sweetener-50-pieces,In Stock,,2026-09-14 18:26:17.839315
18,Seoudi Supermarket,Sweetal Diet Sugar,Sweetal,129.95,,EGP,Diet Sweetener,Sugar,Diet Sweetener,,,,100,https://seoudisupermarket.com/en/sweetal-diet-sugar-100-stick,In Stock,,2026-09-14 18:26:17.840315
19,Seoudi Supermarket,Sweetal Stevia Sugar,Sweetal,169.95,,EGP,Stevia Sweetener,Sugar,Natural Sweetener,250.0,g,,,https://seoudisupermarket.com/en/sweetal-stevia-sugar-250-g,In Stock,,2026-09-14 18:26:17.841316
20,Seoudi Supermarket,Stevia Castello Natural Sweetener,Stevia Castello,349.95,,EGP,Diet Sweetener,Sugar,Natural Sweetener,300.0,g,,,https://seoudisupermarket.com/en/stevia-castello-natural-sweetener-300-g,In Stock,,2026-09-14 18:26:17.842318
21,Seoudi Supermarket,Al Sakr Sugar,Al Sakr,25.95,,EGP,White Sugar,Sugar,Regular Sugar,1.0,kg,,,https://seoudisupermarket.com/en/al-sakr-sugar-1-kg,In Stock,,2026-09-14 18:26:17.843315
22,Seoudi Supermarket,Sugar Match Diet Sugar,Sugar Match,293.95,,EGP,Diet Sweetener,Sugar,Diet Sweetener,,,,300,https://seoudisupermarket.com/en/sugar-match-diet-sugar-300-sachet,In Stock,,2026-09-14 18:26:17.843315
23,Seoudi Supermarket,Al Doha Powdered Sugar,Al Doha,74.95,,EGP,Powdered Sugar,Sugar,Powdered Sugar,1.0,kg,,,https://seoudisupermarket.com/en/al-doha-powdered-sugar-1-kg,In Stock,,2026-09-14 18:26:17.844319
24,Seoudi Supermarket,Imtenan Raw Brown Sugar,Imtenan,98.95,,EGP,Brown Sugar,Sugar,Brown Sugar,750.0,g,,,https://seoudisupermarket.com/en/imtenan-raw-brown-sugar-750-g,In Stock,,2026-09-14 18:26:17.845316
25,Seoudi Supermarket,Diamond White Sugar Cubes,Diamond,89.95,,EGP,Sugar Cubes,Sugar,Sugar Cubes,1.0,kg,,,https://seoudisupermarket.com/en/diamond-white-sugar-cubes-1-kg,In Stock,,2026-09-14 18:26:17.846317
26,Seoudi Supermarket,Stevia Liquid Natural Sweetener,Stevia,299.95,,EGP,Diet Sweetener,Sugar,Natural Sweetener,30.0,ml,,,https://seoudisupermarket.com/en/stevia-liquid-natural-sweetener-30-ml,In Stock,,2026-09-14 18:26:17.847317
27,Seoudi Supermarket,Sweet & Slim Diet Sugar,Sweet & Slim,36.95,,EGP,Diet Sweetener,Sugar,Diet Sweetener,,,,25,https://seoudisupermarket.com/en/sweet-slim-diet-sugar-25-sachet,In Stock,,2026-09-14 18:26:17.848317
28,Seoudi Supermarket,Sweetal Diet Sugar,Sweetal,89.95,,EGP,Diet Sweetener,Sugar,Diet Sweetener,,,,100,https://seoudisupermarket.com/en/sweetal-diet-sugar-100-tablet,In Stock,,2026-09-14 18:26:17.849316
29,Seoudi Supermarket,Sweetal Diet Sugar,Sweetal,169.95,,EGP,Diet Sweetener,Sugar,Diet Sweetener,250.0,g,,,https://seoudisupermarket.com/en/sweetal-diet-sugar-250-gm,In Stock,,2026-09-14 18:26:17.850317
30,Seoudi Supermarket,Sweet & Slim Stevia Zero Calories Sweetener,Sweet & Slim,86.95,,EGP,Diet Sweetener,Sugar,Natural Sweetener,,,,50,https://seoudisupermarket.com/en/sweet-slim-stevia-50-pieces,In Stock,,2026-09-14 18:26:17.851316
31,Seoudi Supermarket,Sweet & Slim Diet Sugar,Sweet & Slim,141.95,,EGP,Diet Sweetener,Sugar,Diet Sweetener,250.0,g,,,https://seoudisupermarket.com/en/sweet-slim-diet-sugar-250-g,In Stock,,2026-09-14 18:26:17.852318
32,Seoudi Supermarket,Sweetal Diet Sugar,Sweetal,94.95,,EGP,Diet Sweetener,Sugar,Diet Sweetener,1.0,g,,75,https://seoudisupermarket.com/en/sweetal-diet-sugar-75-sachet-1-g-per-sachet,In Stock,,2026-09-14 18:26:17.854318
33,Seoudi Supermarket,Sweet & Slim Stevia Natural Sweetener,Sweet & Slim,274.45,,EGP,Diet Sweetener,Sugar,Natural Sweetener,,,,200,https://seoudisupermarket.com/en/sweet-slim-stevia-natural-sweetener-200-pieces,In Stock,,2026-09-14 18:26:17.855319
34,Seoudi Supermarket,Dobella Brown Sugar,"Dobella ",75.75,,EGP,Brown Sugar,Sugar,Brown Sugar,600.0,g,,,https://seoudisupermarket.com/en/dobella-brown-sugar-600-g,In Stock,,2026-09-14 18:26:17.856319
35,Seoudi Supermarket,Stevia Castello Natural Sweetener,Stevia Castello,249.95,,EGP,Diet Sweetener,Sugar,Natural Sweetener,,,,100,https://seoudisupermarket.com/en/stevia-castello-natural-sweetener-100-pieces,In Stock,,2026-09-14 18:26:17.857317
36,Seoudi Supermarket,Sweet & Slim Stevia Diet Sugar,Sweet & Slim,49.95,,EGP,Diet Sweetener,Sugar,Natural Sweetener,,,,25,https://seoudisupermarket.com/en/sweet-slim-stevia-diet-sugar-25-sachets,In Stock,,2026-09-14 18:26:17.858319
37,Seoudi Supermarket,Sweet & Slim Diet Sugar,Sweet & Slim,111.95,,EGP,Diet Sweetener,Sugar,Diet Sweetener,,,,100,https://seoudisupermarket.com/en/sweet-slim-diet-sugar-100-sachet,In Stock,,2026-09-14 18:26:17.859318
38,Seoudi Supermarket,Stevia Castello Natural Sweetener,Stevia Castello,174.95,,EGP,Diet Sweetener,Sugar,Natural Sweetener,,,,60,https://seoudisupermarket.com/en/stevia-castello-natural-sweetener-60-sachet,In Stock,,2026-09-14 18:26:17.860318
39,Seoudi Supermarket,Sugar Match Diet Sugar,Sugar Match,293.95,,EGP,Diet Sweetener,Sugar,Diet Sweetener,,,,200,https://seoudisupermarket.com/en/sugar-match-diet-sugar-200-sachet,In Stock,,2026-09-14 18:26:17.861318
40,Seoudi Supermarket,Sweetal Diet Sugar,Sweetal,169.95,,EGP,Diet Sweetener,Sugar,Diet Sweetener,,,,300,https://seoudisupermarket.com/en/sweetal-diet-sugar-300-tablet,In Stock,,2026-09-14 18:26:17.862320
41,Seoudi Supermarket,Sweetal Stevia Sugar,Sweetal,94.95,,EGP,Stevia Sweetener,Sugar,Natural Sweetener,,,,50,https://seoudisupermarket.com/en/sweetal-stevia-sugar-50-sachet,In Stock,,2026-09-14 18:26:17.863316
42,Seoudi Supermarket,Lakanto Monkfruit Sweetener,Lakanto,176.95,,EGP,Diet Sweetener,Sugar,Diet Sweetener,235.0,g,,,https://seoudisupermarket.com/en/lakanto-monkfruit-sweetener-235-g,In Stock,,2026-09-14 18:26:17.864318
43,Seoudi Supermarket,Diamond White Sugar,Diamond,55.95,,EGP,White Sugar,Sugar,Regular Sugar,100.0,g,,,https://seoudisupermarket.com/en/diamond-white-sugar-100-g,Out of Stock,,2026-09-14 18:26:17.865318
44,Seoudi Supermarket,Island Cane Molasses,Island Cane,149.95,,EGP,Other Sugar,Sugar,Other Sugar,500.0,g,,,https://seoudisupermarket.com/en/island-cane-molasses-500-g,Out of Stock,,2026-09-14 18:26:17.866318
45,Seoudi Supermarket,Safety Fructose Sugar,Safety,87.75,,EGP,White Sugar,Sugar,Regular Sugar,300.0,g,,,https://seoudisupermarket.com/en/safety-fructose-sugar-300-g,Out of Stock,,2026-09-14 18:26:17.867318
46,Seoudi Supermarket,Billington's Light Brown Soft Sugar,Billington's,174.95,,EGP,White Sugar,Sugar,Regular Sugar,500.0,g,,,https://seoudisupermarket.com/en/billingtons-light-brown-soft-sugar-500-g,Out of Stock,,2026-09-14 18:26:17.868317
47,Seoudi Supermarket,Island Cane Demerara Sugar,Island Cane,124.95,,EGP,White Sugar,Sugar,Regular Sugar,500.0,g,,,https://seoudisupermarket.com/en/island-cane-demerara-sugar-500-g,Out of Stock,,2026-09-14 18:26:17.869316
48,Seoudi Supermarket,Rich Mix Guests Sugar,Rich Mix,81.95,,EGP,White Sugar,Sugar,Regular Sugar,,,,120,https://seoudisupermarket.com/en/rich-mix-guests-sugar-120-sachet,Out of Stock,,2026-09-14 18:26:17.870316
49,Seoudi Supermarket,Haboba Sugar,"Haboba ",29.95,,EGP,White Sugar,Sugar,Regular Sugar,1.0,kg,,,https://seoudisupermarket.com/en/haboba-sugar-1-kg,Out of Stock,,2026-09-14 18:26:17.871316
50,Seoudi Supermarket,Shahd Sugar,"Shahd ",25.95,,EGP,White Sugar,Sugar,Regular Sugar,1.0,kg,,,https://seoudisupermarket.com/en/shahd-sugar-1-kg,Out of Stock,,2026-09-14 18:26:17.871316
51,Seoudi Supermarket,Al Sokaria Sugar - Pack of 120,Al Sokarya,74.95,,EGP,White Sugar,Sugar,Regular Sugar,,,,,https://seoudisupermarket.com/en/al-sokaria-sugar-pack-of-120,Out of Stock,,2026-09-14 18:26:23.887944
52,Seoudi Supermarket,Safety Fructose Sugar,Safety,124.95,,EGP,White Sugar,Sugar,Regular Sugar,450.0,g,,,https://seoudisupermarket.com/en/safety-fructose-sugar-450-g,Out of Stock,,2026-09-14 18:26:23.888948
53,Seoudi Supermarket,Sekem Stevia Natural Sweetener,Stevia,77.25,,EGP,Diet Sweetener,Sugar,Natural Sweetener,,,,40,https://seoudisupermarket.com/en/sekem-stevia-natural-sweetener-40-sachet,Out of Stock,,2026-09-14 18:26:23.889946
54,Seoudi Supermarket,Lakanto Monkfruit Sweetener,"Lakanto ",339.95,,EGP,Diet Sweetener,Sugar,Diet Sweetener,454.0,g,,,https://seoudisupermarket.com/en/lakanto-monkfruit-sweetener-454-g,Out of Stock,,2026-09-14 18:26:23.890947
55,Seoudi Supermarket,Safety Brown Sugar,Safety,31.75,,EGP,Brown Sugar,Sugar,Brown Sugar,250.0,g,,,https://seoudisupermarket.com/en/safety-brown-sugar-250-g,Out of Stock,,2026-09-14 18:26:23.891945
56,Seoudi Supermarket,Safety Fructose Sugar,Safety,67.75,,EGP,White Sugar,Sugar,Regular Sugar,250.0,g,,,https://seoudisupermarket.com/en/safety-fructose-sugar-250-g,Out of Stock,,2026-09-14 18:26:23.892946
57,Seoudi Supermarket,Sweet & Slim Zero Calories Sweetener,Sweet & Slim,304.95,,EGP,Diet Sweetener,Sugar,Diet Sweetener,,,,400,https://seoudisupermarket.com/en/sweet-slim-zero-calories-sweetener-400-pieces,Out of Stock,,2026-09-14 18:26:23.893949
58,Seoudi Supermarket,Imtenan Coconut Sugar,Imtenan,178.45,,EGP,White Sugar,Sugar,Regular Sugar,400.0,g,,,https://seoudisupermarket.com/en/imtenan-coconut-sugar-400-g,Out of Stock,,2026-09-14 18:26:23.894950
59,Seoudi Supermarket,Lakanto Monk Fruit Sweetener,"Lakanto ",234.95,,EGP,Diet Sweetener,Sugar,Diet Sweetener,,,,100,https://seoudisupermarket.com/en/lakanto-monk-fruit-sweetener-100-sachets,Out of Stock,,2026-09-14 18:26:23.895945
60,Seoudi Supermarket,Island Cane Light Muscovado Sugar,Island Cane,144.95,,EGP,White Sugar,Sugar,Regular Sugar,500.0,g,,,https://seoudisupermarket.com/en/island-cane-light-muscovado-sugar-500-g,Out of Stock,,2026-09-14 18:26:23.896947
61,Seoudi Supermarket,Rich Mix Brown Sugar,Rich Mix,81.95,,EGP,Brown Sugar,Sugar,Brown Sugar,500.0,g,,,https://seoudisupermarket.com/en/rich-mix-brown-sugar-500-g,Out of Stock,,2026-09-14 18:26:23.897947
62,Seoudi Supermarket,El Welely Sugar,El Welely,29.95,,EGP,White Sugar,Sugar,Regular Sugar,1.0,kg,,,https://seoudisupermarket.com/en/el-welely-sugar-1-kg,Out of Stock,,2026-09-14 18:26:23.898947
63,Seoudi Supermarket,Lakanto Monk Fruit Sweetener,"Lakanto ",124.95,,EGP,Diet Sweetener,Sugar,Diet Sweetener,,,,40,https://seoudisupermarket.com/en/lakanto-monk-fruit-sweetener-40-sachets,Out of Stock,,2026-09-14 18:26:23.899946
64,Seoudi Supermarket,Rich Mix Brown Sugar,Rich Mix,88.45,,EGP,Brown Sugar,Sugar,Brown Sugar,,,,120,https://seoudisupermarket.com/en/rich-mix-brown-sugar-120-sachet,Out of Stock,,2026-09-14 18:26:23.900946
65,Seoudi Supermarket,Billington's Light Brown Soft Sugar,Billington's,354.95,,EGP,White Sugar,Sugar,Regular Sugar,1.0,kg,,,https://seoudisupermarket.com/en/billingtons-light-brown-soft-sugar-1-kg,Out of Stock,,2026-09-14 18:26:23.901946
66,Seoudi Supermarket,"Al Sokaria Brown Sugar, - Pack of 100",Al Sokarya,85.95,,EGP,Brown Sugar,Sugar,Brown Sugar,500.0,g,,,https://seoudisupermarket.com/en/al-sokaria-brown-sugar-500-g-pack-of-100,Out of Stock,,2026-09-14 18:26:23.902946
67,Seoudi Supermarket,Splenda Diet Sugar,Splenda,199.95,,EGP,Diet Sweetener,Sugar,Diet Sweetener,50.0,g,,50,https://seoudisupermarket.com/en/splenda-diet-sugar-50-g-50-sachet,Out of Stock,,2026-09-14 18:26:23.903945
68,Seoudi Supermarket,Sussli Diet Sugar,Sussli,334.95,,EGP,Diet Sweetener,Sugar,Diet Sweetener,,,,1200,https://seoudisupermarket.com/en/sussli-diet-sugar-1200-tablet,Out of Stock,,2026-09-14 18:26:23.904947
69,Seoudi Supermarket,Safety Fructose Sugar,Safety,124.95,,EGP,White Sugar,Sugar,Regular Sugar,500.0,g,,,https://seoudisupermarket.com/en/safety-fructose-sugar-500-g,Out of Stock,,2026-09-14 18:26:23.905946
70,Seoudi Supermarket,Sugar Match Diet Sugar,Sugar Match,79.75,,EGP,Diet Sweetener,Sugar,Diet Sweetener,,,,75,https://seoudisupermarket.com/en/sugar-match-diet-sugar-75-sachets,Out of Stock,,2026-09-14 18:26:23.906950
71,Seoudi Supermarket,Al Yom Sugar,Al Yom,25.95,,EGP,White Sugar,Sugar,Regular Sugar,1.0,kg,,,https://seoudisupermarket.com/en/al-yom-sugar-1-kg,Out of Stock,,2026-09-14 18:26:23.908949
1,Seoudi Supermarket,Ahmad Tea English Tea N.1 Tagged Teabags,Ahmad Tea,84.95,,EGP,Other Tea,Tea,Regular Tea,,,,20,https://seoudisupermarket.com/en/ahmad-tea-english-tea-n-1-tagged-teabags-20-pieces,In Stock,,2026-09-14 18:42:16.476393
2,Seoudi Supermarket,Rabea Kharaz Tea,Rabea,84.95,,EGP,Other Tea,Tea,Regular Tea,225.0,g,,,https://seoudisupermarket.com/en/rabea-kharaz-tea-225-g,In Stock,,2026-09-14 18:42:16.480391
3,Seoudi Supermarket,"Ahmad Tea Vanilla, Cinnamon & Apple Tea",Ahmad Tea,94.75,,EGP,Flavored Tea,Tea,Regular Tea,,,,20,https://seoudisupermarket.com/en/ahmad-tea-vanilla-cinnamon-apple-tea-20-tea-bags,In Stock,,2026-09-14 18:42:16.481390
4,Seoudi Supermarket,Lipton Tea + Free Gift,Lipton,119.95,,EGP,Other Tea,Tea,Regular Tea,,,,100,https://seoudisupermarket.com/en/lipton-tea-100-tea-bags-free-gift,In Stock,,2026-09-14 18:42:16.482392
5,Seoudi Supermarket,Rabea Green Tea,Rabea,39.95,,EGP,Green Tea,Tea,Green Tea,,,,25,https://seoudisupermarket.com/en/rabea-green-tea-25-teabags,In Stock,,2026-09-14 18:42:16.483391
6,Seoudi Supermarket,Rabea Green Tea,Rabea,73.95,,EGP,Green Tea,Tea,Green Tea,,,,50,https://seoudisupermarket.com/en/rabea-green-tea-50-teabags,In Stock,,2026-09-14 18:42:16.483391
7,Seoudi Supermarket,AlAttar Tumeric & Ginger Green Tea,Alattar,139.95,,EGP,Green Tea,Tea,Green Tea,,,,20,https://seoudisupermarket.com/en/alattar-tumeric-ginger-green-tea-20-sachets,In Stock,,2026-09-14 18:42:16.484389
8,Seoudi Supermarket,Lipton Green Tea with Mint,Lipton,67.75,,EGP,Green Tea,Tea,Green Tea,,,,50,https://seoudisupermarket.com/en/lipton-green-tea-with-mint-50-bags,In Stock,,2026-09-14 18:42:16.485390
9,Seoudi Supermarket,Lipton Non - Bitter Green Tea,Lipton,67.75,,EGP,Green Tea,Tea,Green Tea,,,,50,https://seoudisupermarket.com/en/lipton-non-bitter-green-tea-50-bags,In Stock,,2026-09-14 18:42:16.486390
10,Seoudi Supermarket,Brooke Bond Red Label Loose Tea,Brooke Bond,9.45,,EGP,Black Tea,Tea,Loose Tea,40.0,g,,,https://seoudisupermarket.com/en/brooke-bond-red-label-loose-tea-40-g,In Stock,,2026-09-14 18:42:16.487389
11,Seoudi Supermarket,Royal Black Tea with Berries,Royal,58.45,,EGP,Black Tea,Tea,Black Tea,,,,20,https://seoudisupermarket.com/en/royal-black-tea-with-berries-20-bags,In Stock,,2026-09-14 18:42:16.488391
12,Seoudi Supermarket,Royal Black Tea with Cloves,Royal,35.75,,EGP,Black Tea,Tea,Black Tea,,,,20,https://seoudisupermarket.com/en/royal-black-tea-with-cloves-20-bags,In Stock,,2026-09-14 18:42:16.489391
13,Seoudi Supermarket,Royal Black Tea with Cardamom,Royal,42.75,,EGP,Black Tea,Tea,Black Tea,,,,20,https://seoudisupermarket.com/en/royal-black-tea-with-cardamom-20-bags,In Stock,,2026-09-14 18:42:16.490391
14,Seoudi Supermarket,Royal Black Tea with Peach,Royal,47.75,,EGP,Black Tea,Tea,Black Tea,,,,20,https://seoudisupermarket.com/en/royal-black-tea-with-peach-20-bags,In Stock,,2026-09-14 18:42:16.491392
15,Seoudi Supermarket,Ahmad Tea Blend Tea,Ahmad Tea,118.95,150.75,EGP,Other Tea,Tea,Regular Tea,,,21.0,100,https://seoudisupermarket.com/en/ahmad-tea-blend-tea-100-teabags,In Stock,,2026-09-14 18:42:16.492393
16,Seoudi Supermarket,Ahmad Tea Blend Tea,Ahmad Tea,31.95,40.45,EGP,Other Tea,Tea,Regular Tea,,,21.0,25,https://seoudisupermarket.com/en/ahmad-tea-blend-tea-25-teabags,In Stock,,2026-09-14 18:42:16.493391
17,Seoudi Supermarket,Al Kbous Tea,Al Kbous,74.95,89.45,EGP,Other Tea,Tea,Regular Tea,200.0,g,16.0,,https://seoudisupermarket.com/en/al-kbous-tea-200-g,In Stock,,2026-09-14 18:42:16.494390
18,Seoudi Supermarket,Al Kbous Tea,Al Kbous,14.45,,EGP,Other Tea,Tea,Regular Tea,30.0,g,,,https://seoudisupermarket.com/en/al-kbous-tea-30-g,In Stock,,2026-09-14 18:42:16.495389
19,Seoudi Supermarket,Al Kbous Tea,Al Kbous,44.75,,EGP,Other Tea,Tea,Regular Tea,100.0,g,,,https://seoudisupermarket.com/en/al-kbous-tea-100-g,In Stock,,2026-09-14 18:42:16.495389
20,Seoudi Supermarket,Al Kbous Tea,Al Kbous,124.95,142.95,EGP,Other Tea,Tea,Regular Tea,,,13.0,100,https://seoudisupermarket.com/en/al-kbous-tea-100-teabags,In Stock,,2026-09-14 18:42:16.496390
21,Seoudi Supermarket,Horse Head Ceylon Tea,Horse Head,41.95,,EGP,Ceylon Tea,Tea,Black Tea,,,,20,https://seoudisupermarket.com/en/horse-head-ceylon-tea-20-tea-bags,In Stock,,2026-09-14 18:42:16.497389
22,Seoudi Supermarket,Horse Head Ceylon Tea,Horse Head,120.25,,EGP,Ceylon Tea,Tea,Black Tea,140.0,g,,,https://seoudisupermarket.com/en/horse-head-ceylon-tea-140-g,In Stock,,2026-09-14 18:42:16.498390
23,Seoudi Supermarket,Lipton Loose Tea,Lipton,11.95,,EGP,Black Tea,Tea,Loose Tea,40.0,g,,,https://seoudisupermarket.com/en/lipton-loose-tea-40-g,In Stock,,2026-09-14 18:42:16.499391
24,Seoudi Supermarket,Lipton Loose Tea,Lipton,30.45,,EGP,Black Tea,Tea,Loose Tea,100.0,g,,,https://seoudisupermarket.com/en/lipton-loose-tea-100-g,In Stock,,2026-09-14 18:42:16.500392
25,Seoudi Supermarket,Lipton Tea,Lipton,39.75,,EGP,Other Tea,Tea,Regular Tea,,,,25,https://seoudisupermarket.com/en/lipton-tea-25-pieces,In Stock,,2026-09-14 18:42:16.501391
26,Seoudi Supermarket,El Arosa Loose Black Tea,El Arosa,53.95,,EGP,Black Tea,Tea,Black Tea,250.0,g,,,https://seoudisupermarket.com/en/el-arosa-loose-black-tea-250-g,In Stock,,2026-09-14 18:42:16.502391
27,Seoudi Supermarket,El Arosa Black Tea,El Arosa,23.45,,EGP,Black Tea,Tea,Black Tea,,,,25,https://seoudisupermarket.com/en/el-arosa-black-tea-25-pieces,In Stock,,2026-09-14 18:42:16.503391
28,Seoudi Supermarket,El Arosa Loose Tea,El Arosa,9.95,,EGP,Black Tea,Tea,Loose Tea,40.0,g,,,https://seoudisupermarket.com/en/el-arosa-loose-tea-40-g,In Stock,,2026-09-14 18:42:16.503391
29,Seoudi Supermarket,Tea Break Karak Tea - Pack of 8,Tea Break,94.95,103.95,EGP,Karak Tea,Tea,Karak Tea,25.0,g,9.0,,https://seoudisupermarket.com/en/tea-break-karak-tea-25-g-pack-of-8,In Stock,,2026-09-14 18:42:16.504391
30,Seoudi Supermarket,Rabea Extra Strong Black Tea,Rabea,119.95,,EGP,Black Tea,Tea,Black Tea,,,,100,https://seoudisupermarket.com/en/rabea-extra-strong-black-tea-100-pieces,In Stock,,2026-09-14 18:42:16.505389
31,Seoudi Supermarket,Twinings English Breakfast Tea,Twinings,496.25,,EGP,English Breakfast Tea,Tea,Black Tea,,,,50,https://seoudisupermarket.com/en/twinings-english-breakfast-tea-50-pieces,In Stock,,2026-09-14 18:42:16.506391
32,Seoudi Supermarket,Ahmad Tea London Tea with Clove,Ahmad Tea,186.95,,EGP,Flavored Tea,Tea,Regular Tea,250.0,g,,,https://seoudisupermarket.com/en/ahmad-tea-london-tea-with-clove-250-g,In Stock,,2026-09-14 18:42:16.507394
33,Seoudi Supermarket,Ahmad Tea Soft Tea with Mint,Ahmad Tea,74.95,104.45,EGP,Flavored Tea,Tea,Regular Tea,200.0,g,28.0,,https://seoudisupermarket.com/en/ahmad-tea-soft-tea-with-mint-200-g,In Stock,,2026-09-14 18:42:16.508392
34,Seoudi Supermarket,Lipton English Breakfast Tea,Lipton,39.75,,EGP,English Breakfast Tea,Tea,Black Tea,,,,25,https://seoudisupermarket.com/en/lipton-english-breakfast-tea-25-pieces,In Stock,,2026-09-14 18:42:16.509392
35,Seoudi Supermarket,Lipton Dust Tea,Lipton,124.95,,EGP,Black Tea,Tea,Loose Tea,500.0,g,,,https://seoudisupermarket.com/en/lipton-dust-tea-500-g,In Stock,,2026-09-14 18:42:16.510393
36,Seoudi Supermarket,British Tea,British Tea,49.95,,EGP,Other Tea,Tea,Regular Tea,,,,50,https://seoudisupermarket.com/en/british-tea-50-pieces,In Stock,,2026-09-14 18:42:16.511393
37,Seoudi Supermarket,British Tea,British Tea,25.95,,EGP,Other Tea,Tea,Regular Tea,,,,25,https://seoudisupermarket.com/en/british-tea-25-pieces,In Stock,,2026-09-14 18:42:16.512391
38,Seoudi Supermarket,Rabea Extra Strong Fine Black Tea,Rabea,11.95,,EGP,Black Tea,Tea,Black Tea,40.0,g,,,https://seoudisupermarket.com/en/rabea-extra-strong-fine-black-tea-40-g,In Stock,,2026-09-14 18:42:16.513395
39,Seoudi Supermarket,Rabea Extra Strong Fine Black Tea,Rabea,29.75,,EGP,Black Tea,Tea,Black Tea,100.0,g,,,https://seoudisupermarket.com/en/rabea-extra-strong-fine-black-tea-100-g,In Stock,,2026-09-14 18:42:16.514394
40,Seoudi Supermarket,Rabea Extra Strong Fine Black Tea,Rabea,63.75,,EGP,Black Tea,Tea,Black Tea,225.0,g,,,https://seoudisupermarket.com/en/rabea-extra-strong-fine-black-tea-250-g,In Stock,,2026-09-14 18:42:16.515394
41,Seoudi Supermarket,Alattar Matcha Tea,Alattar,134.95,,EGP,Green Tea,Tea,Green Tea,,,,20,https://seoudisupermarket.com/en/alattar-matcha-tea-20-pieces,In Stock,,2026-09-14 18:42:16.515394
42,Seoudi Supermarket,Taylors Earl Grey Tea,Taylors,179.95,,EGP,Earl Grey Tea,Tea,Black Tea,,,,20,https://seoudisupermarket.com/en/taylors-earl-grey-tea-20-pieces,In Stock,,2026-09-14 18:42:16.516393
43,Seoudi Supermarket,Ahmad Tea English Breakfast Foil Teabags,Ahmad Tea,84.95,,EGP,English Breakfast Tea,Tea,Black Tea,,,,20,https://seoudisupermarket.com/en/ahmad-tea-english-breakfast-foil-teabags-20-pieces,In Stock,,2026-09-14 18:42:16.517396
44,Seoudi Supermarket,Rabea Extra Strong Black Tea,Rabea,32.75,,EGP,Black Tea,Tea,Black Tea,,,,25,https://seoudisupermarket.com/en/rabea-extra-strong-black-tea-25-pieces,In Stock,,2026-09-14 18:42:16.518395
45,Seoudi Supermarket,Ahmad Tea London Blend Black Tea,Ahmad Tea,33.95,43.75,EGP,Black Tea,Tea,Black Tea,100.0,g,22.0,,https://seoudisupermarket.com/en/ahmad-tea-london-blend-black-tea-100-g,In Stock,,2026-09-14 18:42:16.519395
46,Seoudi Supermarket,Ahmad Tea Mint Green Tea,Ahmad Tea,89.95,,EGP,Green Tea,Tea,Green Tea,100.0,g,,,https://seoudisupermarket.com/en/ahmad-tea-mint-green-tea-100-g,In Stock,,2026-09-14 18:42:16.520393
47,Seoudi Supermarket,Ahmad Tea Raspberry Pomegranate Flavored Green Tea,Ahmad Tea,94.75,,EGP,Green Tea,Tea,Green Tea,,,,20,https://seoudisupermarket.com/en/ahmad-tea-raspberry-pomegranate-flavored-green-tea-20-pieces,In Stock,,2026-09-14 18:42:16.521393
48,Seoudi Supermarket,Royal Green Tea,Royal,25.75,29.95,EGP,Green Tea,Tea,Green Tea,,,14.0,25,https://seoudisupermarket.com/en/royal-green-tea-25-pieces,In Stock,,2026-09-14 18:42:16.521393
49,Seoudi Supermarket,Ahmad Tea Earl Grey Tea,Ahmad Tea,209.95,,EGP,Earl Grey Tea,Tea,Black Tea,250.0,g,,,https://seoudisupermarket.com/en/ahmad-tea-earl-grey-tea-250-g,In Stock,,2026-09-14 18:42:16.523396
50,Seoudi Supermarket,Ahmad Tea Jasmine Green Tea,Ahmad Tea,244.75,,EGP,Green Tea,Tea,Green Tea,250.0,g,,,https://seoudisupermarket.com/en/ahmad-tea-jasmine-green-tea-250-g,In Stock,,2026-09-14 18:42:16.524392
51,Seoudi Supermarket,Ahmad Tea London Blend Black Tea,Ahmad Tea,18.75,,EGP,Black Tea,Tea,Black Tea,40.0,g,,,https://seoudisupermarket.com/en/ahmad-tea-london-blend-black-tea-40-g,In Stock,,2026-09-14 18:42:23.351132
52,Seoudi Supermarket,Ahmad Tea Mint Green Tea,Ahmad Tea,209.75,,EGP,Green Tea,Tea,Green Tea,250.0,g,,,https://seoudisupermarket.com/en/ahmad-tea-mint-green-tea-250-g,In Stock,,2026-09-14 18:42:23.351132
53,Seoudi Supermarket,Royal Mint Green Tea,Royal,25.75,29.95,EGP,Green Tea,Tea,Green Tea,,,14.0,25,https://seoudisupermarket.com/en/royal-mint-green-tea-25-pieces,In Stock,,2026-09-14 18:42:23.352132
54,Seoudi Supermarket,Ahmad Tea Green Tea Selection,Ahmad Tea,88.75,,EGP,Green Tea,Tea,Green Tea,,,,20,https://seoudisupermarket.com/en/ahmad-tea-green-tea-selection-20-pieces,In Stock,,2026-09-14 18:42:23.353133
55,Seoudi Supermarket,Ahmad Tea Green Tea,Ahmad Tea,71.95,,EGP,Green Tea,Tea,Green Tea,100.0,g,,,https://seoudisupermarket.com/en/ahmad-tea-green-tea-100-g,In Stock,,2026-09-14 18:42:23.354132
56,Seoudi Supermarket,Ahmad Tea Green Tea,Ahmad Tea,164.75,,EGP,Green Tea,Tea,Green Tea,250.0,g,,,https://seoudisupermarket.com/en/ahmad-tea-green-tea-250-g,In Stock,,2026-09-14 18:42:23.354132
57,Seoudi Supermarket,Ahmad Tea Mint Green Tea,Ahmad Tea,208.25,,EGP,Green Tea,Tea,Green Tea,,,,100,https://seoudisupermarket.com/en/ahmad-tea-mint-green-tea-100-pieces,In Stock,,2026-09-14 18:42:23.355133
58,Seoudi Supermarket,Ahmad Tea English N.1 Taggless Teabags,Ahmad Tea,142.25,,EGP,Other Tea,Tea,Regular Tea,,,,100,https://seoudisupermarket.com/en/ahmad-tea-english-n-1-taggless-teabags-100-pieces,In Stock,,2026-09-14 18:42:23.356133
59,Seoudi Supermarket,Ahmad Tea English N.1 Tagged Teabags,Ahmad Tea,54.95,,EGP,Other Tea,Tea,Regular Tea,,,,25,https://seoudisupermarket.com/en/ahmad-tea-english-n-1-tagged-teabags-25-pieces,In Stock,,2026-09-14 18:42:23.357132
60,Seoudi Supermarket,Ahmad Tea English N.1 Tagged Teabags,Ahmad Tea,181.75,,EGP,Other Tea,Tea,Regular Tea,,,,100,https://seoudisupermarket.com/en/ahmad-tea-english-n-1-tagged-teabags-100-pieces,In Stock,,2026-09-14 18:42:23.357132
61,Seoudi Supermarket,Ahmad Tea Earl Grey Tea,Ahmad Tea,89.95,,EGP,Earl Grey Tea,Tea,Black Tea,100.0,g,,,https://seoudisupermarket.com/en/ahmad-tea-earl-grey-tea-100-g,In Stock,,2026-09-14 18:42:23.358132
62,Seoudi Supermarket,Ahmad Tea Earl Grey Tea,Ahmad Tea,229.95,,EGP,Earl Grey Tea,Tea,Black Tea,,,,100,https://seoudisupermarket.com/en/ahmad-tea-earl-grey-tea-100-pieces,In Stock,,2026-09-14 18:42:23.359129
63,Seoudi Supermarket,Ahmad Tea Earl Grey Tea,Ahmad Tea,59.75,,EGP,Earl Grey Tea,Tea,Black Tea,,,,25,https://seoudisupermarket.com/en/ahmad-tea-earl-grey-tea-25-pieces,In Stock,,2026-09-14 18:42:23.360129
64,Seoudi Supermarket,Ahmad Tea Black Tea with Cinnamon Haze,Ahmad Tea,94.75,,EGP,Black Tea,Tea,Black Tea,,,,20,https://seoudisupermarket.com/en/ahmad-tea-black-tea-with-cinnamon-haze-20-piece,In Stock,,2026-09-14 18:42:23.361129
65,Seoudi Supermarket,Ahmad Tea Fruit Black Tea with Respberry Indulgence,Ahmad Tea,94.75,,EGP,Black Tea,Tea,Black Tea,,,,20,https://seoudisupermarket.com/en/ahmad-tea-fruit-black-tea-with-respberry-indulgence-20-piece,In Stock,,2026-09-14 18:42:23.362129
66,Seoudi Supermarket,Ahmad Tea Fruit Black Tea with Strawberry Sensation,Ahmad Tea,94.75,,EGP,Black Tea,Tea,Black Tea,,,,20,https://seoudisupermarket.com/en/ahmad-tea-fruit-black-tea-with-strawberry-sensation-20-piece,In Stock,,2026-09-14 18:42:23.362129
67,Seoudi Supermarket,Ahmad Tea Clove Tea,Ahmad Tea,208.25,,EGP,Flavored Tea,Tea,Regular Tea,,,,100,https://seoudisupermarket.com/en/ahmad-tea-clove-tea-100-pieces,In Stock,,2026-09-14 18:42:23.363129
68,Seoudi Supermarket,Ahmad Tea Clove Flavored Black Tea,Ahmad Tea,54.95,,EGP,Black Tea,Tea,Black Tea,,,,25,https://seoudisupermarket.com/en/ahmad-tea-clove-flavored-black-tea-25-pieces,In Stock,,2026-09-14 18:42:23.364129
69,Seoudi Supermarket,Ahmad Tea Fruit Black Tea with Lemon & Lime Twist,Ahmad Tea,94.75,,EGP,Black Tea,Tea,Black Tea,,,,20,https://seoudisupermarket.com/en/ahmad-tea-fruit-black-tea-with-lemon-and-lime-twist-20-piece,In Stock,,2026-09-14 18:42:23.365129
70,Seoudi Supermarket,Ahmad Tea English Breakfast Tagged Teabags,Ahmad Tea,181.75,,EGP,English Breakfast Tea,Tea,Black Tea,,,,100,https://seoudisupermarket.com/en/ahmad-tea-english-breakfast-tagged-teabags-100-pieces,In Stock,,2026-09-14 18:42:23.366128
71,Seoudi Supermarket,Ahmad Tea English Breakfast Tagged Teabags,Ahmad Tea,48.95,,EGP,English Breakfast Tea,Tea,Black Tea,,,,25,https://seoudisupermarket.com/en/ahmad-tea-english-breakfast-tagged-teabags-25-pieces,In Stock,,2026-09-14 18:42:23.366128
72,Seoudi Supermarket,Ahmad Tea English Breakfast Tagless Teabags,Ahmad Tea,118.95,142.25,EGP,English Breakfast Tea,Tea,Black Tea,,,16.0,100,https://seoudisupermarket.com/en/ahmad-tea-english-breakfast-tagless-teabags-100-sachet,In Stock,,2026-09-14 18:42:23.367128
73,Seoudi Supermarket,Ahmad Tea Fruit Black Tea with Apple Refresh,Ahmad Tea,94.75,,EGP,Black Tea,Tea,Black Tea,,,,20,https://seoudisupermarket.com/en/ahmad-tea-fruit-black-tea-with-apple-refresh-20-piece,In Stock,,2026-09-14 18:42:23.368128
74,Seoudi Supermarket,Ahmad Tea Fruit Black Tea with Peach & Passion Fruit,Ahmad Tea,94.75,,EGP,Black Tea,Tea,Black Tea,,,,20,https://seoudisupermarket.com/en/ahmad-tea-fruit-black-tea-with-peach-passion-fruit-20-piece,In Stock,,2026-09-14 18:42:23.369128
75,Seoudi Supermarket,Ahmad Tea London Blend Strong Fine Tea,Ahmad Tea,67.95,90.25,EGP,Other Tea,Tea,Regular Tea,200.0,g,25.0,,https://seoudisupermarket.com/en/ahmad-tea-london-blend-strong-fine-tea-200-g,In Stock,,2026-09-14 18:42:23.370128
76,Seoudi Supermarket,Ahmad Tea Fruit Black Tea with Mango Magic,Ahmad Tea,94.75,,EGP,Black Tea,Tea,Black Tea,,,,20,https://seoudisupermarket.com/en/ahmad-tea-fruit-black-tea-with-mango-magic-20-piece,In Stock,,2026-09-14 18:42:23.371128
77,Seoudi Supermarket,Ahmad Tea Evening Tea,Ahmad Tea,104.95,,EGP,Other Tea,Tea,Regular Tea,,,,20,https://seoudisupermarket.com/en/ahmad-tea-evening-tea-20-pieces,In Stock,,2026-09-14 18:42:23.371128
78,Seoudi Supermarket,Ahmad Tea Fruit Black Tea with Apricot Sunrise,Ahmad Tea,94.75,,EGP,Black Tea,Tea,Black Tea,,,,20,https://seoudisupermarket.com/en/ahmad-tea-fruit-black-tea-with-apricot-sunrise-20-piece,In Stock,,2026-09-14 18:42:23.372128
79,Seoudi Supermarket,El Arosa Tea,El Arosa,44.95,,EGP,Other Tea,Tea,Regular Tea,,,,50,https://seoudisupermarket.com/en/el-arosa-tea-50-pieces,In Stock,,2026-09-14 18:42:23.373128
80,Seoudi Supermarket,El Arosa Mint Green Tea,El Arosa,23.45,,EGP,Green Tea,Tea,Green Tea,,,,25,https://seoudisupermarket.com/en/el-arosa-mint-green-tea-25-pieces,In Stock,,2026-09-14 18:42:23.374129
81,Seoudi Supermarket,El Arosa Mint Green Tea,El Arosa,94.95,,EGP,Green Tea,Tea,Green Tea,,,,100,https://seoudisupermarket.com/en/el-arosa-mint-green-tea-100-pieces,In Stock,,2026-09-14 18:42:23.375128
82,Seoudi Supermarket,El Arosa Premium Tea,El Arosa,32.95,,EGP,Other Tea,Tea,Regular Tea,100.0,g,,,https://seoudisupermarket.com/en/el-arosa-premium-tea-100-g,In Stock,,2026-09-14 18:42:23.375128
83,Seoudi Supermarket,El Arosa Kharaz Tea,El Arosa,81.25,,EGP,Other Tea,Tea,Regular Tea,250.0,g,,,https://seoudisupermarket.com/en/el-arosa-kharaz-tea-250-g,In Stock,,2026-09-14 18:42:23.376128
84,Seoudi Supermarket,El Arosa Loose Tea,El Arosa,22.95,,EGP,Black Tea,Tea,Loose Tea,100.0,g,,,https://seoudisupermarket.com/en/el-arosa-loose-tea-100-g,In Stock,,2026-09-14 18:42:23.377129
85,Seoudi Supermarket,El Arosa Black Tea,El Arosa,94.95,,EGP,Black Tea,Tea,Black Tea,,,,100,https://seoudisupermarket.com/en/el-arosa-black-tea-100-pieces,In Stock,,2026-09-14 18:42:23.378128
86,Seoudi Supermarket,Alattar White Tea,Alattar,134.95,,EGP,White Tea,Tea,White Tea,,,,20,https://seoudisupermarket.com/en/alattar-white-tea-20-pieces,In Stock,,2026-09-14 18:42:23.379131
87,Seoudi Supermarket,Alattar Moringa Flavored Green Tea,Alattar,86.45,,EGP,Herbal Tea,Tea,Herbal Tea,,,,20,https://seoudisupermarket.com/en/alattar-moringa-flavored-green-tea-20-pieces,In Stock,,2026-09-14 18:42:23.379131
88,Seoudi Supermarket,Imtenan Green Tea Kay,Imtenan,44.95,49.95,EGP,Green Tea,Tea,Green Tea,,,10.0,18,https://seoudisupermarket.com/en/imtenan-green-tea-kay-18-pieces,In Stock,,2026-09-14 18:42:23.380129
89,Seoudi Supermarket,Tea Break Thai Masala Tea,Tea Break,13.75,,EGP,Other Tea,Tea,Regular Tea,,,,1,https://seoudisupermarket.com/en/tea-break-thai-masala-tea-1-piece,In Stock,,2026-09-14 18:42:23.381129
90,Seoudi Supermarket,Tea Break Thai Masala Tea,Tea Break,103.95,,EGP,Other Tea,Tea,Regular Tea,,,,8,https://seoudisupermarket.com/en/tea-break-thai-masala-tea-8-pieces,In Stock,,2026-09-14 18:42:23.381129
91,Seoudi Supermarket,Tea Break Adan Tea with Ginger,Tea Break,103.95,,EGP,Flavored Tea,Tea,Regular Tea,25.0,g,,8,https://seoudisupermarket.com/en/tea-break-adan-tea-with-ginger-25-g-8-pieces,In Stock,,2026-09-14 18:42:23.382129
92,Seoudi Supermarket,Tea Break Karak Tea,Tea Break,13.75,,EGP,Karak Tea,Tea,Karak Tea,,,,1,https://seoudisupermarket.com/en/tea-break-karak-tea-1-piece,In Stock,,2026-09-14 18:42:23.383129
93,Seoudi Supermarket,Taylors English Breakfast Tea,Taylors,179.95,,EGP,English Breakfast Tea,Tea,Black Tea,,,,20,https://seoudisupermarket.com/en/taylors-english-breakfast-tea-20-pieces,In Stock,,2026-09-14 18:42:23.384129
94,Seoudi Supermarket,Twinings Pure Green Tea,Twinings,340.95,,EGP,Green Tea,Tea,Green Tea,,,,25,https://seoudisupermarket.com/en/twinings-pure-green-tea-25-pieces,In Stock,,2026-09-14 18:42:23.384129
95,Seoudi Supermarket,Twinings Pure Green Tea,Twinings,582.25,,EGP,Green Tea,Tea,Green Tea,,,,50,https://seoudisupermarket.com/en/twinings-pure-green-tea-50-pieces,In Stock,,2026-09-14 18:42:23.385129
96,Seoudi Supermarket,Twinings Mint Green Tea,Twinings,639.25,,EGP,Green Tea,Tea,Green Tea,,,,50,https://seoudisupermarket.com/en/twinings-mint-green-tea-50-pieces,In Stock,,2026-09-14 18:42:23.386130
97,Seoudi Supermarket,Twinings Green Tea with Ginger,Twinings,354.45,,EGP,Green Tea,Tea,Green Tea,,,,25,https://seoudisupermarket.com/en/twinings-green-tea-with-ginger-25-pieces,In Stock,,2026-09-14 18:42:23.386130
98,Seoudi Supermarket,Twinings Green Tea & Forest Fruit,Twinings,354.45,,EGP,Green Tea,Tea,Green Tea,,,,25,https://seoudisupermarket.com/en/twinings-green-tea-and-forest-fruit-25-pieces,In Stock,,2026-09-14 18:42:23.387129
99,Seoudi Supermarket,Twinings Green Tea with Moroccan Mint,Twinings,354.45,,EGP,Green Tea,Tea,Green Tea,,,,25,https://seoudisupermarket.com/en/twinings-green-tea-with-moroccan-mint-25-pieces,In Stock,,2026-09-14 18:42:23.388132
100,Seoudi Supermarket,Twinings Green Tea & Mint,Twinings,354.45,,EGP,Green Tea,Tea,Green Tea,,,,25,https://seoudisupermarket.com/en/twinings-green-tea-and-mint-25-pieces,In Stock,,2026-09-14 18:42:23.388132
101,Seoudi Supermarket,Twinings Green Tea & Lemon,Twinings,354.45,,EGP,Green Tea,Tea,Green Tea,,,,25,https://seoudisupermarket.com/en/twinings-green-tea-and-lemon-25-pieces,In Stock,,2026-09-14 18:42:32.072685
102,Seoudi Supermarket,Twinings Earl Grey Tea,Twinings,311.75,,EGP,Earl Grey Tea,Tea,Black Tea,,,,25,https://seoudisupermarket.com/en/twinings-earl-grey-tea-25-pieces,In Stock,,2026-09-14 18:42:32.073687
103,Seoudi Supermarket,Twinings English Breakfast Tea,Twinings,277.25,,EGP,English Breakfast Tea,Tea,Black Tea,,,,25,https://seoudisupermarket.com/en/twinings-english-breakfast-tea-25-pieces,In Stock,,2026-09-14 18:42:32.074685
104,Seoudi Supermarket,Dilmah Pure Cyleon Tea,Dilmah,54.95,,EGP,Other Tea,Tea,Regular Tea,,,,25,https://seoudisupermarket.com/en/dilmah-pure-cyleon-tea-25-pieces,In Stock,,2026-09-14 18:42:32.075686
105,Seoudi Supermarket,Dilmah Ceylon Black Tea Tagged Teabags,Dilmah,289.95,,EGP,Ceylon Tea,Tea,Black Tea,,,,100,https://seoudisupermarket.com/en/dilmah-ceylon-black-tea-tagged-teabags-100-pieces,In Stock,,2026-09-14 18:42:32.076701
106,Seoudi Supermarket,Dilmah English Breakfast Tea,Dilmah,99.95,,EGP,English Breakfast Tea,Tea,Black Tea,,,,20,https://seoudisupermarket.com/en/dilmah-english-breakfast-tea-20-pieces,In Stock,,2026-09-14 18:42:32.076701
107,Seoudi Supermarket,Dilmah Earl Grey Tea,Dilmah,99.95,,EGP,Earl Grey Tea,Tea,Black Tea,,,,20,https://seoudisupermarket.com/en/dilmah-earl-grey-tea-20-pieces,In Stock,,2026-09-14 18:42:32.077686
108,Seoudi Supermarket,Dilmah Apple Cinnmon & Vanilla Flavored Ceylon Black Tea,Dilmah,89.75,,EGP,Ceylon Tea,Tea,Black Tea,,,,20,https://seoudisupermarket.com/en/dilmah-apple-cinnmon-and-vanilla-flavored-ceylon-black-tea-20-pieces,In Stock,,2026-09-14 18:42:32.078686
109,Seoudi Supermarket,Dilmah Raspberry Flavored Ceylon Black Tea,Dilmah,75.75,,EGP,Ceylon Tea,Tea,Black Tea,,,,20,https://seoudisupermarket.com/en/dilmah-raspberry-flavored-ceylon-black-tea-20-pieces,In Stock,,2026-09-14 18:42:32.079684
110,Seoudi Supermarket,Dilmah Blueberry & Vanilla Flavored Ceylon Black Tea,Dilmah,89.75,,EGP,Ceylon Tea,Tea,Black Tea,,,,20,https://seoudisupermarket.com/en/dilmah-blueberry-and-vanilla-flavored-ceylon-black-tea-20-pieces,In Stock,,2026-09-14 18:42:32.080687
111,Seoudi Supermarket,Rabea Original Black Tea,Rabea,119.95,,EGP,Black Tea,Tea,Black Tea,,,,100,https://seoudisupermarket.com/en/rabea-original-black-tea-100-pieces,In Stock,,2026-09-14 18:42:32.080687
112,Seoudi Supermarket,Rabea Original Black Tea,Rabea,32.75,,EGP,Black Tea,Tea,Black Tea,,,,25,https://seoudisupermarket.com/en/rabea-original-black-tea-25-pieces,In Stock,,2026-09-14 18:42:32.081685
113,Seoudi Supermarket,Rabea Original Black Tea,Rabea,64.45,,EGP,Black Tea,Tea,Black Tea,,,,50,https://seoudisupermarket.com/en/rabea-original-black-tea-50-pieces,In Stock,,2026-09-14 18:42:32.082685
114,Seoudi Supermarket,Royal Mint Green Tea,Royal,59.95,,EGP,Green Tea,Tea,Green Tea,,,,50,https://seoudisupermarket.com/en/royal-mint-green-tea-50-pieces,In Stock,,2026-09-14 18:42:32.083686
115,Seoudi Supermarket,Royal Regime Tea Herbal Teabags,Royal,27.95,,EGP,Herbal Tea,Tea,Herbal Tea,,,,25,https://seoudisupermarket.com/en/royal-regime-tea-herbal-teabags-25-pieces,In Stock,,2026-09-14 18:42:32.084685
116,Seoudi Supermarket,"Lipton Tea, - Discount%",Lipton,31.25,,EGP,Other Tea,Tea,Regular Tea,,,,25,https://seoudisupermarket.com/en/lipton-tea-25-pieces-discount,In Stock,,2026-09-14 18:42:32.085686
117,Seoudi Supermarket,Lipton Tea,Lipton,64.95,,EGP,Other Tea,Tea,Regular Tea,,,,50,https://seoudisupermarket.com/en/lipton-tea-50-pieces,In Stock,,2026-09-14 18:42:32.086686
118,Seoudi Supermarket,Lipton Mint Green Tea,Lipton,39.95,,EGP,Green Tea,Tea,Green Tea,,,,25,https://seoudisupermarket.com/en/lipton-mint-green-tea-25-pieces,In Stock,,2026-09-14 18:42:32.086686
119,Seoudi Supermarket,Lipton Black Tea,Lipton,174.75,,EGP,Black Tea,Tea,Black Tea,,,,100,https://seoudisupermarket.com/en/lipton-black-tea-100-pieces,In Stock,,2026-09-14 18:42:32.087687
120,Seoudi Supermarket,Lipton Kharaz Tea,Lipton,74.95,,EGP,Other Tea,Tea,Regular Tea,250.0,g,,,https://seoudisupermarket.com/en/lipton-kharaz-tea-250-g,In Stock,,2026-09-14 18:42:32.088686
121,Seoudi Supermarket,Lipton Loose Tea,Lipton,66.75,,EGP,Black Tea,Tea,Loose Tea,250.0,g,,,https://seoudisupermarket.com/en/lipton-loose-tea-250-g,In Stock,,2026-09-14 18:42:32.089691
122,Seoudi Supermarket,Ahmad Tea Detox Herbs Herbal Teabags,Ahmad Tea,114.95,,EGP,Herbal Tea,Tea,Herbal Tea,,,,20,https://seoudisupermarket.com/en/ahmad-tea-detox-herbs-herbal-teabags-20-pieces,Out of Stock,,2026-09-14 18:42:32.089691
123,Seoudi Supermarket,Royal Green Tea with Lemongrass,Royal,28.75,,EGP,Green Tea,Tea,Green Tea,,,,25,https://seoudisupermarket.com/en/royal-green-tea-with-lemongrass-25-tea-bags,Out of Stock,,2026-09-14 18:42:32.090686
124,Seoudi Supermarket,Twinings Green Tea with Matcha,Twinings,349.95,,EGP,Green Tea,Tea,Green Tea,,,,25,https://seoudisupermarket.com/en/twinings-green-tea-with-matcha-25-bags,Out of Stock,,2026-09-14 18:42:32.090686
125,Seoudi Supermarket,Mazaq Sugar - Free Karak Tea,Karak Tea,10.95,,EGP,Karak Tea,Tea,Karak Tea,12.0,g,,,https://seoudisupermarket.com/en/mazaq-sugar-free-karak-tea-12-g,Out of Stock,,2026-09-14 18:42:32.091684
126,Seoudi Supermarket,Lipton Black Tea,Lipton,2.95,,EGP,Black Tea,Tea,Black Tea,2.0,g,,,https://seoudisupermarket.com/en/lipton-kharaz-black-tea-2-g,Out of Stock,,2026-09-14 18:42:32.092689
127,Seoudi Supermarket,Lipton Classic Tea 3 in 1,Lipton,9.75,,EGP,Instant Tea,Tea,Instant Tea,18.0,g,,,https://seoudisupermarket.com/en/lipton-classic-tea-3-in-1-18-g,Out of Stock,,2026-09-14 18:42:32.092689
128,Seoudi Supermarket,Lipton Karak Tea with Cardamom,"Lipton ",16.75,,EGP,Karak Tea,Tea,Karak Tea,18.0,g,,,https://seoudisupermarket.com/en/lipton-karak-tea-with-cardamom-18-g,Out of Stock,,2026-09-14 18:42:32.092689
129,Seoudi Supermarket,Lipton Black Tea 2 in 1,Lipton,4.95,,EGP,Black Tea,Tea,Instant Tea,14.0,g,,,https://seoudisupermarket.com/en/lipton-black-tea-2-in-1-14-g,Out of Stock,,2026-09-14 18:42:32.093687
130,Seoudi Supermarket,Lipton Karak Tea with Cardamom,"Lipton ",162.75,,EGP,Karak Tea,Tea,Karak Tea,18.0,g,,10,https://seoudisupermarket.com/en/lipton-karak-tea-with-cardamom-18-g-10-sachets,Out of Stock,,2026-09-14 18:42:32.093687
131,Seoudi Supermarket,Lipton Classic Tea 3 in 1,Lipton,94.95,,EGP,Instant Tea,Tea,Instant Tea,18.0,g,,10,https://seoudisupermarket.com/en/lipton-classic-tea-3-in-1-18-g-10-sachets,Out of Stock,,2026-09-14 18:42:32.094687
132,Seoudi Supermarket,Lipton Black Tea 2 in 1,Lipton,47.75,,EGP,Black Tea,Tea,Instant Tea,14.0,g,,10,https://seoudisupermarket.com/en/lipton-black-tea-2-in-1-14-g-10-sachets,Out of Stock,,2026-09-14 18:42:32.094687
133,Seoudi Supermarket,Lipton Black Tea,Lipton,67.75,,EGP,Black Tea,Tea,Black Tea,2.0,g,,24,https://seoudisupermarket.com/en/lipton-kharaz-black-tea-2-g-24-pieces,Out of Stock,,2026-09-14 18:42:32.095687
134,Seoudi Supermarket,Ahmad Tea Decaffeinated Green,Ahmad Tea,124.95,,EGP,Other Tea,Tea,Regular Tea,,,,20,https://seoudisupermarket.com/en/ahmad-tea-decaffeinated-green-20-tea-bags,Out of Stock,,2026-09-14 18:42:32.095687
135,Seoudi Supermarket,Ahmad Tea Decaffeinated Black,Ahmad Tea,124.95,,EGP,Other Tea,Tea,Regular Tea,,,,20,https://seoudisupermarket.com/en/ahmad-tea-decaffeinated-black-20-tea-bags,Out of Stock,,2026-09-14 18:42:32.096686
136,Seoudi Supermarket,Ahmad Tea Decaffeinated Earl Grey,Ahmad Tea,124.95,,EGP,Earl Grey Tea,Tea,Black Tea,,,,20,https://seoudisupermarket.com/en/ahmad-tea-decaffeinated-earl-grey-20-tea-bags,Out of Stock,,2026-09-14 18:42:32.096686
137,Seoudi Supermarket,Ahmad Tea Green Tea - Gift,Ahmad Tea,160.75,,EGP,Green Tea,Tea,Green Tea,,,,100+28,https://seoudisupermarket.com/en/ahmad-tea-green-tea-10028-tea-bags-gift,Out of Stock,,2026-09-14 18:42:32.097687
138,Seoudi Supermarket,Ahmad Tea London Blend - Gift,Ahmad Tea,150.75,,EGP,Other Tea,Tea,Regular Tea,,,,100+28,https://seoudisupermarket.com/en/ahmad-tea-london-blend-10028-tea-bags-gift,Out of Stock,,2026-09-14 18:42:32.097687
139,Seoudi Supermarket,Ahmad Tea English Tea - Gift,Ahmad Tea,181.75,,EGP,Other Tea,Tea,Regular Tea,,,,100+28,https://seoudisupermarket.com/en/ahmad-tea-english-tea-10028-tea-bags-gift,Out of Stock,,2026-09-14 18:42:32.098686
140,Seoudi Supermarket,Ahmad Tea Earl Grey Tea - Free Gift,Ahmad Tea,229.95,,EGP,Earl Grey Tea,Tea,Black Tea,,,,100+28,https://seoudisupermarket.com/en/ahmad-tea-earl-grey-tea-10028-tea-bags-free-gift,Out of Stock,,2026-09-14 18:42:32.098686
141,Seoudi Supermarket,Ahmad Tea English Breakfast Tea - Gift,Ahmad Tea,181.75,,EGP,English Breakfast Tea,Tea,Black Tea,,,,100+28,https://seoudisupermarket.com/en/ahmad-tea-english-breakfast-tea-10028-tea-bags-gift,Out of Stock,,2026-09-14 18:42:32.099687
142,Seoudi Supermarket,Ahmad Tea London Tea,Ahmad Tea,98.95,127.75,EGP,Other Tea,Tea,Regular Tea,,,23.0,100,https://seoudisupermarket.com/en/ahmad-tea-london-tea-100-tea-bags,Out of Stock,,2026-09-14 18:42:32.099687
143,Seoudi Supermarket,Ahmad Tea English Breakfast Tea,Ahmad Tea,89.95,,EGP,English Breakfast Tea,Tea,Black Tea,100.0,g,,,https://seoudisupermarket.com/en/ahmad-tea-english-breakfast-tea-100-g,Out of Stock,,2026-09-14 18:42:32.100686
144,Seoudi Supermarket,Alitea 3 In 1 Karak Tea,"Alitea ",269.95,,EGP,Karak Tea,Tea,Karak Tea,20.0,g,,15,https://seoudisupermarket.com/en/alitea-3-in-1-karak-tea-20-g-15-pieces,Out of Stock,,2026-09-14 18:42:32.100686
145,Seoudi Supermarket,Alitea 3 In 1 Karak Tea,"Alitea ",18.45,,EGP,Karak Tea,Tea,Karak Tea,20.0,g,,,https://seoudisupermarket.com/en/alitea-3-in-1-karak-tea-20-g,Out of Stock,,2026-09-14 18:42:32.101687
146,Seoudi Supermarket,"Lipton Black Tea, Vanilla Caramel",Lipton,94.95,,EGP,Black Tea,Tea,Black Tea,,,,20,https://seoudisupermarket.com/en/lipton-black-tea-vanilla-caramel-20-sachets,Out of Stock,,2026-09-14 18:42:32.101687
147,Seoudi Supermarket,"Lipton Black Tea, Peach Mango",Lipton,94.95,,EGP,Black Tea,Tea,Black Tea,,,,20,https://seoudisupermarket.com/en/lipton-black-tea-peach-mango-20-sachets,Out of Stock,,2026-09-14 18:42:32.102687
148,Seoudi Supermarket,"Lipton Black Tea, Forest Fruits",Lipton,94.95,,EGP,Black Tea,Tea,Black Tea,,,,20,https://seoudisupermarket.com/en/lipton-black-tea-forest-fruits-20-sachets,Out of Stock,,2026-09-14 18:42:32.102687
149,Seoudi Supermarket,Rabea Strong Tea - + Gift,Rabea,169.45,,EGP,Other Tea,Tea,Regular Tea,,,,100,https://seoudisupermarket.com/en/rabea-strong-tea-100-bags-gift,Out of Stock,,2026-09-14 18:42:32.103687
150,Seoudi Supermarket,Senso Classic Karak Tea,"Senso ",17.95,,EGP,Karak Tea,Tea,Karak Tea,20.0,g,,,https://seoudisupermarket.com/en/senso-classic-karak-tea-20-g,Out of Stock,,2026-09-14 18:42:32.103687
151,Seoudi Supermarket,Senso Ginger Karak Tea,"Senso ",17.95,,EGP,Karak Tea,Tea,Karak Tea,20.0,g,,,https://seoudisupermarket.com/en/senso-ginger-karak-tea-20-g,Out of Stock,,2026-09-14 18:42:40.244541
152,Seoudi Supermarket,Senso Saffron Karak Tea,"Senso ",17.95,,EGP,Karak Tea,Tea,Karak Tea,20.0,g,,,https://seoudisupermarket.com/en/senso-saffron-karak-tea-20-g,Out of Stock,,2026-09-14 18:42:40.244541
153,Seoudi Supermarket,Senso Cardamom Karak Tea,"Senso ",17.95,,EGP,Karak Tea,Tea,Karak Tea,20.0,g,,,https://seoudisupermarket.com/en/senso-cardamom-karak-tea-20-g,Out of Stock,,2026-09-14 18:42:40.245541
154,Seoudi Supermarket,Senso Rose & Saffron Karak Tea,"Senso ",17.95,,EGP,Karak Tea,Tea,Karak Tea,20.0,g,,,https://seoudisupermarket.com/en/senso-rose-and-saffron-karak-tea-20-g,Out of Stock,,2026-09-14 18:42:40.245541
155,Seoudi Supermarket,Senso Cinnamon Karak Tea,"Senso ",17.95,,EGP,Karak Tea,Tea,Karak Tea,20.0,g,,,https://seoudisupermarket.com/en/senso-cinnamon-karak-tea-20-g,Out of Stock,,2026-09-14 18:42:40.246540
156,Seoudi Supermarket,Senso Saffron Karak Tea without Sugar,"Senso ",17.95,,EGP,Karak Tea,Tea,Karak Tea,14.0,g,,,https://seoudisupermarket.com/en/senso-saffron-karak-tea-without-sugar-14-g,Out of Stock,,2026-09-14 18:42:40.246540
157,Seoudi Supermarket,"Rabea Strong Tea, + Original",Rabea,204.95,,EGP,Other Tea,Tea,Regular Tea,,,,100,https://seoudisupermarket.com/en/rabea-strong-tea-100-bags-original-100-bags,Out of Stock,,2026-09-14 18:42:40.247539
158,Seoudi Supermarket,Ahmad Tea London Blend Tea with Mint,Ahmad Tea,49.95,,EGP,Flavored Tea,Tea,Regular Tea,,,,25,https://seoudisupermarket.com/en/ahmad-tea-london-blend-tea-with-mint-25-bags,Out of Stock,,2026-09-14 18:42:40.247539
159,Seoudi Supermarket,Ahmad Tea London Blend - + Gift,Ahmad Tea,150.75,,EGP,Other Tea,Tea,Regular Tea,,,,100,https://seoudisupermarket.com/en/ahmad-tea-london-blend-100-teabags-gift,Out of Stock,,2026-09-14 18:42:40.248540
160,Seoudi Supermarket,Ahmad Tea Breakfast Tea - + Gift,Ahmad Tea,181.75,,EGP,Other Tea,Tea,Regular Tea,,,,100,https://seoudisupermarket.com/en/ahmad-tea-breakfast-tea-100-teabags-gift,Out of Stock,,2026-09-14 18:42:40.248540
161,Seoudi Supermarket,Lipton Exclusive Selection Sencha Green Tea,Lipton,90.45,,EGP,Green Tea,Tea,Green Tea,,,,25,https://seoudisupermarket.com/en/lipton-sencha-green-tea-25-tea-bags,Out of Stock,,2026-09-14 18:42:40.249540
162,Seoudi Supermarket,Lipton Exclusive Selection English Breakfast Tea,Lipton,90.45,,EGP,English Breakfast Tea,Tea,Black Tea,,,,25,https://seoudisupermarket.com/en/lipton-english-breakfast-tea-25-tea-bags,Out of Stock,,2026-09-14 18:42:40.249540
163,Seoudi Supermarket,Lipton Earl Grey Tea,Lipton,90.45,,EGP,Earl Grey Tea,Tea,Black Tea,,,,25,https://seoudisupermarket.com/en/lipton-earl-grey-tea-25-tea-bags,Out of Stock,,2026-09-14 18:42:40.250539
164,Seoudi Supermarket,Lipton Exclusive Selection Green Tea with Intense Mint,Lipton,90.45,,EGP,Green Tea,Tea,Green Tea,,,,25,https://seoudisupermarket.com/en/lipton-green-tea-with-mint-25-tea-bags,Out of Stock,,2026-09-14 18:42:40.250539
165,Seoudi Supermarket,"Karak Tea Instant Blend, Original",Karak Tea,20.0,,EGP,Karak Tea,Tea,Karak Tea,10.0,g,,,https://seoudisupermarket.com/en/karak-tea-instant-blend-original-10-g,Out of Stock,,2026-09-14 18:42:40.251539
166,Seoudi Supermarket,Karak Tea Instant Blend with Saffron,Karak Tea,20.0,,EGP,Karak Tea,Tea,Karak Tea,10.0,g,,,https://seoudisupermarket.com/en/karak-tea-instant-blend-with-saffron-10-g,Out of Stock,,2026-09-14 18:42:40.251539
167,Seoudi Supermarket,"Karak Tea Instant Blend with Cardamom, Unsweetened",Karak Tea,20.0,,EGP,Karak Tea,Tea,Karak Tea,14.0,g,,,https://seoudisupermarket.com/en/karak-tea-instant-blend-with-cardamom-unsweetened-14-g,Out of Stock,,2026-09-14 18:42:40.252541
168,Seoudi Supermarket,"Karak Tea Instant Blend with Cardamom, Unsweetened",Karak Tea,189.95,,EGP,Karak Tea,Tea,Karak Tea,,,,10,https://seoudisupermarket.com/en/karak-tea-instant-blend-with-cardamom-unsweetened-10-sachets,Out of Stock,,2026-09-14 18:42:40.253540
169,Seoudi Supermarket,Karak Tea Instant Blend with Cardamom,Karak Tea,20.0,,EGP,Karak Tea,Tea,Karak Tea,10.0,g,,,https://seoudisupermarket.com/en/karak-tea-instant-blend-with-cardamom-10-g,Out of Stock,,2026-09-14 18:42:40.254538
170,Seoudi Supermarket,Red Leaf Tapioca Boba Tea Pearls,Red Leaf,324.95,,EGP,Boba Tea,Tea,Boba Tea,1.0,kg,,,https://seoudisupermarket.com/en/red-leaf-tapioca-boba-tea-pearls-1-kg,Out of Stock,,2026-09-14 18:42:40.254538
171,Seoudi Supermarket,Horse Head Cardamom Tea,Horse Head,82.45,,EGP,Flavored Tea,Tea,Regular Tea,,,,20,https://seoudisupermarket.com/en/horse-head-cardamom-tea-20-sachet,Out of Stock,,2026-09-14 18:42:40.255538
172,Seoudi Supermarket,Horse Head Green Tea,Horse Head,44.75,,EGP,Green Tea,Tea,Green Tea,,,,20,https://seoudisupermarket.com/en/horse-head-green-tea-20-sachet,Out of Stock,,2026-09-14 18:42:40.255538
173,Seoudi Supermarket,Horse Head The Vert Green Tea with Jasmin,Horse Head,78.75,,EGP,Green Tea,Tea,Green Tea,,,,20,https://seoudisupermarket.com/en/horse-head-the-vert-green-tea-with-jasmin-20-sachet,Out of Stock,,2026-09-14 18:42:40.256539
174,Seoudi Supermarket,Al Kbous Loose Tea,Al Kbous,98.95,,EGP,Black Tea,Tea,Loose Tea,200.0,g,,,https://seoudisupermarket.com/en/al-kbous-loose-tea-200-g,Out of Stock,,2026-09-14 18:42:40.257540
175,Seoudi Supermarket,Twinings Earl Grey Tea,Twinings,596.45,,EGP,Earl Grey Tea,Tea,Black Tea,,,,50,https://seoudisupermarket.com/en/twinings-earl-grey-tea-50-pieces,Out of Stock,,2026-09-14 18:42:40.257540
176,Seoudi Supermarket,Horse Head Cinnamon Tea,Horse Head,82.45,,EGP,Flavored Tea,Tea,Regular Tea,,,,20,https://seoudisupermarket.com/en/horse-head-cinnamon-tea-20-tea-bags,Out of Stock,,2026-09-14 18:42:40.258539
177,Seoudi Supermarket,Horse Head Green Tea Mint,Horse Head,78.75,,EGP,Green Tea,Tea,Green Tea,,,,20,https://seoudisupermarket.com/en/horse-head-green-tea-mint-20-tea-bags,Out of Stock,,2026-09-14 18:42:40.258539
178,Seoudi Supermarket,Horse Head Green Foil Tea Bags,Horse Head,82.45,,EGP,Other Tea,Tea,Regular Tea,,,,20,https://seoudisupermarket.com/en/horse-head-green-foil-tea-bags-20-pieces,Out of Stock,,2026-09-14 18:42:40.259539
179,Seoudi Supermarket,Horse Head Earl Grey Tea,Horse Head,82.45,,EGP,Earl Grey Tea,Tea,Black Tea,,,,20,https://seoudisupermarket.com/en/horse-head-earl-grey-tea-20-tea-bags,Out of Stock,,2026-09-14 18:42:40.259539
180,Seoudi Supermarket,Horse Head Ceylon Tea,Horse Head,184.25,,EGP,Ceylon Tea,Tea,Black Tea,,,,100,https://seoudisupermarket.com/en/horse-head-ceylon-tea-100-tea-bags,Out of Stock,,2026-09-14 18:42:40.260540
181,Seoudi Supermarket,Twinings Lemon & Ginger Tea,Twinings,329.25,,EGP,Flavored Tea,Tea,Regular Tea,,,,20,https://seoudisupermarket.com/en/twinings-lemon-and-ginger-tea-20-tea-bags,Out of Stock,,2026-09-14 18:42:40.260540
182,Seoudi Supermarket,Lipton Kharaz Tea -  - Discount%,Lipton,68.45,,EGP,Other Tea,Tea,Regular Tea,250.0,g,,,https://seoudisupermarket.com/en/lipton-kharaz-tea-250-g-discount,Out of Stock,,2026-09-14 18:42:40.261541
183,Seoudi Supermarket,Ahmad Tea Mint Green Tea Tagged Teabags,Ahmad Tea,64.95,,EGP,Green Tea,Tea,Green Tea,,,,25,https://seoudisupermarket.com/en/ahmad-tea-mint-green-tea-tagged-teabags-25-pieces,Out of Stock,,2026-09-14 18:42:40.261541
184,Seoudi Supermarket,Ahmad Tea Green Tea,Ahmad Tea,160.75,,EGP,Green Tea,Tea,Green Tea,,,,100,https://seoudisupermarket.com/en/ahmad-tea-green-tea-100-piece,Out of Stock,,2026-09-14 18:42:40.262543
185,Seoudi Supermarket,Lipton Harmony Green Tea Mint,Lipton,49.95,,EGP,Green Tea,Tea,Green Tea,,,,20,https://seoudisupermarket.com/en/lipton-harmony-green-tea-mint-20-pieces,Out of Stock,,2026-09-14 18:42:40.262543
186,Seoudi Supermarket,Isis Cinnamon & Apple,Isis,69.95,,EGP,Flavored Tea,Tea,Regular Tea,,,,20,https://seoudisupermarket.com/en/isis-cinnamon-apple-20-teabags,Out of Stock,,2026-09-14 18:42:40.263539
187,Seoudi Supermarket,Karak Tea Plain,Karak Tea,189.95,,EGP,Karak Tea,Tea,Karak Tea,,,,10,https://seoudisupermarket.com/en/karak-tea-plain-10-sachet,Out of Stock,,2026-09-14 18:42:40.263539
188,Seoudi Supermarket,Karak Tea with Zafran,Karak Tea,189.95,,EGP,Karak Tea,Tea,Karak Tea,,,,10,https://seoudisupermarket.com/en/karak-tea-with-zafran-10-sachet,Out of Stock,,2026-09-14 18:42:40.264538
189,Seoudi Supermarket,Karak Tea with Caradamom,Karak Tea,189.95,,EGP,Karak Tea,Tea,Karak Tea,,,,10,https://seoudisupermarket.com/en/karak-tea-with-caradamom-10-sachet,Out of Stock,,2026-09-14 18:42:40.264538
190,Seoudi Supermarket,Ahl Masr Loose Tea,Ahl Masr,19.95,,EGP,Black Tea,Tea,Loose Tea,100.0,g,,,https://seoudisupermarket.com/en/ahl-masr-loose-tea-100-g,Out of Stock,,2026-09-14 18:42:40.265539
191,Seoudi Supermarket,Ahmad Tea Assam Tea,Ahmad Tea,203.25,,EGP,Other Tea,Tea,Regular Tea,250.0,g,,,https://seoudisupermarket.com/en/ahmad-tea-assam-tea-250-g,Out of Stock,,2026-09-14 18:42:40.265539
192,Seoudi Supermarket,Taylors Green Tea,Taylors,205.75,,EGP,Green Tea,Tea,Green Tea,,,,20,https://seoudisupermarket.com/en/taylors-green-tea-20-pieces,Out of Stock,,2026-09-14 18:42:40.266540
193,Seoudi Supermarket,Ahmad Tea Pure Green Tea,Ahmad Tea,304.95,,EGP,Green Tea,Tea,Green Tea,,,,100,https://seoudisupermarket.com/en/ahmad-tea-pure-green-tea-100-pieces,Out of Stock,,2026-09-14 18:42:40.266540
194,Seoudi Supermarket,Ahmad Tea Cardamom Flavored Black Tea,Ahmad Tea,56.45,,EGP,Black Tea,Tea,Black Tea,,,,25,https://seoudisupermarket.com/en/ahmad-tea-cardamom-flavored-black-tea-25-pieces,Out of Stock,,2026-09-14 18:42:40.267539
195,Seoudi Supermarket,Ahmad Tea Mint Green Tea Foil Teabags,Ahmad Tea,84.75,,EGP,Green Tea,Tea,Green Tea,,,,20,https://seoudisupermarket.com/en/ahmad-tea-mint-green-tea-foil-teabags-20-pieces,Out of Stock,,2026-09-14 18:42:40.267539
196,Seoudi Supermarket,Ahmad Tea Pure Green Tea,Ahmad Tea,84.75,,EGP,Green Tea,Tea,Green Tea,,,,20,https://seoudisupermarket.com/en/%D8%A7%D8%AD%D9%85%D8%AF-%D8%B4%D8%A7%D9%89-%D8%A7%D8%AE%D8%B6%D8%B1-%D8%B7%D8%A8%D9%8A%D8%B9%D9%89-20%D8%B8%D8%B1%D9%81-054881008945,Out of Stock,,2026-09-14 18:42:40.268540
197,Seoudi Supermarket,Ahmad Tea Fruit Tea Selection Flavored Black Tea,Ahmad Tea,104.95,,EGP,Black Tea,Tea,Black Tea,,,,20,https://seoudisupermarket.com/en/ahmad-tea-fruit-tea-selection-flavored-black-tea-20-pieces,Out of Stock,,2026-09-14 18:42:40.269541
198,Seoudi Supermarket,Ahmad Tea Jasmine Green Tea,Ahmad Tea,84.75,,EGP,Green Tea,Tea,Green Tea,,,,20,https://seoudisupermarket.com/en/ahmad-tea-jasmine-green-tea-20-foil-teabags,Out of Stock,,2026-09-14 18:42:40.269541
199,Seoudi Supermarket,Ahmad Tea Lemon Vitality Flavored Green Tea with Fruit Piece,Ahmad Tea,84.75,,EGP,Green Tea,Tea,Green Tea,,,,20,https://seoudisupermarket.com/en/ahmad-tea-lemon-vitality-flavored-green-tea-with-fruit-piece-20-pieces,Out of Stock,,2026-09-14 18:42:40.270540
200,Seoudi Supermarket,Ahmad Tea Classic Tea Selection,Ahmad Tea,88.75,,EGP,Other Tea,Tea,Regular Tea,,,,20,https://seoudisupermarket.com/en/ahmad-tea-classic-tea-selection-20-pieces,Out of Stock,,2026-09-14 18:42:40.270540
201,Seoudi Supermarket,Ahmad Tea Green Tea,Ahmad Tea,54.45,,EGP,Green Tea,Tea,Green Tea,,,,25,https://seoudisupermarket.com/en/ahmad-tea-green-tea-25-pieces,Out of Stock,,2026-09-14 18:42:48.925642
202,Seoudi Supermarket,Ahmad Tea English Breakfast Kharaz Tea,Ahmad Tea,214.95,,EGP,English Breakfast Tea,Tea,Black Tea,250.0,g,,,https://seoudisupermarket.com/en/ahmad-tea-english-breakfast-kharaz-tea-250-g,Out of Stock,,2026-09-14 18:42:48.925642
203,Seoudi Supermarket,Ahmad Tea Earl Grey Tea Foil Teabags,Ahmad Tea,379.95,,EGP,Earl Grey Tea,Tea,Black Tea,,,,100,https://seoudisupermarket.com/en/ahmad-tea-earl-grey-tea-foil-teabags-100-pieces,Out of Stock,,2026-09-14 18:42:48.926642
204,Seoudi Supermarket,Ahmad Tea Jasmine Flavored Green Tea,Ahmad Tea,104.75,,EGP,Green Tea,Tea,Green Tea,100.0,g,,,https://seoudisupermarket.com/en/ahmad-tea-jasmine-flavored-green-tea-100-g,Out of Stock,,2026-09-14 18:42:48.926642
205,Seoudi Supermarket,Ahmad Tea Fruit Black Tea with Blackcurrant Burst,Ahmad Tea,94.75,,EGP,Black Tea,Tea,Black Tea,,,,20,https://seoudisupermarket.com/en/ahmad-tea-fruit-black-tea-with-blackcurrant-burst-20-piece,Out of Stock,,2026-09-14 18:42:48.927642
206,Seoudi Supermarket,Ahmad Tea Vanilla Flavored Black Tea,Ahmad Tea,94.75,,EGP,Black Tea,Tea,Black Tea,,,,20,https://seoudisupermarket.com/en/ahmad-tea-vanilla-flavored-black-tea-20-pieces,Out of Stock,,2026-09-14 18:42:48.928642
207,Seoudi Supermarket,Ahmad Tea London Blend Extra Strong Fine Tea,Ahmad Tea,90.25,,EGP,Other Tea,Tea,Regular Tea,200.0,g,,,https://seoudisupermarket.com/en/ahmad-tea-london-blend-extra-strong-fine-tea-200-g,Out of Stock,,2026-09-14 18:42:48.928642
208,Seoudi Supermarket,Ahmad Tea English Breakfast N.,Ahmad Tea,379.95,,EGP,English Breakfast Tea,Tea,Black Tea,,,,1,https://seoudisupermarket.com/en/ahmad-tea-english-breakfast-n-1-foil-teabags-100-pieces,Out of Stock,,2026-09-14 18:42:48.929643
209,Seoudi Supermarket,Ahmad Tea English Breakfast Foil Teabags,Ahmad Tea,359.95,,EGP,English Breakfast Tea,Tea,Black Tea,,,,100,https://seoudisupermarket.com/en/ahmad-tea-english-breakfast-foil-teabags-100-pieces,Out of Stock,,2026-09-14 18:42:48.929643
210,Seoudi Supermarket,Ahmad Tea Assorted Tea Box,Ahmad Tea,1436.25,,EGP,Other Tea,Tea,Regular Tea,,,,80,https://seoudisupermarket.com/en/ahmad-tea-assorted-tea-box-80-pieces,Out of Stock,,2026-09-14 18:42:48.930642
211,Seoudi Supermarket,Ahmad Tea Jasmine Green Tea,Ahmad Tea,64.95,,EGP,Green Tea,Tea,Green Tea,,,,25,https://seoudisupermarket.com/en/ahmad-tea-jasmine-green-tea-25-pieces,Out of Stock,,2026-09-14 18:42:48.931642
212,Seoudi Supermarket,Alattar Ginger & Cinnamon Flavored Green Tea,Alattar,86.45,,EGP,Green Tea,Tea,Green Tea,,,,20,https://seoudisupermarket.com/en/alattar-ginger-and-cinnamon-flavored-green-tea-20-pieces,Out of Stock,,2026-09-14 18:42:48.931642
213,Seoudi Supermarket,Alattar Mint Green Tea,Alattar,86.45,,EGP,Green Tea,Tea,Green Tea,,,,20,https://seoudisupermarket.com/en/alattar-mint-green-tea-20-pieces,Out of Stock,,2026-09-14 18:42:48.932638
214,Seoudi Supermarket,Isis Green Tea,Isis,19.95,,EGP,Green Tea,Tea,Green Tea,,,,12,https://seoudisupermarket.com/en/isis-green-tea-12-pieces,Out of Stock,,2026-09-14 18:42:48.932638
215,Seoudi Supermarket,Isis Green Tea,Isis,34.95,,EGP,Green Tea,Tea,Green Tea,,,,20,https://seoudisupermarket.com/en/isis-green-tea-20-pieces,Out of Stock,,2026-09-14 18:42:48.933652
216,Seoudi Supermarket,Isis Mint Green Tea,Isis,19.95,,EGP,Green Tea,Tea,Green Tea,,,,12,https://seoudisupermarket.com/en/isis-mint-green-tea-12-pieces,Out of Stock,,2026-09-14 18:42:48.934643
217,Seoudi Supermarket,Isis Mint Green Tea,Isis,34.95,,EGP,Green Tea,Tea,Green Tea,,,,20,https://seoudisupermarket.com/en/isis-mint-green-tea-20-pieces,Out of Stock,,2026-09-14 18:42:48.934643
218,Seoudi Supermarket,Tea Break Adan Tea with Ginger,Tea Break,13.75,,EGP,Flavored Tea,Tea,Regular Tea,,,,1,https://seoudisupermarket.com/en/tea-break-adan-tea-with-ginger-1-piece,Out of Stock,,2026-09-14 18:42:48.935643
219,Seoudi Supermarket,Twinings Green Tea Lemon & Honey,Twinings,354.45,,EGP,Green Tea,Tea,Green Tea,,,,25,https://seoudisupermarket.com/en/twinings-green-tea-lemon-and-honey-25-pieces,Out of Stock,,2026-09-14 18:42:48.936648
220,Seoudi Supermarket,Twinings English Breakfast Tea Extra Strong,Twinings,353.95,,EGP,English Breakfast Tea,Tea,Black Tea,,,,25,https://seoudisupermarket.com/en/twinings-english-breakfast-tea-extra-strong-25-pieces,Out of Stock,,2026-09-14 18:42:48.936648
221,Seoudi Supermarket,Dilmah Premium 100% Pure Ceylon Tea,Dilmah,189.95,,EGP,Ceylon Tea,Tea,Black Tea,,,,100,https://seoudisupermarket.com/en/dilmah-premium-100-pure-ceylon-tea-100-pieces,Out of Stock,,2026-09-14 18:42:48.937642
222,Seoudi Supermarket,Dilmah Mint Green Tea,Dilmah,89.75,,EGP,Green Tea,Tea,Green Tea,,,,20,https://seoudisupermarket.com/en/dilmah-mint-green-tea-20-pieces,Out of Stock,,2026-09-14 18:42:48.938640
223,Seoudi Supermarket,Dilmah Ceylon Black Tea,Dilmah,169.95,,EGP,Ceylon Tea,Tea,Black Tea,,,,100,https://seoudisupermarket.com/en/dilmah-ceylon-black-tea-100-pieces,Out of Stock,,2026-09-14 18:42:48.939639
224,Seoudi Supermarket,Dilmah Ceylon Tea,Dilmah,89.75,,EGP,Ceylon Tea,Tea,Black Tea,,,,50,https://seoudisupermarket.com/en/dilmah-ceylon-tea-50-pieces,Out of Stock,,2026-09-14 18:42:48.940654
225,Seoudi Supermarket,Dilmah Peach Flavored Ceylon Black Tea,Dilmah,75.75,,EGP,Ceylon Tea,Tea,Black Tea,,,,20,https://seoudisupermarket.com/en/dilmah-peach-flavored-ceylon-black-tea-20-pieces,Out of Stock,,2026-09-14 18:42:48.941638
226,Seoudi Supermarket,Dilmah Ginger & Honey Flavored Ceylon Black Tea,Dilmah,89.75,,EGP,Ceylon Tea,Tea,Black Tea,,,,20,https://seoudisupermarket.com/en/dilmah-ginger-and-honey-flavored-ceylon-black-tea-20-pieces,Out of Stock,,2026-09-14 18:42:48.941638
227,Seoudi Supermarket,Dilmah Strawberry Flavored Ceylon Black Tea,Dilmah,75.75,,EGP,Ceylon Tea,Tea,Black Tea,,,,20,https://seoudisupermarket.com/en/dilmah-strawberry-flavored-ceylon-black-tea-20-pieces,Out of Stock,,2026-09-14 18:42:48.942636
228,Seoudi Supermarket,Dilmah Mango & Strawberry Flavored Ceylon Black Tea,Dilmah,89.75,,EGP,Ceylon Tea,Tea,Black Tea,,,,20,https://seoudisupermarket.com/en/dilmah-mango-and-strawberry-flavored-ceylon-black-tea-20-pieces,Out of Stock,,2026-09-14 18:42:48.942636
229,Seoudi Supermarket,Dilmah Mint Flavored Ceylon Black Tea,Dilmah,75.75,,EGP,Ceylon Tea,Tea,Black Tea,,,,20,https://seoudisupermarket.com/en/dilmah-mint-flavored-ceylon-black-tea-20-pieces,Out of Stock,,2026-09-14 18:42:48.943636
230,Seoudi Supermarket,Royal Regime Tea Herbal Teabags,Royal,51.75,,EGP,Herbal Tea,Tea,Herbal Tea,,,,50,https://seoudisupermarket.com/en/royal-regime-tea-herbal-teabags-50-pieces,Out of Stock,,2026-09-14 18:42:48.943636
231,Seoudi Supermarket,Lipton Tea,Lipton,139.95,,EGP,Other Tea,Tea,Regular Tea,,,,100,https://seoudisupermarket.com/en/lipton-tea-100-pieces,Out of Stock,,2026-09-14 18:42:48.944639
232,Seoudi Supermarket,Lipton Pure Non - Bitter Green Tea,Lipton,31.95,,EGP,Green Tea,Tea,Green Tea,,,,25,https://seoudisupermarket.com/en/lipton-pure-nonbitter-green-tea-25-pieces-discount,Out of Stock,,2026-09-14 18:42:48.945637
233,Seoudi Supermarket,Lipton Pure Non - Bitter Green Tea,Lipton,39.95,,EGP,Green Tea,Tea,Green Tea,,,,25,https://seoudisupermarket.com/en/lipton-pure-non-bitter-green-tea-25-pieces,Out of Stock,,2026-09-14 18:42:48.945637
234,Seoudi Supermarket,Lipton Mint,Lipton,23.95,,EGP,Flavored Tea,Tea,Regular Tea,,,,20,https://seoudisupermarket.com/en/lipton-mint-20-sachet,Out of Stock,,2026-09-14 18:42:48.946637
235,Seoudi Supermarket,Lipton Anise,Lipton,23.95,,EGP,Other Tea,Tea,Regular Tea,,,,20,https://seoudisupermarket.com/en/lipton-anise-20-pieces,Out of Stock,,2026-09-14 18:42:48.946637
